Наименование,Описание,Рубрики,Адрес,Комментарий к адресу,Почтовый индекс,Микрорайон,Район,Город,Округ,Регион,Страна,Часы работы,Часовой пояс,Рейтинг,Количество отзывов,Телефон 1,Телефон 2,Телефон 3,E-mail 1,E-mail 2,E-mail 3,Веб-сайт 1,Веб-сайт 2,Веб-сайт 3,Instagram 1,Instagram 2,Instagram 3,Twitter 1,Twitter 2,Twitter 3,Facebook 1,Facebook 2,Facebook 3,ВКонтакте 1,ВКонтакте 2,ВКонтакте 3,WhatsApp 1,WhatsApp 2,WhatsApp 3,Viber 1,Viber 2,Viber 3,Telegram 1,Telegram 2,Telegram 3,YouTube 1,YouTube 2,YouTube 3,Skype 1,Skype 2,Skype 3,ID объекта,Широта,Долгота,ID здания,Название здания,ID этажа,Количество филиалов,ID сети,Название сети,Специализация сети,Главная рубрика,POI-категория,Кол-во рубрик,Кол-во атрибутов,Дата обновления,Удалён,ID сегмента,ID региона,2GIS URL,Тип,Ожидаемое кол-во (2GIS),Ссылка запроса
#Необходимый,продовольственный магазин,Продуктовые магазины,"улица 40 лет Победы, 27",1 этаж,143915,Балашиха-Парк м-н,,Балашиха,Балашиха городской округ,Московская область,Россия,Пн: 00:00-24:00; Вт: 00:00-24:00; Ср: 00:00-24:00; Чт: 00:00-24:00; Пт: 00:00-24:00; Сб: 00:00-24:00; Вс: 00:00-24:00,+03:00,,,,,,,,,,,,,,,,,,,,,,,,,,,,,,,,,,,,,,,70000001019454405,55.832129,37.976567,4504235282763623,,,1,70000001019454404,#Необходимый,продовольственный магазин,Продуктовые магазины,shop,1,4,2025-10-20T16:12:01Z,,0,32,https://2gis.com/firm/70000001019454405,branch,7906,https://2gis.ru/moscow/search/Продуктовые магазины/rubricId/373/filters/sort=name
#ПенноАтмосферно,,Продуктовые магазины; Разливное пиво; Алкогольные напитки,"Заозёрная улица, 22/2",,140101,,,,Раменский муниципальный округ,Московская область,Россия,Пн: 12:00-22:00; Вт: 12:00-22:00; Ср: 12:00-22:00; Чт: 12:00-22:00; Пт: 12:00-22:00; Сб: 11:00-22:00; Вс: 11:00-22:00 (Время продажи алкоголя ограничено.),+03:00,,,89296336646,,,,,,,,,,,,,,,,,,,,,https://wa.me/79166255683,,,,,,,,,,,,,,,70000001048777508,55.572045,38.292707,70030076263729680,,,1,70000001048777507,#ПенноАтмосферно,,Продуктовые магазины,shop,3,2,2025-05-13T11:30:03Z,,0,32,https://2gis.com/firm/70000001048777508,branch,7906,https://2gis.ru/moscow/search/Продуктовые магазины/rubricId/373/filters/sort=name
1 Социальный,продуктовый магазин,Продуктовые магазины,,21-4 павильон,143007,Центральный м-н,,Одинцово,Одинцовский городской округ,Московская область,Россия,Пн: 09:00-20:00; Вт: 09:00-20:00; Ср: 09:00-20:00; Чт: 09:00-20:00; Пт: 09:00-20:00; Сб: 09:00-20:00; Вс: 09:00-20:00,+03:00,,,,,,,,,,,,,,,,,,,,,,,,,,,,,,,,,,,,,,,70000001052578939,55.673125,37.278533,4504235305204359,,,1,70000001052578938,1 Социальный,продуктовый магазин,Продуктовые магазины,shop,1,3,2026-04-16T11:03:11Z,,0,32,https://2gis.com/firm/70000001052578939,branch,7906,https://2gis.ru/moscow/search/Продуктовые магазины/rubricId/373/filters/sort=name
100% Italiano,магазин продуктов из Италии,Продуктовые магазины; Доставка продуктов,"улица Панфилова, 13а ст1",75-76 павильон; 1 этаж,124575,,Силино,Зеленоград,,Москва,Россия,Вт: 10:00-19:00; Ср: 10:00-19:00; Чт: 10:00-19:00; Пт: 10:00-19:00; Сб: 10:00-19:00; Вс: 10:00-17:00,+03:00,,,89067595555,,,,,,,,,,,,,,,,,,https://vk.com/zel100italiano,,,https://wa.me/79067595555,,,,,,https://t.me/+79067595555,,,,,,,,,70000001054296896,55.982187,37.172958,70030076150102326,ТЦ Авангард,,1,70000001054296895,100% Italiano,магазин продуктов из Италии,Продуктовые магазины,shop,2,6,2026-07-08T11:12:39Z,,0,32,https://2gis.com/firm/70000001054296896,branch,7906,https://2gis.ru/moscow/search/Продуктовые магазины/rubricId/373/filters/sort=name
2 шага,магазин продуктов,Продуктовые магазины,"улица Симоновский Вал, 15",1 этаж,115088,,Южнопортовый,Москва,,Москва,Россия,Пн: 00:00-24:00; Вт: 00:00-24:00; Ср: 00:00-24:00; Чт: 00:00-24:00; Пт: 00:00-24:00; Сб: 00:00-24:00; Вс: 00:00-24:00,+03:00,3.5,4,89671772312,,,,,,,,,,,,,,,,,,,,,,,,,,,,,,,,,,,,4504128908428504,55.72232,37.664408,4504235282628217,,,1,4504137598333834,2 шага,магазин продуктов,Продуктовые магазины,shop,1,5,2026-07-03T13:54:33Z,,0,32,https://2gis.com/firm/4504128908428504,branch,7906,https://2gis.ru/moscow/search/Продуктовые магазины/rubricId/373/filters/sort=name
2 шага,минимаркет,Продуктовые магазины,"Юбилейная улица, 16",1 этаж,141021,16-й м-н,,Мытищи,Мытищи городской округ,Московская область,Россия,Пн: 07:00-24:00; Вт: 07:00-24:00; Ср: 07:00-24:00; Чт: 07:00-24:00; Пт: 07:00-24:00; Сб: 07:00-24:00; Вс: 07:00-24:00,+03:00,5.0,5,,,,,,,,,,,,,,,,,,,,,,,,,,,,,,,,,,,,,70000001019520506,55.913713,37.712807,4504235283115342,,,1,70000001019520505,2 шага,минимаркет,Продуктовые магазины,shop,1,6,2026-03-24T08:29:58Z,,0,32,https://2gis.com/firm/70000001019520506,branch,7906,https://2gis.ru/moscow/search/Продуктовые магазины/rubricId/373/filters/sort=name
4 друга,гастроном,Продуктовые магазины,"улица Пржевальского, 5",1 этаж,119361,Очаково м-н,Очаково-Матвеевское,Москва,,Москва,Россия,Пн: 08:00-21:00; Вт: 08:00-21:00; Ср: 08:00-21:00; Чт: 08:00-21:00; Пт: 08:00-21:00; Сб: 08:00-21:00; Вс: 08:00-20:00,+03:00,1.2,2,,,,,,,,,,,,,,,,,,,,,,,,,,,,,,,,,,,,,70000001029713949,55.681792,37.453716,4504235282590915,,,1,70000001029713948,4 друга,гастроном,Продуктовые магазины,shop,1,4,2025-11-24T16:39:45Z,,0,32,https://2gis.com/firm/70000001029713949,branch,7906,https://2gis.ru/moscow/search/Продуктовые магазины/rubricId/373/filters/sort=name
50/50,магазин,Продуктовые магазины,"Перхушково село, 4Б",,143081,,,,Одинцовский городской округ,Московская область,Россия,Пн: 09:00-22:00; Вт: 09:00-22:00; Ср: 09:00-22:00; Чт: 09:00-22:00; Пт: 09:00-23:00; Сб: 09:00-23:00; Вс: 09:00-23:00,+03:00,,,,,,,,,,,,,,,,,,,,,,,,,,,,,,,,,,,,,,,70000001103020845,55.655422,37.153161,4504235282881179,,,1,70000001103020844,50/50,магазин,Продуктовые магазины,shop,1,4,2025-07-17T15:26:49Z,,0,32,https://2gis.com/firm/70000001103020845,branch,7906,https://2gis.ru/moscow/search/Продуктовые магазины/rubricId/373/filters/sort=name
6x9,магазин продуктов,Продуктовые магазины,"Суханово деревня, 7в",,142152,Суханово Вилладж коттеджный пос.,,,Ленинский городской округ,Московская область,Россия,Пн: 09:00-21:00; Вт: 09:00-21:00; Ср: 09:00-21:00; Чт: 09:00-21:00; Пт: 09:00-21:00; Сб: 09:00-21:00; Вс: 09:00-21:00,+03:00,,,,,,,,,,,,,,,,,,,,,,,,,,,,,,,,,,,,,,,70000001032222603,55.518195,37.656181,4504235282901478,,,1,70000001032222602,6x9,магазин продуктов,Продуктовые магазины,shop,1,2,2024-11-27T17:31:54Z,,0,32,https://2gis.com/firm/70000001032222603,branch,7906,https://2gis.ru/moscow/search/Продуктовые магазины/rubricId/373/filters/sort=name
7-eleven,,Продуктовые магазины,"Международное шоссе, ст1е",,141425,,,Химки,Химки городской округ,Московская область,Россия,Пн: 00:00-24:00; Вт: 00:00-24:00; Ср: 00:00-24:00; Чт: 00:00-24:00; Пт: 00:00-24:00; Сб: 00:00-24:00; Вс: 00:00-24:00,+03:00,,,,,,,,,,,,,,,,,,,,,,,,,,,,,,,,,,,,,,,70000001113015595,55.964907,37.414569,4504235282879500,,,2,70000001113015594,7-eleven,,Продуктовые магазины,shop,1,0,2026-03-31T13:46:13Z,,0,32,https://2gis.com/firm/70000001113015595,branch,7906,https://2gis.ru/moscow/search/Продуктовые магазины/rubricId/373/filters/sort=name
777,минимаркет,Продуктовые магазины,"проспект Гагарина, 26 к2",1 этаж,140010,Красная горка м-н,,Люберцы,Люберцы городской округ,Московская область,Россия,Пн: 09:00-23:00; Вт: 09:00-23:00; Ср: 09:00-23:00; Чт: 09:00-23:00; Пт: 09:00-23:00; Сб: 09:00-23:00; Вс: 09:00-23:00,+03:00,1.5,8,89266095422,,,,,,,,,,,,,,,,,,,,,,,,,,,,,,,,,,,,4504128908586501,55.690908,37.918628,4504235282796829,,,2,4504137598433874,777,минимаркет,Продуктовые магазины,shop,1,6,2026-04-30T14:51:50Z,,0,32,https://2gis.com/firm/4504128908586501,branch,7906,https://2gis.ru/moscow/search/Продуктовые магазины/rubricId/373/filters/sort=name
777,продуктовый магазин,Продуктовые магазины,"Ташкентская улица, 15/22",,109444,,Выхино-Жулебино,Москва,,Москва,Россия,Пн: 08:00-23:00; Вт: 08:00-23:00; Ср: 08:00-23:00; Чт: 08:00-23:00; Пт: 08:00-23:00; Сб: 08:00-23:00; Вс: 09:00-22:00,+03:00,3.2,1,,,,,,,,,,,,,,,,,,,,,,,,,,,,,,,,,,,,,4504127915272266,55.704534,37.819046,4504235282593943,,,1,4504136499225787,777,продуктовый магазин,Продуктовые магазины,shop,1,4,2025-11-18T11:49:52Z,,0,32,https://2gis.com/firm/4504127915272266,branch,7906,https://2gis.ru/moscow/search/Продуктовые магазины/rubricId/373/filters/sort=name
Adoika aje afro,магазин,Продуктовые магазины,"улица имени народного артиста СССР Святослава Рихтера, 6",цокольный этаж,142702,Видный город жилой комплекс,,Видное,Ленинский городской округ,Московская область,Россия,,+03:00,,,89958870618,,,,,,,,,,,,,,,,,,,,,,,,,,,https://t.me/adoikaajeafromagazine,,,,,,,,,70000001115300600,55.538642,37.64384,70030076150267567,,,1,70000001115300599,Adoika aje afro,магазин,Продуктовые магазины,shop,1,0,2026-06-19T10:29:06Z,,0,32,https://2gis.com/firm/70000001115300600,branch,7906,https://2gis.ru/moscow/search/Продуктовые магазины/rubricId/373/filters/sort=name
All Ready,магазин готовой еды,Продуктовые магазины,"Андропова проспект, вл10",13 этаж,115432,,Даниловский,Москва,,Москва,Россия,Пн: 00:00-24:00; Вт: 00:00-24:00; Ср: 00:00-24:00; Чт: 00:00-24:00; Пт: 00:00-24:00; Сб: 00:00-24:00; Вс: 00:00-24:00,+03:00,,,,,,,,,,,,,,,,,,,,,,,,,,,,,,,,,,,,,,,70000001105811960,55.694374,37.665829,70030076168650936,,,1,70000001105811959,All Ready,магазин готовой еды,Продуктовые магазины,shop,1,5,2026-02-26T15:45:25Z,,0,32,https://2gis.com/firm/70000001105811960,branch,7906,https://2gis.ru/moscow/search/Продуктовые магазины/rubricId/373/filters/sort=name
Amelia gourmet,интернет-магазин,Продуктовые магазины,"улица Кржижановского, 17 к1",2 этаж; вход со двора,117218,,Академический,Москва,,Москва,Россия,Пн: 09:00-21:00; Вт: 09:00-21:00; Ср: 09:00-21:00; Чт: 09:00-21:00; Пт: 09:00-21:00; Сб: 09:00-21:00; Вс: 09:00-21:00,+03:00,5.0,115,89150213305,84951059480,,,,,http://amelia.com.ru,,,,,,,,,,,,https://vk.com/ameliagourmet,,,https://wa.me/79150213305,,,,,,https://t.me/ameliagourmet,,,https://youtube.com/channel/UCkCgxSJBkYclq_VSxse37oQ,,,,,,70000001050289832,55.679242,37.573829,4504235282571096,,,2,70000001050289831,Amelia gourmet,интернет-магазин,Продуктовые магазины,shop,1,5,2026-04-24T15:14:07Z,,0,32,https://2gis.com/firm/70000001050289832,branch,7906,https://2gis.ru/moscow/search/Продуктовые магазины/rubricId/373/filters/sort=name
Asia shop,магазин,Продуктовые магазины,"Голубинская улица, 16",2 этаж,117463,,Ясенево,Москва,,Москва,Россия,Пн: 10:00-21:00; Вт: 10:00-21:00; Ср: 10:00-21:00; Чт: 10:00-21:00; Пт: 10:00-21:00; Сб: 10:00-21:00; Вс: 10:00-21:00,+03:00,1.0,1,89680495215,89688583950,,,,,,,,,,,,,,,,,https://vk.com/asia_shop_msk,,,,,,,,,,,,,,,,,,70000001096858757,55.598211,37.527202,4504235282564208,МФК Мореон,,1,70000001096858756,Asia shop,магазин,Продуктовые магазины,shop,1,3,2026-04-09T03:00:00Z,,0,32,https://2gis.com/firm/70000001096858757,branch,7906,https://2gis.ru/moscow/search/Продуктовые магазины/rubricId/373/filters/sort=name
Ast.wine,винотека,Продуктовые магазины; Алкогольные напитки,"Комсомольский проспект, 44",1 этаж,119048,,Хамовники,Москва,,Москва,Россия,Пн: 10:00-22:00; Вт: 10:00-22:00; Ср: 10:00-22:00; Чт: 10:00-22:00; Пт: 10:00-22:00; Сб: 10:00-22:00; Вс: 10:00-22:00 (Время продажи алкоголя ограничено.),+03:00,4.8,9,84951977337,,,,,,http://ast.wine/,,,,,,,,,,,,https://vk.com/astwine,,,,,,,,,https://t.me/astwinecare_bot,https://t.me/astwineshop,,,,,,,,70000001017392919,55.72078,37.572629,4504235282736899,,,7,70000001017392918,Ast.wine,винотека,Алкогольные напитки,shop,2,4,2026-07-06T12:10:25Z,,0,32,https://2gis.com/firm/70000001017392919,branch,7906,https://2gis.ru/moscow/search/Продуктовые магазины/rubricId/373/filters/sort=name
Bon Voyage,маркет еды,Продуктовые магазины,"Домодедово аэропорт, 1",1 этаж,142015,,,,Домодедово городской округ,Московская область,Россия,Пн: 00:00-24:00; Вт: 00:00-24:00; Ср: 00:00-24:00; Чт: 00:00-24:00; Пт: 00:00-24:00; Сб: 00:00-24:00; Вс: 00:00-24:00,+03:00,3.2,7,,,,,,,,,,,,,,,,,,,,,,,,,,,,,,,,,,,,,70000001048358765,55.412605,37.899916,4504235282863517,Домодедово,4504694852735954,1,70000001048358764,Bon Voyage,маркет еды,Продуктовые магазины,shop,1,4,2026-03-26T16:51:53Z,,0,32,https://2gis.com/firm/70000001048358765,branch,7906,https://2gis.ru/moscow/search/Продуктовые магазины/rubricId/373/filters/sort=name
Bon Voyage,продуктовая лавка,Продуктовые магазины,"Домодедово аэропорт, 1",-1 этаж,142015,,,,Домодедово городской округ,Московская область,Россия,Пн: 00:00-24:00; Вт: 00:00-24:00; Ср: 00:00-24:00; Чт: 00:00-24:00; Пт: 00:00-24:00; Сб: 00:00-24:00; Вс: 00:00-24:00,+03:00,1.0,2,,,,,,,,,,,,,,,,,,,,,,,,,,,,,,,,,,,,,70000001030442680,55.412283,37.90023,4504235282863517,Домодедово,4504694852735509,1,70000001030400896,Bon Voyage,продуктовая лавка,Продуктовые магазины,shop,1,2,2026-03-26T16:57:45Z,,0,32,https://2gis.com/firm/70000001030442680,branch,7906,https://2gis.ru/moscow/search/Продуктовые магазины/rubricId/373/filters/sort=name
Business kiosk,минимаркет,Продуктовые магазины,"1-й Магистральный тупик, 5а",1 этаж,123290,,Хорошёвский,Москва,,Москва,Россия,Пн: 07:30-19:30; Вт: 07:30-19:30; Ср: 07:30-19:30; Чт: 07:30-19:30; Пт: 07:30-19:30,+03:00,4.2,3,89055800414,,,,,,,,,,,,,,,,,,,,,,,,,,,,,,,,,,,,70000001058951483,55.766371,37.532351,4504235282793697,БЦ Магистраль Плаза,,3,4504137598689041,Business kiosk,минимаркет,Продуктовые магазины,shop,1,4,2025-08-25T07:48:46Z,,0,32,https://2gis.com/firm/70000001058951483,branch,7906,https://2gis.ru/moscow/search/Продуктовые магазины/rubricId/373/filters/sort=name
Cezoni,магазин итальянских продуктов,Продуктовые магазины,"Часовая улица, 11/3",138-140 павильон; 1 этаж,125315,,Аэропорт,Москва,,Москва,Россия,Пн: 10:00-20:00; Вт: 10:00-20:00; Ср: 10:00-20:00; Чт: 10:00-20:00; Пт: 10:00-20:00; Сб: 10:00-20:00; Вс: 10:00-20:00,+03:00,,,84951501145 (единый номер),,,,,,http://cezoni.com,,,,,,,,,,,,,,,,,,,,,https://t.me/cezonimarket,,,,,,,,,70000001045789861,55.808399,37.52978,4504235282639844,,,2,70000001023196780,Cezoni,магазин итальянских продуктов,Продуктовые магазины,shop,1,6,2026-06-18T10:38:07Z,,0,32,https://2gis.com/firm/70000001045789861,branch,7906,https://2gis.ru/moscow/search/Продуктовые магазины/rubricId/373/filters/sort=name
City,продуктовый магазин,Продуктовые магазины,"улица Ермакова Роща, 1 ст1",6 этаж,123290,,Пресненский,Москва,,Москва,Россия,Пн: 08:00-20:00; Вт: 08:00-20:00; Ср: 08:00-20:00; Чт: 08:00-20:00; Пт: 08:00-20:00,+03:00,,,,,,,,,,,,,,,,,,,,,,,,,,,,,,,,,,,,,,,70000001115280941,55.754354,37.530262,70030076215935187,,,1,70000001115280940,City,продуктовый магазин,Продуктовые магазины,shop,1,0,2026-06-26T14:44:15Z,,0,32,https://2gis.com/firm/70000001115280941,branch,7906,https://2gis.ru/moscow/search/Продуктовые магазины/rubricId/373/filters/sort=name
City market,,Продуктовые магазины,"Варшавское шоссе, 1 ст1-2",1 этаж,117105,,Донской,Москва,,Москва,Россия,Пн: 07:30-19:30; Вт: 07:30-19:30; Ср: 07:30-19:30; Чт: 07:30-19:30; Пт: 07:30-19:30,+03:00,,,,,,,,,,,,,,,,,,,,,,,,,,,,,,,,,,,,,,,70000001113062650,55.704048,37.625481,4504235282708236,БЦ W-Plaza,,1,70000001113062649,City market,,Продуктовые магазины,shop,1,1,2026-03-31T08:53:59Z,,0,32,https://2gis.com/firm/70000001113062650,branch,7906,https://2gis.ru/moscow/search/Продуктовые магазины/rubricId/373/filters/sort=name
Da Lorenzo,лавка итальянских продуктов,Продуктовые магазины,"Профсоюзная улица, 126 к3",,117321,,Тёплый Стан,Москва,,Москва,Россия,Пн: 09:30-22:00; Вт: 09:30-22:00; Ср: 09:30-22:00; Чт: 09:30-22:00; Пт: 09:30-22:00; Сб: 09:30-22:00; Вс: 09:30-22:00,+03:00,4.8,14,89160161644,89859191985,,,,,,,,,,,,,,,,,,,,https://wa.me/79160161644,https://wa.me/79859191985,,,,,,,,,,,,,,70000001007265820,55.630097,37.516812,4504235282571677,,70030076457108593,1,70000001007265821,Da Lorenzo,лавка итальянских продуктов,Продуктовые магазины,shop,1,4,2026-04-10T16:37:25Z,,0,32,https://2gis.com/firm/70000001007265820,branch,7906,https://2gis.ru/moscow/search/Продуктовые магазины/rubricId/373/filters/sort=name
Da Lorenzo,лавка итальянских продуктов,Продуктовые магазины,"Профсоюзная улица, 126 к3",,117321,,Тёплый Стан,Москва,,Москва,Россия,Пн: 09:30-22:00; Вт: 09:30-22:00; Ср: 09:30-22:00; Чт: 09:30-22:00; Пт: 09:30-22:00; Сб: 09:30-22:00; Вс: 09:30-22:00,+03:00,4.8,14,89160161644,89859191985,,,,,,,,,,,,,,,,,,,,https://wa.me/79160161644,https://wa.me/79859191985,,,,,,,,,,,,,,70000001007265820,55.630097,37.516812,4504235282571677,,70030076457108593,1,70000001007265821,Da Lorenzo,лавка итальянских продуктов,Продуктовые магазины,shop,1,4,2026-04-10T16:37:25Z,,0,32,https://2gis.com/firm/70000001007265820,branch,7906,https://2gis.ru/moscow/search/Продуктовые магазины/rubricId/373/filters/sort=name
Drive,кафе,Продуктовые магазины,"МКАД 43 километр, 1а",,108820,,Коммунарка,Москва,,Москва,Россия,Пн: 00:00-24:00; Вт: 00:00-24:00; Ср: 00:00-24:00; Чт: 00:00-24:00; Пт: 00:00-24:00; Сб: 00:00-24:00; Вс: 00:00-24:00,+03:00,,,88007005151 (центр поддержки клиентов ),,,,,,,,,,,,,,,,,,,,,,,,,,,,,,,,,,,,70000001093338508,55.63181,37.466567,4504235282808771,,,1,70000001093338507,Drive,кафе,Продуктовые магазины,shop,1,5,2025-07-17T14:31:52Z,,0,32,https://2gis.com/firm/70000001093338508,branch,7906,https://2gis.ru/moscow/search/Продуктовые магазины/rubricId/373/filters/sort=name
Eco еда,магазин,Продуктовые магазины,"посёлок подсобного хозяйства Воскресенское, 40 к2",,108803,,Коммунарка,,,Москва,Россия,Пн: 08:00-23:00; Вт: 08:00-23:00; Ср: 08:00-23:00; Чт: 08:00-23:00; Пт: 08:00-23:00; Сб: 08:00-23:00; Вс: 08:00-23:00,+03:00,1.7,3,,,,,,,,,,,,,,,,,,,,,,,,,,,,,,,,,,,,,70000001037688267,55.53316,37.449266,4504235283119138,,,1,70000001037688266,Eco еда,магазин,Продуктовые магазины,shop,1,4,2025-11-20T11:52:00Z,,0,32,https://2gis.com/firm/70000001037688267,branch,7906,https://2gis.ru/moscow/search/Продуктовые магазины/rubricId/373/filters/sort=name
Eco маркет,магазин продуктов,Продуктовые магазины,"Полевая улица, 17",,142152,,,,Подольск городской округ,Московская область,Россия,Пн: 08:00-21:00; Вт: 08:00-21:00; Ср: 08:00-21:00; Чт: 08:00-21:00; Пт: 08:00-21:00; Сб: 08:00-21:00; Вс: 08:00-21:00,+03:00,,,,,,,,,,,,,,,,,,,,,,,,,,,,,,,,,,,,,,,70000001090037653,55.510147,37.688072,4504235282850889,,,1,70000001090037652,Eco маркет,магазин продуктов,Продуктовые магазины,shop,1,7,2026-01-26T16:34:30Z,,0,32,https://2gis.com/firm/70000001090037653,branch,7906,https://2gis.ru/moscow/search/Продуктовые магазины/rubricId/373/filters/sort=name
Eda,гастромаркет,Продуктовые магазины,"Гвардейская улица, 17 к1",1 этаж,121471,,Можайский,Москва,,Москва,Россия,Пн: 09:00-21:00; Вт: 09:00-21:00; Ср: 09:00-21:00; Чт: 09:00-21:00; Пт: 09:00-21:00; Сб: 09:00-21:00; Вс: 09:00-21:00,+03:00,,,,,,,,,,,,,,,,,,,,,,,,,,,,,,,,,,,,,,,70000001080010378,55.725496,37.423602,4504235282619228,,,1,70000001068011805,Eda,гастромаркет,Продуктовые магазины,shop,1,7,2026-04-04T14:14:21Z,,0,32,https://2gis.com/firm/70000001080010378,branch,7906,https://2gis.ru/moscow/search/Продуктовые магазины/rubricId/373/filters/sort=name
Eko sunduk,магазин натуральных продуктов из Кыргызстана,Продуктовые магазины,"Люблинская улица, 4 к1а",8 павильон; 2 этаж,109125,,Текстильщики,Москва,,Москва,Россия,Пн: 10:00-21:00; Вт: 10:00-21:00; Ср: 10:00-21:00; Чт: 10:00-21:00; Пт: 10:00-21:00; Сб: 10:00-21:00; Вс: 10:00-21:00,+03:00,1.3,3,89663230606,,,,,,http://ecosunduk.taplink.ws,,,,,,,,,,,,,,,,,,,,,,,,,,,,,,70000001063166543,55.708313,37.731063,4504235283007415,ТЦ Мост,70030076645442178,1,70000001061530762,Eko sunduk,магазин натуральных продуктов из Кыргызстана,Продуктовые магазины,shop,1,7,2026-02-02T09:55:17Z,,0,32,https://2gis.com/firm/70000001063166543,branch,7906,https://2gis.ru/moscow/search/Продуктовые магазины/rubricId/373/filters/sort=name
Evo,,Продуктовые магазины,,,141054,,,,Мытищи городской округ,Московская область,Россия,Пн: 09:00-21:00; Вт: 09:00-21:00; Ср: 09:00-21:00; Чт: 09:00-21:00; Пт: 09:00-22:00; Сб: 09:00-22:00; Вс: 09:00-21:00,+03:00,,,,,,,,,,,,,,,,,,,,,,,,,,,,,,,,,,,,,,,70000001111271846,56.133512,37.600802,70030077136870943,,,1,70000001111271845,Evo,,Продуктовые магазины,shop,1,0,2026-02-19T06:36:18Z,,0,32,https://2gis.com/firm/70000001111271846,branch,7906,https://2gis.ru/moscow/search/Продуктовые магазины/rubricId/373/filters/sort=name
Farmers Market,,Продуктовые магазины,"Полевая улица, 12Б",,143422,,,,Красногорск городской округ,Московская область,Россия,Пн: 10:00-22:00; Вт: 10:00-22:00; Ср: 10:00-22:00; Чт: 10:00-22:00; Пт: 10:00-22:00; Сб: 10:00-22:00; Вс: 10:00-22:00,+03:00,,,,,,,,,,,,,,,,,,,,,,,,,,,,,,,,,,,,,,,70000001035280147,55.74578,37.119551,70030076172368507,,,2,70000001035280146,Farmers Market,,Продуктовые магазины,shop,1,2,2021-11-18T12:24:34Z,,0,32,https://2gis.com/firm/70000001035280147,branch,7906,https://2gis.ru/moscow/search/Продуктовые магазины/rubricId/373/filters/sort=name
Fix Price,магазин низких цен,Продуктовые магазины; Домашний текстиль; Магазины подарочных сертификатов; Бытовая химия; Сувенирные композиции; Посуда; Сувениры; Хозтовары,"улица 43-й Армии, 22",,142121,Кузнечики м-н,,Подольск,Подольск городской округ,Московская область,Россия,Пн: 10:00-22:00; Вт: 10:00-22:00; Ср: 10:00-22:00; Чт: 10:00-22:00; Пт: 10:00-22:00; Сб: 10:00-22:00; Вс: 10:00-22:00,+03:00,3.3,3,88007752300 (горячая линия),84990093515,,,,,http://fix-price.com,http://rutube.ru/channel/24640051/,http://dzen.ru/fixprice_russia,,,,,,,,,,https://vk.com/fix_price,,,,,,,,,https://t.me/fixprice_russia,,,https://youtube.com/user/fixprice36,,,,,,70000001114511425,55.418743,37.493833,70030076411204814,,,883,70000001062947644,Fix Price,магазин низких цен,Продуктовые магазины,common_store,8,3,2026-06-28T04:22:43Z,,0,32,https://2gis.com/firm/70000001114511425,branch,7906,https://2gis.ru/moscow/search/Продуктовые магазины/rubricId/373/filters/sort=name
Fix Price,магазин низких цен,Продуктовые магазины; Домашний текстиль; Посуда; Хозтовары,"Олонецкая улица, 4а",2 этаж,127273,,Останкинский,Москва,,Москва,Россия,Пн: 09:00-21:00; Вт: 09:00-21:00; Ср: 09:00-21:00; Чт: 09:00-21:00; Пт: 09:00-21:00; Сб: 09:00-21:00; Вс: 09:00-21:00,+03:00,,,88007752300 (горячая линия),84990093515,,,,,http://fix-price.com,http://rutube.ru/channel/24640051/,http://dzen.ru/fixprice_russia,,,,,,,,,,https://vk.com/fix_price,,,,,,,,,https://t.me/fixprice_russia,,,https://youtube.com/user/fixprice36,,,,,,70000001109752987,55.854083,37.620254,70030076831109787,,,883,70000001062947644,Fix Price,магазин низких цен,Продуктовые магазины,common_store,4,6,2026-06-28T04:22:24Z,,0,32,https://2gis.com/firm/70000001109752987,branch,7906,https://2gis.ru/moscow/search/Продуктовые магазины/rubricId/373/filters/sort=name
Food Shoper,интернет-магазин,Продуктовые магазины; Доставка продуктов,"улица Строителей, 4 ст2",,119311,,Гагаринский,Москва,,Москва,Россия,Пн: 16:00-21:00; Вт: 16:00-21:00; Ср: 16:00-21:00; Чт: 16:00-21:00; Пт: 16:00-21:00,+03:00,,,89252488801,89257770967,,,,,http://foodshoper.ru,,,,,,,,,,,,https://vk.com/foodshoper,,,https://wa.me/79252488801,https://wa.me/79257770967,,,,,,,,https://youtube.com/channel/UCYesd80J7NaBdzNWx1eQrfQ,,,,,,70000001080786840,55.686847,37.536078,4504235282985871,,,1,70000001080786839,Food Shoper,интернет-магазин,Продуктовые магазины,shop,2,7,2026-04-09T03:00:00Z,,0,32,https://2gis.com/firm/70000001080786840,branch,7906,https://2gis.ru/moscow/search/Продуктовые магазины/rubricId/373/filters/sort=name
Foodport market,магазин,Продуктовые магазины,"улица Маяковского, 4",1 этаж,141090,Юбилейный м-н,,Королёв,Королёв городской округ,Московская область,Россия,Пн: 10:00-22:00; Вт: 10:00-22:00; Ср: 10:00-22:00; Чт: 10:00-22:00; Пт: 10:00-22:00; Сб: 10:00-22:00; Вс: 10:00-22:00,+03:00,,,89150029222,,,,,,,,,,,,,,,,,,,,,https://wa.me/79150029222,,,,,,,,,,,,,,,70000001041272607,55.929383,37.846312,4504235283031142,,,1,70000001041272606,Foodport market,магазин,Продуктовые магазины,shop,1,5,2026-07-08T13:11:23Z,,0,32,https://2gis.com/firm/70000001041272607,branch,7906,https://2gis.ru/moscow/search/Продуктовые магазины/rubricId/373/filters/sort=name
Food,продовольственный магазин,Продуктовые магазины,"Комсомольская улица, 41/1",,142400,Центральный м-н,,Ногинск,Богородский городской округ,Московская область,Россия,Пн: 06:00-21:00; Вт: 06:00-21:00; Ср: 06:00-21:00; Чт: 06:00-21:00; Пт: 06:00-21:00; Сб: 06:00-21:00; Вс: 06:00-21:00,+03:00,,,,,,,,,,,,,,,,,,,,,,,,,,,,,,,,,,,,,,,70000001039950473,55.850896,38.442866,4504235283321404,,,1,70000001039950472,Food,продовольственный магазин,Продуктовые магазины,shop,1,7,2026-01-21T09:02:05Z,,0,32,https://2gis.com/firm/70000001039950473,branch,7906,https://2gis.ru/moscow/search/Продуктовые магазины/rubricId/373/filters/sort=name
Food Shoper,интернет-магазин,Продуктовые магазины; Доставка продуктов,"улица Строителей, 4 ст2",,119311,,Гагаринский,Москва,,Москва,Россия,Пн: 16:00-21:00; Вт: 16:00-21:00; Ср: 16:00-21:00; Чт: 16:00-21:00; Пт: 16:00-21:00,+03:00,,,89252488801,89257770967,,,,,http://foodshoper.ru,,,,,,,,,,,,https://vk.com/foodshoper,,,https://wa.me/79252488801,https://wa.me/79257770967,,,,,,,,https://youtube.com/channel/UCYesd80J7NaBdzNWx1eQrfQ,,,,,,70000001080786840,55.686847,37.536078,4504235282985871,,,1,70000001080786839,Food Shoper,интернет-магазин,Продуктовые магазины,shop,2,7,2026-04-09T03:00:00Z,,0,32,https://2gis.com/firm/70000001080786840,branch,7906,https://2gis.ru/moscow/search/Продуктовые магазины/rubricId/373/filters/sort=name
Foodport market,магазин,Продуктовые магазины,"улица Маяковского, 4",1 этаж,141090,Юбилейный м-н,,Королёв,Королёв городской округ,Московская область,Россия,Пн: 10:00-22:00; Вт: 10:00-22:00; Ср: 10:00-22:00; Чт: 10:00-22:00; Пт: 10:00-22:00; Сб: 10:00-22:00; Вс: 10:00-22:00,+03:00,,,89150029222,,,,,,,,,,,,,,,,,,,,,https://wa.me/79150029222,,,,,,,,,,,,,,,70000001041272607,55.929383,37.846312,4504235283031142,,,1,70000001041272606,Foodport market,магазин,Продуктовые магазины,shop,1,5,2026-07-08T13:11:23Z,,0,32,https://2gis.com/firm/70000001041272607,branch,7906,https://2gis.ru/moscow/search/Продуктовые магазины/rubricId/373/filters/sort=name
Fresh51 market,,Продуктовые магазины,"Можайское шоссе, 51",1 этаж,143026,,,,Одинцовский городской округ,Московская область,Россия,Пн: 08:00-23:00; Вт: 08:00-23:00; Ср: 08:00-23:00; Чт: 08:00-23:00; Пт: 08:00-23:00; Сб: 08:00-23:00; Вс: 08:00-23:00,+03:00,1.4,1,89269192888,89636576111,,,,,,,,,,,,,,,,,,,,,,,,,,,,,,,,,,,70000001062477341,55.707156,37.379718,4504235283029242,,,1,70000001062477340,Fresh51 market,,Продуктовые магазины,shop,1,5,2025-11-21T10:12:26Z,,0,32,https://2gis.com/firm/70000001062477341,branch,7906,https://2gis.ru/moscow/search/Продуктовые магазины/rubricId/373/filters/sort=name
FreshClass,,Продуктовые магазины,"Ленинградский проспект, 29 к1",,125284,,Беговой,Москва,,Москва,Россия,Пн: 08:00-23:00; Вт: 08:00-23:00; Ср: 08:00-23:00; Чт: 08:00-23:00; Пт: 08:00-23:00; Сб: 08:00-23:00; Вс: 08:00-23:00,+03:00,5.0,1,89168282521,,,,,,http://t.me/freshclass_freshclass,,,,,,,,,,,,https://vk.com/freshclass.shop,,,,,,,,,,,,,,,,,,70000001097020276,55.785428,37.562905,4504235312286788,,,1,70000001097020275,FreshClass,,Продуктовые магазины,shop,1,8,2026-02-04T14:01:59Z,,0,32,https://2gis.com/firm/70000001097020276,branch,7906,https://2gis.ru/moscow/search/Продуктовые магазины/rubricId/373/filters/sort=name
Funny Tomatto,,Продуктовые магазины,"Ореховая улица, 10",,601024,,,,Киржачский район,Владимирская область,Россия,Пн: 09:00-20:00; Вт: 09:00-20:00; Ср: 09:00-20:00; Чт: 09:00-20:00; Пт: 09:00-20:00; Сб: 09:00-20:00; Вс: 09:00-20:00,+03:00,,,89035505141,,,,,,,,,,,,,,,,,,,,,https://wa.me/79035505141,,,,,,,,,,,,,,,70000001087177781,56.121469,38.614862,70030076268330989,,,1,70000001087177780,Funny Tomatto,,Продуктовые магазины,shop,1,6,2025-09-09T11:00:03Z,,0,32,https://2gis.com/firm/70000001087177781,branch,7906,https://2gis.ru/moscow/search/Продуктовые магазины/rubricId/373/filters/sort=name
Galetta,минимаркет,Продуктовые магазины,"Совхозная улица, 14",1 этаж,141406,Левобережный м-н,,Химки,Химки городской округ,Московская область,Россия,Пн: 08:00-22:00; Вт: 08:00-22:00; Ср: 08:00-22:00; Чт: 08:00-22:00; Пт: 08:00-22:00; Сб: 08:00-22:00; Вс: 08:00-22:00,+03:00,3.7,11,89254568706,,,,,,http://jivo.chat/yGyTIvbJAQ,,,,,,,,,,,,https://vk.com/public211512977,,,,,,,,,,,,,,,,,,70000001035336116,55.900612,37.474726,4504235283111603,,,2,70000001035258993,Galetta,минимаркет,Продуктовые магазины,shop,1,9,2025-12-01T14:09:58Z,,0,32,https://2gis.com/firm/70000001035336116,branch,7906,https://2gis.ru/moscow/search/Продуктовые магазины/rubricId/373/filters/sort=name
Globо handels,магазин продуктов,Продуктовые магазины,"Калужское шоссе 22 километр, 10",А-085 павильон; 1 этаж,108802,,Коммунарка,Москва,,Москва,Россия,Пн: 09:00-20:00; Вт: 09:00-20:00; Ср: 09:00-20:00; Чт: 09:00-20:00; Пт: 09:00-20:00; Сб: 09:00-20:00; Вс: 09:00-20:00,+03:00,,,,,,,,,,,,,,,,,,,,,,,,,,,,,,,,,,,,,,,70000001082656076,55.600575,37.469186,4504235283119276,ФУД СИТИ,70030076482998368,1,70000001082656075,Globо handels,магазин продуктов,Продуктовые магазины,shop,1,5,2026-06-24T16:02:48Z,,0,32,https://2gis.com/firm/70000001082656076,branch,7906,https://2gis.ru/moscow/search/Продуктовые магазины/rubricId/373/filters/sort=name
Hal маркет,магазин продуктов,Продуктовые магазины,"улица Малое Понизовье, 2",1 этаж,108802,,Коммунарка,Москва,,Москва,Россия,Пн: 09:00-21:00; Вт: 09:00-21:00; Ср: 09:00-21:00; Чт: 09:00-21:00; Пт: 09:00-21:00; Сб: 09:00-21:00; Вс: 09:00-21:00,+03:00,,,89265000095,,,,,,,,,,,,,,,,,,,,,,,,,,,,,,,,,,,,70000001087787488,55.604928,37.414857,70030076221763081,,,1,70000001087787486,Hal маркет,магазин продуктов,Продуктовые магазины,shop,1,5,2025-11-18T11:53:59Z,,0,32,https://2gis.com/firm/70000001087787488,branch,7906,https://2gis.ru/moscow/search/Продуктовые магазины/rubricId/373/filters/sort=name
Hall Market,минимаркет,Продуктовые магазины,"1-й Волоколамский проезд, 10 ст1",1 этаж,123060,,Щукино,Москва,,Москва,Россия,Пн: 08:00-18:30; Вт: 08:00-18:30; Ср: 08:00-18:30; Чт: 08:00-18:30; Пт: 08:00-18:30,+03:00,,,89588122878,,,,,,,,,,,,,,,,,,,,,,,,,,,,,,,,,,,,70000001047114235,55.804335,37.49015,4504235283039785,,,1,70000001047114234,Hall Market,минимаркет,Продуктовые магазины,shop,1,6,2026-04-30T16:14:42Z,,0,32,https://2gis.com/firm/70000001047114235,branch,7906,https://2gis.ru/moscow/search/Продуктовые магазины/rubricId/373/filters/sort=name
HalМаркет,магазин продуктов,Продуктовые магазины,,,141720,,,Долгопрудный,Долгопрудный городской округ,Московская область,Россия,Пн: 09:00-21:00; Вт: 09:00-21:00; Ср: 09:00-21:00; Чт: 09:00-21:00; Пт: 09:00-21:00; Сб: 09:00-21:00; Вс: 09:00-21:00,+03:00,,,,,,,,,,,,,,,,,,,,,,,,,,,,,,,,,,,,,,,70000001114029034,55.976048,37.495594,70030077058747549,,,1,70000001114029033,HalМаркет,магазин продуктов,Продуктовые магазины,shop,1,2,2026-05-05T11:26:31Z,,0,32,https://2gis.com/firm/70000001114029034,branch,7906,https://2gis.ru/moscow/search/Продуктовые магазины/rubricId/373/filters/sort=name
I-horeca,,Продуктовые магазины,"Калужское шоссе 22 километр, 10","3-071, 3-073 павильон; 1 этаж",108802,,Коммунарка,Москва,,Москва,Россия,Пн: 07:00-21:00; Вт: 07:00-21:00; Ср: 07:00-21:00; Чт: 07:00-21:00; Пт: 07:00-21:00; Сб: 09:00-19:00; Вс: 09:00-19:00,+03:00,,,89999884448,,,,,,,,,,,,,,,,,,,,,https://wa.me/79999884448,,,,,,https://t.me/+79999884448,,,https://youtube.com/channel/UCm9VYDcIJEqwxlnK3bxhT9w,,,,,,70000001087176783,55.600394,37.475169,4504235283119276,ФУД СИТИ,,1,70000001087176782,I-horeca,,Продуктовые магазины,shop,1,3,2026-06-26T16:06:24Z,,0,32,https://2gis.com/firm/70000001087176783,branch,7906,https://2gis.ru/moscow/search/Продуктовые магазины/rubricId/373/filters/sort=name
M&m,минимаркет,Продуктовые магазины,"Триумфальная улица, 2",1 этаж,143002,,,Одинцово,Одинцовский городской округ,Московская область,Россия,Пн: 08:00-23:00; Вт: 08:00-23:00; Ср: 08:00-23:00; Чт: 08:00-23:00; Пт: 08:00-23:00; Сб: 08:00-23:00; Вс: 08:00-23:00,+03:00,4.4,7,89252820405,,,,,,,,,,,,,,,,,,,,,,,,,,,,,,,,,,,,70000001006681751,55.656975,37.233298,4504235283118946,,,5,4504136499885162,M&m,универсам,Продуктовые магазины,shop,1,6,2026-02-11T16:44:59Z,,0,32,https://2gis.com/firm/70000001006681751,branch,7906,https://2gis.ru/moscow/search/Продуктовые магазины/rubricId/373/filters/sort=name
M&m,универсам,Продуктовые магазины,"улица Бориса Пастернака, 45 к2",1 этаж,108849,Переделкино Ближнее м-н,Внуково,Москва,,Москва,Россия,Пн: 08:00-23:00; Вт: 08:00-23:00; Ср: 08:00-23:00; Чт: 08:00-23:00; Пт: 08:00-23:00; Сб: 08:00-23:00; Вс: 08:00-23:00,+03:00,4.4,20,89639720015,,,,,,,,,,,,,,,,,,,,,https://wa.me/79037331500,,,,,,,,,,,,,,,70000001046966573,55.638447,37.307621,4504235295541614,,,5,4504136499885162,M&m,универсам,Продуктовые магазины,shop,1,6,2026-04-17T08:40:42Z,,0,32,https://2gis.com/firm/70000001046966573,branch,7906,https://2gis.ru/moscow/search/Продуктовые магазины/rubricId/373/filters/sort=name
Macaroniland,продуктовый магазин,Продуктовые магазины,"Архангельская улица, 15",,143421,,,,Красногорск городской округ,Московская область,Россия,Пн: 09:00-22:00; Вт: 09:00-22:00; Ср: 09:00-22:00; Чт: 09:00-22:00; Пт: 09:00-22:00; Сб: 09:00-22:00; Вс: 09:00-22:00,+03:00,,,,,,,,,,,,,,,,,,,,,,,,,,,,,,,,,,,,,,,70000001109552306,55.769785,37.229495,70030076517540132,,,1,70000001109552305,Macaroniland,продуктовый магазин,Продуктовые магазины,shop,1,4,2026-04-28T11:51:26Z,,0,32,https://2gis.com/firm/70000001109552306,branch,7906,https://2gis.ru/moscow/search/Продуктовые магазины/rubricId/373/filters/sort=name
Mango,продуктовый магазин,Продуктовые магазины; Доставка продуктов,"Парковая улица, 52",1 этаж,141702,Гранитный м-н,,Долгопрудный,Долгопрудный городской округ,Московская область,Россия,Пн: 08:00-24:00; Вт: 08:00-24:00; Ср: 08:00-24:00; Чт: 08:00-24:00; Пт: 08:00-24:00; Сб: 08:00-24:00; Вс: 08:00-24:00,+03:00,5.0,5,89175841177,,,,,,,,,,,,,,,,,,,,,,,,,,,,,,,,,,,,70000001074635946,55.947142,37.483437,70030076170421325,,,2,70000001038096846,Mango,продуктовый магазин,Продуктовые магазины,shop,2,6,2026-07-09T13:45:32Z,,0,32,https://2gis.com/firm/70000001074635946,branch,7906,https://2gis.ru/moscow/search/Продуктовые магазины/rubricId/373/filters/sort=name
Mango,продуктовый магазин,Продуктовые магазины; Разливное пиво,"Молодёжная улица, 78",1 этаж,141501,8-й м-н,,Химки,Химки городской округ,Московская область,Россия,Пн: 00:00-24:00; Вт: 00:00-24:00; Ср: 00:00-24:00; Чт: 00:00-24:00; Пт: 00:00-24:00; Сб: 00:00-24:00; Вс: 00:00-24:00 (Время продажи алкоголя ограничено.),+03:00,4.7,18,89256041113,89806781559,,,,,,,,,,,,,,,,,,,,,,,,,,,,,,,,,,,70000001038096847,55.909818,37.392404,4504235283139737,,,2,70000001038096846,Mango,продуктовый магазин,Разливное пиво,shop,2,10,2026-05-25T11:27:30Z,,0,32,https://2gis.com/firm/70000001038096847,branch,7906,https://2gis.ru/moscow/search/Продуктовые магазины/rubricId/373/filters/sort=name
Mb Маг,продовольственный магазин,Продуктовые магазины; Алкогольные напитки; Табачные изделия и товары для курения,"Юбилейная улица, 27",1 этаж; дверь справа,141021,7-й м-н,,Мытищи,Мытищи городской округ,Московская область,Россия,Пн: 00:00-24:00; Вт: 00:00-24:00; Ср: 00:00-24:00; Чт: 00:00-24:00; Пт: 00:00-24:00; Сб: 00:00-24:00; Вс: 00:00-24:00 (Время продажи алкоголя ограничено.),+03:00,3.8,3,,,,,,,,,,,,,,,,,,,,,,,,,,,,,,,,,,,,,4504128908547596,55.907292,37.710604,4504235283023380,,,1,4504137598411221,Mb Маг,продовольственный магазин,Продуктовые магазины,common_store,3,4,2026-05-18T11:05:32Z,,0,32,https://2gis.com/firm/4504128908547596,branch,7906,https://2gis.ru/moscow/search/Продуктовые магазины/rubricId/373/filters/sort=name
Mer bak,магазин армянских продуктов,Продуктовые магазины,"Крымская улица, 1",1 этаж,142720,Восточное Бутово м-н,,,Ленинский городской округ,Московская область,Россия,Пн: 09:00-22:00; Вт: 09:00-22:00; Ср: 09:00-22:00; Чт: 09:00-22:00; Пт: 09:00-22:00; Сб: 09:00-22:00; Вс: 09:00-22:00,+03:00,5.0,5,89251220028,,,,,,,,,,,,,,,,,,,,,https://wa.me/79251220028,,,,,,https://t.me/+79251220028,,,,,,,,,70000001065600873,55.538266,37.613931,70030076193275998,,,1,70000001065600872,Mer bak,магазин армянских продуктов,Продуктовые магазины,shop,1,6,2026-03-20T09:58:43Z,,0,32,https://2gis.com/firm/70000001065600873,branch,7906,https://2gis.ru/moscow/search/Продуктовые магазины/rubricId/373/filters/sort=name
Mini shop,продуктовый магазин,Продуктовые магазины,"проспект Маршала Жукова, 1 ст1",1 этаж,123308,,Хорошёво-Мнёвники,Москва,,Москва,Россия,Пн: 08:30-18:00; Вт: 08:30-18:00; Ср: 08:30-18:00; Чт: 08:30-18:00; Пт: 08:30-18:00,+03:00,5.0,1,,,,,,,,,,,,,,,,,,,,,,,,,,,,,,,,,,,,,70000001039667193,55.774823,37.505705,4504235282643611,БЦ 1Zhukov,,1,70000001039667192,Mini shop,продуктовый магазин,Продуктовые магазины,shop,1,6,2026-02-03T11:04:06Z,,0,32,https://2gis.com/firm/70000001039667193,branch,7906,https://2gis.ru/moscow/search/Продуктовые магазины/rubricId/373/filters/sort=name
Nasos,,Продуктовые магазины,"шоссе 1-е Успенское, вл2 ст8",,143030,,,,ЗАТО Власиха городской округ,Московская область,Россия,Пн: 10:00-22:00; Вт: 10:00-22:00; Ср: 10:00-22:00; Чт: 10:00-22:00; Пт: 10:00-22:00; Сб: 10:00-22:00; Вс: 10:00-22:00,+03:00,,,89165908999,89917620676,,,,,http://t.me/nasosshop,,,,,,,,,,,,,,,,,,,,,,,,,,,,,,70000001101657155,55.710641,37.086427,4504235331847742,,,1,70000001101657154,Nasos,,Продуктовые магазины,shop,1,0,2025-06-09T11:32:27Z,,0,32,https://2gis.com/firm/70000001101657155,branch,7906,https://2gis.ru/moscow/search/Продуктовые магазины/rubricId/373/filters/sort=name
Parle,минимаркет,Продуктовые магазины,"Новоданиловская набережная, 12",,117105,,Донской,Москва,,Москва,Россия,Пн: 08:00-19:00; Вт: 08:00-19:00; Ср: 08:00-19:00; Чт: 08:00-19:00; Пт: 08:00-19:00 (по предварительному звонку),+03:00,5.0,4,88006000977,,,,,,http://parlemarket.ru,,,,,,,,,,,,https://vk.com/public171836704,,,https://wa.me/79032923239,,,,,,,,,,,,,,,70000001110326513,55.695068,37.625231,70030076174488946,,,33,70000001034930232,Parle,минимаркет,Продуктовые магазины,shop,1,0,2026-03-24T14:33:33Z,,0,32,https://2gis.com/firm/70000001110326513,branch,7906,https://2gis.ru/moscow/search/Продуктовые магазины/rubricId/373/filters/sort=name
Parle,минимаркет,Продуктовые магазины,"Каланчёвская улица, 16 ст1","1.20 офис; 1 этаж; за турникетами, для прохода получить пропуск на ресепшн",129090,,Красносельский,Москва,,Москва,Россия,Пн: 09:00-18:00; Вт: 09:00-18:00; Ср: 09:00-18:00; Чт: 09:00-18:00; Пт: 09:00-18:00,+03:00,,,88006000977,,,,,,http://parlemarket.ru,,,,,,,,,,,,https://vk.com/public171836704,,,https://wa.me/79032923239,,,,,,,,,,,,,,,70000001094616779,55.777482,37.649174,4504235282658278,,,33,70000001034930232,Parle,минимаркет,Продуктовые магазины,shop,1,7,2026-06-08T10:31:35Z,,0,32,https://2gis.com/firm/70000001094616779,branch,7906,https://2gis.ru/moscow/search/Продуктовые магазины/rubricId/373/filters/sort=name
Parle,минимаркет,Продуктовые магазины,"Волгоградский проспект, 47",1 этаж,109316,,Текстильщики,Москва,,Москва,Россия,Пн: 08:00-19:00; Вт: 08:00-19:00; Ср: 08:00-19:00; Чт: 08:00-19:00; Пт: 08:00-19:00,+03:00,5.0,3,88006000977,,,,,,http://parlemarket.ru,,,,,,,,,,,,https://vk.com/public171836704,,,https://wa.me/79032923239,,,,,,,,,,,,,,,70000001092823162,55.711949,37.724984,4504235282568450,,,33,70000001034930232,Parle,минимаркет,Продуктовые магазины,shop,1,6,2026-03-18T12:32:01Z,,0,32,https://2gis.com/firm/70000001092823162,branch,7906,https://2gis.ru/moscow/search/Продуктовые магазины/rubricId/373/filters/sort=name
Parle,минимаркет,Продуктовые магазины,"Варшавское шоссе, 9 ст1Б",1 этаж,117105,,Донской,Москва,,Москва,Россия,Пн: 08:00-19:00; Вт: 08:00-19:00; Ср: 08:00-19:00; Чт: 08:00-19:00; Пт: 08:00-19:00,+03:00,4.8,5,88006000977,,,,,,http://parlemarket.ru,,,,,,,,,,,,https://vk.com/public171836704,,,https://wa.me/79032923239,,,,,,,,,,,,,,,70000001083909815,55.69963,37.623165,4504235282706895,,,33,70000001034930232,Parle,минимаркет,Продуктовые магазины,shop,1,6,2025-11-06T08:44:27Z,,0,32,https://2gis.com/firm/70000001083909815,branch,7906,https://2gis.ru/moscow/search/Продуктовые магазины/rubricId/373/filters/sort=name
Parle,минимаркет,Продуктовые магазины,"Пресненская набережная, 4 ст1",,123112,,Пресненский,Москва,,Москва,Россия,Пн: 08:00-17:30; Вт: 08:00-17:30; Ср: 08:00-17:30; Чт: 08:00-17:30; Пт: 08:00-17:30,+03:00,5.0,4,88006000977,,,,,,http://parlemarket.ru,,,,,,,,,,,,https://vk.com/public171836704,,,https://wa.me/79032923239,,,,,,,,,,,,,,,70000001075572349,55.748644,37.543102,4504235283026978,,70030076379724885,33,70000001034930232,Parle,минимаркет,Продуктовые магазины,shop,1,6,2026-06-03T13:04:21Z,,0,32,https://2gis.com/firm/70000001075572349,branch,7906,https://2gis.ru/moscow/search/Продуктовые магазины/rubricId/373/filters/sort=name
Parle,минимаркет,Продуктовые магазины,"улица Правды, 26",1 этаж,125124,,Беговой,Москва,,Москва,Россия,Пн: 08:00-19:00; Вт: 08:00-19:00; Ср: 08:00-19:00; Чт: 08:00-19:00; Пт: 08:00-19:00,+03:00,4.6,11,89032923239,,,,,,http://parlemarket.ru,,,,,,,,,,,,https://vk.com/public171836704,,,https://wa.me/79032923239,,,,,,,,,,,,,,,70000001066982524,55.790521,37.584577,4504235282746830,БЦ Северное Сияние,,33,70000001034930232,Parle,минимаркет,Продуктовые магазины,shop,1,6,2026-02-18T15:38:25Z,,0,32,https://2gis.com/firm/70000001066982524,branch,7906,https://2gis.ru/moscow/search/Продуктовые магазины/rubricId/373/filters/sort=name
Parle,минимаркет,Продуктовые магазины,"улица Большая Ордынка, 9/4 ст1",1 этаж,115035,,Замоскворечье,Москва,,Москва,Россия,Пн: 07:00-20:00; Вт: 07:00-20:00; Ср: 07:00-20:00; Чт: 07:00-20:00; Пт: 07:00-20:00; Сб: 09:00-22:00; Вс: 09:00-22:00,+03:00,4.0,11,89850021637,,,,,,http://parlemarket.ru,,,,,,,,,,,,https://vk.com/public171836704,,,https://wa.me/79032923239,,,,,,,,,,,,,,,70000001053465916,55.744426,37.624973,4504235282711083,,,33,70000001034930232,Parle,минимаркет,Продуктовые магазины,shop,1,8,2026-06-02T17:01:57Z,,0,32,https://2gis.com/firm/70000001053465916,branch,7906,https://2gis.ru/moscow/search/Продуктовые магазины/rubricId/373/filters/sort=name
Parle,минимаркет,Продуктовые магазины,"3-я Рыбинская улица, 18 ст22",1 этаж; слева за турникетами,107113,,Сокольники,Москва,,Москва,Россия,Пн: 08:00-19:00; Вт: 08:00-19:00; Ср: 08:00-19:00; Чт: 08:00-19:00; Пт: 08:00-19:00,+03:00,3.2,5,88006000977,,,,,,http://parlemarket.ru,,,,,,,,,,,,https://vk.com/public171836704,,,https://wa.me/79032923239,,,,,,,,,,,,,,,70000001044679604,55.789752,37.659077,4504235282563772,,,33,70000001034930232,Parle,минимаркет,Продуктовые магазины,shop,1,4,2026-05-28T11:30:37Z,,0,32,https://2gis.com/firm/70000001044679604,branch,7906,https://2gis.ru/moscow/search/Продуктовые магазины/rubricId/373/filters/sort=name
Parle,минимаркет,Продуктовые магазины,"улица Двинцев, 12 к1",1 этаж,127018,,Марьина Роща,Москва,,Москва,Россия,Пн: 08:00-19:00; Вт: 08:00-19:00; Ср: 08:00-19:00; Чт: 08:00-19:00; Пт: 08:00-19:00,+03:00,4.0,8,88006000977,,,,,,http://parlemarket.ru,,,,,,,,,,,,https://vk.com/public171836704,,,https://wa.me/79032923239,,,,,,,,,,,,,,,70000001037607047,55.796398,37.59944,4504235283024695,БЦ Двинцев,,33,70000001034930232,Parle,минимаркет,Продуктовые магазины,shop,1,7,2026-04-21T12:54:30Z,,0,32,https://2gis.com/firm/70000001037607047,branch,7906,https://2gis.ru/moscow/search/Продуктовые магазины/rubricId/373/filters/sort=name
Parle,минимаркет,Продуктовые магазины; Табачные изделия и товары для курения,"Нижний Сусальный переулок, 5 ст19",1 этаж,105064,,Басманный,Москва,,Москва,Россия,Пн: 08:00-19:00; Вт: 08:00-19:00; Ср: 08:00-19:00; Чт: 08:00-19:00; Пт: 08:00-19:00,+03:00,4.7,7,88006000977,,,,,,http://parlemarket.ru,,,,,,,,,,,,https://vk.com/public171836704,,,https://wa.me/79032923239,,,,,,,,,,,,,,,70000001037607025,55.759514,37.665979,4504235294231865,,,33,70000001034930232,Parle,минимаркет,Продуктовые магазины,common_store,2,6,2025-07-02T18:43:24Z,,0,32,https://2gis.com/firm/70000001037607025,branch,7906,https://2gis.ru/moscow/search/Продуктовые магазины/rubricId/373/filters/sort=name
Parle,минимаркет,Продуктовые магазины,"Научный проезд, 8 ст1",1 этаж,117246,,Черёмушки,Москва,,Москва,Россия,Пн: 08:00-19:00; Вт: 08:00-19:00; Ср: 08:00-19:00; Чт: 08:00-19:00; Пт: 08:00-19:00,+03:00,5.0,1,89032923239,,,,,,http://parlemarket.ru,,,,,,,,,,,,https://vk.com/public171836704,,,https://wa.me/79032923239,,,,,,,,,,,,,,,70000001037325670,55.655721,37.551774,4504235282716346,ОЦ На Научном,,33,70000001034930232,Parle,минимаркет,Продуктовые магазины,shop,1,7,2026-04-01T12:06:19Z,,0,32,https://2gis.com/firm/70000001037325670,branch,7906,https://2gis.ru/moscow/search/Продуктовые магазины/rubricId/373/filters/sort=name
Parle market,минимаркет,Продуктовые магазины,"Варшавское шоссе, 118",1 этаж,117587,,Чертаново Северное,Москва,,Москва,Россия,Пн: 08:00-19:00; Вт: 08:00-19:00; Ср: 08:00-19:00; Чт: 08:00-19:00; Пт: 08:00-19:00,+03:00,5.0,1,,,,,,,,,,,,,,,,,,,,,,,,,,,,,,,,,,,,,70000001105275777,55.63153,37.618449,4504235282564526,Варшавка Sky,,1,70000001105275776,Parle market,минимаркет,Продуктовые магазины,shop,1,6,2026-02-05T15:02:24Z,,0,32,https://2gis.com/firm/70000001105275777,branch,7906,https://2gis.ru/moscow/search/Продуктовые магазины/rubricId/373/filters/sort=name
Parle market,минимаркет,Продуктовые магазины,"Ленинградская улица, 39 ст5",1 этаж; справа от входа,141402,Старые Химки м-н,,Химки,Химки городской округ,Московская область,Россия,Пн: 08:00-19:00; Вт: 08:00-19:00; Ср: 08:00-19:00; Чт: 08:00-19:00; Пт: 08:00-19:00,+03:00,5.0,2,,,,,,,,,,,,,,,,,,,,,,,,,,,,,,,,,,,,,70000001093097750,55.907832,37.415953,4504235282957944,БП Химки,,3,70000001093044993,Parle market,минимаркет,Продуктовые магазины,shop,1,7,2026-05-05T15:25:36Z,,0,32,https://2gis.com/firm/70000001093097750,branch,7906,https://2gis.ru/moscow/search/Продуктовые магазины/rubricId/373/filters/sort=name
Parle market,минимаркет,Продуктовые магазины,"Ленинградская улица, 39 ст6","1 этаж; БЦ ""Химки Бизнес Парк""",141402,Старые Химки м-н,,Химки,Химки городской округ,Московская область,Россия,Пн: 08:00-18:50; Вт: 08:00-18:50; Ср: 08:00-18:50; Чт: 08:00-18:50; Пт: 08:00-18:50,+03:00,,,,,,,,,,,,,,,,,,,,,,,,,,,,,,,,,,,,,,,70000001093044994,55.908359,37.414835,4504235282957956,БП Химки,,3,70000001093044993,Parle market,минимаркет,Продуктовые магазины,shop,1,7,2026-05-05T16:33:24Z,,0,32,https://2gis.com/firm/70000001093044994,branch,7906,https://2gis.ru/moscow/search/Продуктовые магазины/rubricId/373/filters/sort=name
ProФермер,продуктовый магазин,Продуктовые магазины,"территория Олимпик, 1",,142033,,,,Домодедово городской округ,Московская область,Россия,Пн: 10:00-20:00; Вт: 10:00-20:00; Ср: 10:00-20:00; Чт: 10:00-20:00; Пт: 10:00-20:00; Сб: 10:00-20:00; Вс: 10:00-20:00,+03:00,,,,,,,,,,,,,,,,,,,,,,,,,,,,,,,,,,,,,,,70000001111345336,55.369119,37.894641,70030076975560707,,,1,70000001111345335,ProФермер,продуктовый магазин,Продуктовые магазины,shop,1,0,2026-02-24T13:01:34Z,,0,32,https://2gis.com/firm/70000001111345336,branch,7906,https://2gis.ru/moscow/search/Продуктовые магазины/rubricId/373/filters/sort=name
Parle,минимаркет,Продуктовые магазины,"улица Двинцев, 12 к1",1 этаж,127018,,Марьина Роща,Москва,,Москва,Россия,Пн: 08:00-19:00; Вт: 08:00-19:00; Ср: 08:00-19:00; Чт: 08:00-19:00; Пт: 08:00-19:00,+03:00,4.0,8,88006000977,,,,,,http://parlemarket.ru,,,,,,,,,,,,https://vk.com/public171836704,,,https://wa.me/79032923239,,,,,,,,,,,,,,,70000001037607047,55.796398,37.59944,4504235283024695,БЦ Двинцев,,33,70000001034930232,Parle,минимаркет,Продуктовые магазины,shop,1,7,2026-04-21T12:54:30Z,,0,32,https://2gis.com/firm/70000001037607047,branch,7906,https://2gis.ru/moscow/search/Продуктовые магазины/rubricId/373/filters/sort=name
Parle,минимаркет,Продуктовые магазины; Табачные изделия и товары для курения,"Нижний Сусальный переулок, 5 ст19",1 этаж,105064,,Басманный,Москва,,Москва,Россия,Пн: 08:00-19:00; Вт: 08:00-19:00; Ср: 08:00-19:00; Чт: 08:00-19:00; Пт: 08:00-19:00,+03:00,4.7,7,88006000977,,,,,,http://parlemarket.ru,,,,,,,,,,,,https://vk.com/public171836704,,,https://wa.me/79032923239,,,,,,,,,,,,,,,70000001037607025,55.759514,37.665979,4504235294231865,,,33,70000001034930232,Parle,минимаркет,Продуктовые магазины,common_store,2,6,2025-07-02T18:43:24Z,,0,32,https://2gis.com/firm/70000001037607025,branch,7906,https://2gis.ru/moscow/search/Продуктовые магазины/rubricId/373/filters/sort=name
Parle,минимаркет,Продуктовые магазины,"Научный проезд, 8 ст1",1 этаж,117246,,Черёмушки,Москва,,Москва,Россия,Пн: 08:00-19:00; Вт: 08:00-19:00; Ср: 08:00-19:00; Чт: 08:00-19:00; Пт: 08:00-19:00,+03:00,5.0,1,89032923239,,,,,,http://parlemarket.ru,,,,,,,,,,,,https://vk.com/public171836704,,,https://wa.me/79032923239,,,,,,,,,,,,,,,70000001037325670,55.655721,37.551774,4504235282716346,ОЦ На Научном,,33,70000001034930232,Parle,минимаркет,Продуктовые магазины,shop,1,7,2026-04-01T12:06:19Z,,0,32,https://2gis.com/firm/70000001037325670,branch,7906,https://2gis.ru/moscow/search/Продуктовые магазины/rubricId/373/filters/sort=name
Parle market,минимаркет,Продуктовые магазины,"Варшавское шоссе, 118",1 этаж,117587,,Чертаново Северное,Москва,,Москва,Россия,Пн: 08:00-19:00; Вт: 08:00-19:00; Ср: 08:00-19:00; Чт: 08:00-19:00; Пт: 08:00-19:00,+03:00,5.0,1,,,,,,,,,,,,,,,,,,,,,,,,,,,,,,,,,,,,,70000001105275777,55.63153,37.618449,4504235282564526,Варшавка Sky,,1,70000001105275776,Parle market,минимаркет,Продуктовые магазины,shop,1,6,2026-02-05T15:02:24Z,,0,32,https://2gis.com/firm/70000001105275777,branch,7906,https://2gis.ru/moscow/search/Продуктовые магазины/rubricId/373/filters/sort=name
Parle market,минимаркет,Продуктовые магазины,"Ленинградская улица, 39 ст5",1 этаж; справа от входа,141402,Старые Химки м-н,,Химки,Химки городской округ,Московская область,Россия,Пн: 08:00-19:00; Вт: 08:00-19:00; Ср: 08:00-19:00; Чт: 08:00-19:00; Пт: 08:00-19:00,+03:00,5.0,2,,,,,,,,,,,,,,,,,,,,,,,,,,,,,,,,,,,,,70000001093097750,55.907832,37.415953,4504235282957944,БП Химки,,3,70000001093044993,Parle market,минимаркет,Продуктовые магазины,shop,1,7,2026-05-05T15:25:36Z,,0,32,https://2gis.com/firm/70000001093097750,branch,7906,https://2gis.ru/moscow/search/Продуктовые магазины/rubricId/373/filters/sort=name
Parle market,минимаркет,Продуктовые магазины,"Ленинградская улица, 39 ст6","1 этаж; БЦ ""Химки Бизнес Парк""",141402,Старые Химки м-н,,Химки,Химки городской округ,Московская область,Россия,Пн: 08:00-18:50; Вт: 08:00-18:50; Ср: 08:00-18:50; Чт: 08:00-18:50; Пт: 08:00-18:50,+03:00,,,,,,,,,,,,,,,,,,,,,,,,,,,,,,,,,,,,,,,70000001093044994,55.908359,37.414835,4504235282957956,БП Химки,,3,70000001093044993,Parle market,минимаркет,Продуктовые магазины,shop,1,7,2026-05-05T16:33:24Z,,0,32,https://2gis.com/firm/70000001093044994,branch,7906,https://2gis.ru/moscow/search/Продуктовые магазины/rubricId/373/filters/sort=name
Provence,магазин продуктов,Продуктовые магазины,"улица Стольника Потёмкина, вл3",,108830,Марсель коттеджный пос.,Вороново,Москва,,Москва,Россия,Пн: 09:00-21:00; Вт: 09:00-21:00; Ср: 09:00-21:00; Чт: 09:00-21:00; Пт: 09:00-21:00; Сб: 09:00-21:00; Вс: 09:00-21:00,+03:00,,,89060767776,,,,,,,,,,,,,,,,,,,,,https://wa.me/79060767776,,,,,,,,,,,,,,,70000001093932502,55.368614,37.226113,4504235304490005,,,1,70000001093932501,Provence,магазин продуктов,Продуктовые магазины,shop,1,0,2024-11-05T09:17:05Z,,0,32,https://2gis.com/firm/70000001093932502,branch,7906,https://2gis.ru/moscow/search/Продуктовые магазины/rubricId/373/filters/sort=name
ProФермер,продуктовый магазин,Продуктовые магазины,"территория Олимпик, 1",,142033,,,,Домодедово городской округ,Московская область,Россия,Пн: 10:00-20:00; Вт: 10:00-20:00; Ср: 10:00-20:00; Чт: 10:00-20:00; Пт: 10:00-20:00; Сб: 10:00-20:00; Вс: 10:00-20:00,+03:00,,,,,,,,,,,,,,,,,,,,,,,,,,,,,,,,,,,,,,,70000001111345336,55.369119,37.894641,70030076975560707,,,1,70000001111345335,ProФермер,продуктовый магазин,Продуктовые магазины,shop,1,0,2026-02-24T13:01:34Z,,0,32,https://2gis.com/firm/70000001111345336,branch,7906,https://2gis.ru/moscow/search/Продуктовые магазины/rubricId/373/filters/sort=name
Pub bar market,магазин,Продуктовые магазины; Разливное пиво; Табачные изделия и товары для курения,"3-й микрорайон, 1",1 этаж,143180,3-й м-н,,Звенигород,Одинцовский городской округ,Московская область,Россия,Пн: 09:00-21:00; Вт: 09:00-21:00; Ср: 09:00-21:00; Чт: 09:00-21:00; Пт: 09:00-21:00; Сб: 09:00-21:00; Вс: 11:00-19:00 (Время продажи алкоголя ограничено.),+03:00,,,,,,,,,,,,,,,,,,,,,,,,,,,,,,,,,,,,,,,70000001048455056,55.722789,36.868731,4504235283100966,,,1,70000001048455055,Pub bar market,магазин,Продуктовые магазины,common_store,3,3,2025-03-21T17:14:47Z,,0,32,https://2gis.com/firm/70000001048455056,branch,7906,https://2gis.ru/moscow/search/Продуктовые магазины/rubricId/373/filters/sort=name
Raw oil,компания,Продуктовые магазины,"квартал Производственной территории Бережки, 10 ст1",,142116,,,,Подольск городской округ,Московская область,Россия,Пн: 09:00-21:00; Вт: 09:00-21:00; Ср: 09:00-21:00; Чт: 09:00-21:00; Пт: 09:00-21:00; Сб: 09:00-21:00; Вс: 09:00-21:00,+03:00,,,89264588853,,,,,,http://www.rawoil-shop.ru,,,,,,,,,,,,https://vk.com/raw_oil,,,https://wa.me/79264588853,,,,,,,,,,,,,,,70000001055422533,55.39388,37.586288,4504235282679389,,,1,70000001055422532,Raw oil,компания,Продуктовые магазины,shop,1,4,2025-07-04T03:00:00Z,,0,32,https://2gis.com/firm/70000001055422533,branch,7906,https://2gis.ru/moscow/search/Продуктовые магазины/rubricId/373/filters/sort=name
Sis,мини-маркет,Продуктовые магазины,"улица Медовая долина, 7 к1",1 этаж,108810,,Внуково,Москва,,Москва,Россия,Пн: 09:00-21:00; Вт: 09:00-21:00; Ср: 09:00-21:00; Чт: 09:00-21:00; Пт: 09:00-21:00; Сб: 09:00-21:00; Вс: 09:00-21:00,+03:00,5.0,1,89684846654,,,,,,,,,,,,,,,,,,,,,,,,,,,,,,,,,,,,70000001039896321,55.584707,37.126252,4504235316215440,,,2,70000001039896320,Sis,мини-маркет,Продуктовые магазины,shop,1,4,2025-07-29T11:44:23Z,,0,32,https://2gis.com/firm/70000001039896321,branch,7906,https://2gis.ru/moscow/search/Продуктовые магазины/rubricId/373/filters/sort=name
Solraki,магазин,Продуктовые магазины,"Лопотово деревня, ст140",супермаркет Лоза,141591,,,,Солнечногорск городской округ,Московская область,Россия,Пн: 10:00-22:00; Вт: 10:00-22:00; Ср: 10:00-22:00; Чт: 10:00-22:00; Пт: 10:00-22:00; Сб: 10:00-22:00; Вс: 10:00-22:00,+03:00,,,89919235753,,,,,,,,,,,,,,,,,,,,,,,,,,,,,,,,,,,,70000001065003969,56.063105,36.856614,4504235325904739,,,1,70000001065003968,Solraki,магазин,Продуктовые магазины,shop,1,4,2024-04-04T10:33:29Z,,0,32,https://2gis.com/firm/70000001065003969,branch,7906,https://2gis.ru/moscow/search/Продуктовые магазины/rubricId/373/filters/sort=name
ProФермер,продуктовый магазин,Продуктовые магазины,"территория Олимпик, 1",,142033,,,,Домодедово городской округ,Московская область,Россия,Пн: 10:00-20:00; Вт: 10:00-20:00; Ср: 10:00-20:00; Чт: 10:00-20:00; Пт: 10:00-20:00; Сб: 10:00-20:00; Вс: 10:00-20:00,+03:00,,,,,,,,,,,,,,,,,,,,,,,,,,,,,,,,,,,,,,,70000001111345336,55.369119,37.894641,70030076975560707,,,1,70000001111345335,ProФермер,продуктовый магазин,Продуктовые магазины,shop,1,0,2026-02-24T13:01:34Z,,0,32,https://2gis.com/firm/70000001111345336,branch,7906,https://2gis.ru/moscow/search/Продуктовые магазины/rubricId/373/filters/sort=name
Pub bar market,магазин,Продуктовые магазины; Разливное пиво; Табачные изделия и товары для курения,"3-й микрорайон, 1",1 этаж,143180,3-й м-н,,Звенигород,Одинцовский городской округ,Московская область,Россия,Пн: 09:00-21:00; Вт: 09:00-21:00; Ср: 09:00-21:00; Чт: 09:00-21:00; Пт: 09:00-21:00; Сб: 09:00-21:00; Вс: 11:00-19:00 (Время продажи алкоголя ограничено.),+03:00,,,,,,,,,,,,,,,,,,,,,,,,,,,,,,,,,,,,,,,70000001048455056,55.722789,36.868731,4504235283100966,,,1,70000001048455055,Pub bar market,магазин,Продуктовые магазины,common_store,3,3,2025-03-21T17:14:47Z,,0,32,https://2gis.com/firm/70000001048455056,branch,7906,https://2gis.ru/moscow/search/Продуктовые магазины/rubricId/373/filters/sort=name
Raw oil,компания,Продуктовые магазины,"квартал Производственной территории Бережки, 10 ст1",,142116,,,,Подольск городской округ,Московская область,Россия,Пн: 09:00-21:00; Вт: 09:00-21:00; Ср: 09:00-21:00; Чт: 09:00-21:00; Пт: 09:00-21:00; Сб: 09:00-21:00; Вс: 09:00-21:00,+03:00,,,89264588853,,,,,,http://www.rawoil-shop.ru,,,,,,,,,,,,https://vk.com/raw_oil,,,https://wa.me/79264588853,,,,,,,,,,,,,,,70000001055422533,55.39388,37.586288,4504235282679389,,,1,70000001055422532,Raw oil,компания,Продуктовые магазины,shop,1,4,2025-07-04T03:00:00Z,,0,32,https://2gis.com/firm/70000001055422533,branch,7906,https://2gis.ru/moscow/search/Продуктовые магазины/rubricId/373/filters/sort=name
Sis,мини-маркет,Продуктовые магазины,"улица Медовая долина, 7 к1",1 этаж,108810,,Внуково,Москва,,Москва,Россия,Пн: 09:00-21:00; Вт: 09:00-21:00; Ср: 09:00-21:00; Чт: 09:00-21:00; Пт: 09:00-21:00; Сб: 09:00-21:00; Вс: 09:00-21:00,+03:00,5.0,1,89684846654,,,,,,,,,,,,,,,,,,,,,,,,,,,,,,,,,,,,70000001039896321,55.584707,37.126252,4504235316215440,,,2,70000001039896320,Sis,мини-маркет,Продуктовые магазины,shop,1,4,2025-07-29T11:44:23Z,,0,32,https://2gis.com/firm/70000001039896321,branch,7906,https://2gis.ru/moscow/search/Продуктовые магазины/rubricId/373/filters/sort=name
Solraki,магазин,Продуктовые магазины,"Лопотово деревня, ст140",супермаркет Лоза,141591,,,,Солнечногорск городской округ,Московская область,Россия,Пн: 10:00-22:00; Вт: 10:00-22:00; Ср: 10:00-22:00; Чт: 10:00-22:00; Пт: 10:00-22:00; Сб: 10:00-22:00; Вс: 10:00-22:00,+03:00,,,89919235753,,,,,,,,,,,,,,,,,,,,,,,,,,,,,,,,,,,,70000001065003969,56.063105,36.856614,4504235325904739,,,1,70000001065003968,Solraki,магазин,Продуктовые магазины,shop,1,4,2024-04-04T10:33:29Z,,0,32,https://2gis.com/firm/70000001065003969,branch,7906,https://2gis.ru/moscow/search/Продуктовые магазины/rubricId/373/filters/sort=name
Street odd,продуктовый магазин,Продуктовые магазины,"Автозаводская улица, 17 к1",,115280,,Даниловский,Москва,,Москва,Россия,Пн: 10:00-23:00; Вт: 10:00-23:00; Ср: 10:00-23:00; Чт: 10:00-23:00; Пт: 10:00-23:00; Сб: 10:00-23:00; Вс: 10:00-23:00,+03:00,,,,,,,,,,,,,,,,,,,,,,,,,,,,,,,,,,,,,,,70000001115584324,55.704662,37.654004,4504235282624795,,,1,70000001115584323,Street odd,продуктовый магазин,Продуктовые магазины,shop,1,3,2026-07-01T12:17:14Z,,0,32,https://2gis.com/firm/70000001115584324,branch,7906,https://2gis.ru/moscow/search/Продуктовые магазины/rubricId/373/filters/sort=name
Sweet&Snacks,магазин табачной продукции и снеков,Продуктовые магазины,"улица Шаболовка, 30",,115419,,Донской,Москва,,Москва,Россия,Пн: 00:00-24:00; Вт: 00:00-24:00; Ср: 00:00-24:00; Чт: 00:00-24:00; Пт: 00:00-24:00; Сб: 00:00-24:00; Вс: 00:00-24:00,+03:00,,,,,,,,,,,,,,,,,,,,,,,,,,,,,,,,,,,,,,,70000001113083848,55.719135,37.608781,4504235282716578,,,4,70000001104332287,Sweet&Snacks,магазин табачной продукции и снеков,Продуктовые магазины,shop,1,0,2026-03-31T12:57:24Z,,0,32,https://2gis.com/firm/70000001113083848,branch,7906,https://2gis.ru/moscow/search/Продуктовые магазины/rubricId/373/filters/sort=name
Sweet&Snacks,магазин табачной продукции и снеков,Продуктовые магазины,"улица Новый Арбат, 5","1 этаж; вход со стороны ул. Новый Арбат, окна арочного типа, вывеска Sweet&Snacks",119019,,Арбат,Москва,,Москва,Россия,Пн: 00:00-24:00; Вт: 00:00-24:00; Ср: 00:00-24:00; Чт: 00:00-24:00; Пт: 00:00-24:00; Сб: 00:00-24:00; Вс: 00:00-24:00,+03:00,1.0,1,89037444792,,,,,,,,,,,,,,,,,,,,,,,,,,,,,,,,,,,,70000001104332288,55.752668,37.598051,4504235282750445,,,4,70000001104332287,Sweet&Snacks,магазин табачной продукции и снеков,Продуктовые магазины,shop,1,3,2026-06-15T10:14:31Z,,0,32,https://2gis.com/firm/70000001104332288,branch,7906,https://2gis.ru/moscow/search/Продуктовые магазины/rubricId/373/filters/sort=name
Tamara fruit,магазин армянских продуктов,Продуктовые магазины,"Торговая улица, ст1",1 этаж,119618,,,,Одинцовский городской округ,Московская область,Россия,Пн: 09:00-21:00; Вт: 09:00-21:00; Ср: 09:00-21:00; Чт: 09:00-21:00; Пт: 09:00-21:00; Сб: 09:00-21:00; Вс: 09:00-21:00,+03:00,,,,,,,,,,,,,,,,,,,,,,,,,,,,,,,,,,,,,,,70000001111248277,55.681492,37.415641,4504235282819418,Ангар сити,,1,70000001111248276,Tamara fruit,магазин армянских продуктов,Продуктовые магазины,shop,1,3,2026-02-06T12:38:19Z,,0,32,https://2gis.com/firm/70000001111248277,branch,7906,https://2gis.ru/moscow/search/Продуктовые магазины/rubricId/373/filters/sort=name
The green,магазин полезных продуктов,Продуктовые магазины,"бульвар Андрея Тарковского, 7",1 этаж,108850,,Внуково,Москва,,Москва,Россия,Пн: 09:00-22:00; Вт: 09:00-22:00; Ср: 09:00-22:00; Чт: 09:00-22:00; Пт: 09:00-22:00; Сб: 09:00-22:00; Вс: 09:00-22:00,+03:00,4.7,6,89613333823,,,,,,,,,,,,,,,,,,,,,,,,,,,,,,,,,,,,70000001089369048,55.625998,37.345378,4504235308671466,,,1,70000001089369047,The green,магазин полезных продуктов,Продуктовые магазины,shop,1,7,2026-05-19T16:35:27Z,,0,32,https://2gis.com/firm/70000001089369048,branch,7906,https://2gis.ru/moscow/search/Продуктовые магазины/rubricId/373/filters/sort=name
Tovuz market,продуктовый магазин,Продуктовые магазины,"Калужское шоссе 22 километр, 10",1-044 павильон; 1 этаж,108802,,Коммунарка,Москва,,Москва,Россия,Пн: 08:00-20:00; Вт: 08:00-20:00; Ср: 08:00-20:00; Чт: 08:00-20:00; Пт: 08:00-20:00; Сб: 08:00-20:00; Вс: 08:00-20:00,+03:00,,,,,,,,,,,,,,,,,,,,,,,,,,,,,,,,,,,,,,,70000001076477156,55.599439,37.474317,4504235283119276,ФУД СИТИ,70030076482998368,1,70000001076477155,Tovuz market,продуктовый магазин,Продуктовые магазины,shop,1,4,2026-06-22T12:04:22Z,,0,32,https://2gis.com/firm/70000001076477156,branch,7906,https://2gis.ru/moscow/search/Продуктовые магазины/rubricId/373/filters/sort=name
Vкусный Ассортимент,продуктовый магазин,Продуктовые магазины,"Шоссейная улица, 9в",,142304,,,,Чехов муниципальный округ,Московская область,Россия,Пн: 09:00-20:00; Вт: 09:00-20:00; Ср: 09:00-20:00; Чт: 09:00-20:00; Пт: 09:00-20:00; Сб: 09:00-20:00; Вс: 09:00-20:00,+03:00,,,89266820277,,,,,,,,,,,,,,,,,,,,,,,,,,,,,,,,,,,,70000001097027925,55.173428,37.419528,70030076321425141,,,3,70000001080939968,Vкусный Ассортимент,продуктовый магазин,Продуктовые магазины,shop,1,0,2025-01-17T13:35:29Z,,0,32,https://2gis.com/firm/70000001097027925,branch,7906,https://2gis.ru/moscow/search/Продуктовые магазины/rubricId/373/filters/sort=name
Tovuz market,продуктовый магазин,Продуктовые магазины,"Калужское шоссе 22 километр, 10",1-044 павильон; 1 этаж,108802,,Коммунарка,Москва,,Москва,Россия,Пн: 08:00-20:00; Вт: 08:00-20:00; Ср: 08:00-20:00; Чт: 08:00-20:00; Пт: 08:00-20:00; Сб: 08:00-20:00; Вс: 08:00-20:00,+03:00,,,,,,,,,,,,,,,,,,,,,,,,,,,,,,,,,,,,,,,70000001076477156,55.599439,37.474317,4504235283119276,ФУД СИТИ,70030076482998368,1,70000001076477155,Tovuz market,продуктовый магазин,Продуктовые магазины,shop,1,4,2026-06-22T12:04:22Z,,0,32,https://2gis.com/firm/70000001076477156,branch,7906,https://2gis.ru/moscow/search/Продуктовые магазины/rubricId/373/filters/sort=name
Verzilin,магазин,Продуктовые магазины,"улица Луначарского, 20",,249100,,,Таруса,Тарусский район,Калужская область,Россия,Пн: 08:00-19:00; Вт: 08:00-19:00; Ср: 08:00-19:00; Чт: 08:00-19:00; Пт: 08:00-19:00; Сб: 08:00-19:00; Вс: 08:00-19:00,+03:00,5.0,1,89208719143,,,,,,,,,,,,,,,,,,,,,,,,,,,,,,,,,,,,70000001071200552,54.727501,37.179056,70030076302528489,,,1,70000001071200551,Verzilin,магазин,Продуктовые магазины,shop,1,4,2025-06-09T11:50:25Z,,65568,0,https://2gis.com/firm/70000001071200552,branch,7906,https://2gis.ru/moscow/search/Продуктовые магазины/rubricId/373/filters/sort=name
Vip продукты,,Продуктовые магазины,"Аристово деревня, 19",,,,,,Ферзиковский район,Калужская область,Россия,"Пн: 09:00-12:00, 14:00-20:00; Ср: 09:00-12:00, 14:00-20:00; Чт: 09:00-12:00, 14:00-20:00; Пт: 09:00-12:00, 14:00-20:00; Сб: 09:00-12:00, 14:00-20:00; Вс: 09:00-12:00, 14:00-20:00",+03:00,,,,,,,,,,,,,,,,,,,,,,,,,,,,,,,,,,,,,,,70000001076025409,54.606051,36.67176,70030076338143189,,,1,70000001076025408,Vip продукты,,Продуктовые магазины,shop,1,0,2024-01-10T15:13:52Z,,65568,0,https://2gis.com/firm/70000001076025409,branch,7906,https://2gis.ru/moscow/search/Продуктовые магазины/rubricId/373/filters/sort=name
Vкусный Ассортимент,продуктовый магазин,Продуктовые магазины,"Шоссейная улица, 9в",,142304,,,,Чехов муниципальный округ,Московская область,Россия,Пн: 09:00-20:00; Вт: 09:00-20:00; Ср: 09:00-20:00; Чт: 09:00-20:00; Пт: 09:00-20:00; Сб: 09:00-20:00; Вс: 09:00-20:00,+03:00,,,89266820277,,,,,,,,,,,,,,,,,,,,,,,,,,,,,,,,,,,,70000001097027925,55.173428,37.419528,70030076321425141,,,3,70000001080939968,Vкусный Ассортимент,продуктовый магазин,Продуктовые магазины,shop,1,0,2025-01-17T13:35:29Z,,0,32,https://2gis.com/firm/70000001097027925,branch,7906,https://2gis.ru/moscow/search/Продуктовые магазины/rubricId/373/filters/sort=name
Vкусный Ассортимент,продуктовый магазин,Продуктовые магазины,"улица Кирова, 54 вл1",,142117,Ивановский м-н,,Подольск,Подольск городской округ,Московская область,Россия,Пн: 09:00-20:30; Вт: 09:00-20:30; Ср: 09:00-20:30; Чт: 09:00-20:30; Пт: 09:00-20:30; Сб: 09:00-20:30; Вс: 09:00-20:00,+03:00,,,89266280277,,,,,,,,,,,,,,,,,,,,,,,,,,,,,,,,,,,,70000001089106208,55.425049,37.525155,4504235283108812,,,3,70000001080939968,Vкусный Ассортимент,продуктовый магазин,Продуктовые магазины,shop,1,4,2025-07-31T19:34:32Z,,0,32,https://2gis.com/firm/70000001089106208,branch,7906,https://2gis.ru/moscow/search/Продуктовые магазины/rubricId/373/filters/sort=name
Waymark,минимаркет,Продуктовые магазины,"Стремянный переулок, 38",1 этаж,115054,,Замоскворечье,Москва,,Москва,Россия,Пн: 10:00-23:00; Вт: 10:00-23:00; Ср: 10:00-23:00; Чт: 10:00-23:00; Пт: 10:00-24:00; Сб: 10:00-24:00; Вс: 10:00-22:00,+03:00,,,,,,,,,,,,,,,,,,,,,,,,,,,,,,,,,,,,,,,70000001104971914,55.727104,37.626733,4504235282823559,Плеханов Плаза,,1,70000001104971913,Waymark,минимаркет,Продуктовые магазины,shop,1,6,2026-06-23T13:49:08Z,,0,32,https://2gis.com/firm/70000001104971914,branch,7906,https://2gis.ru/moscow/search/Продуктовые магазины/rubricId/373/filters/sort=name
Winestyle,винный магазин,Продуктовые магазины; Алкогольные напитки,"Кастанаевская улица, 17",,121096,,Филёвский парк,Москва,,Москва,Россия,Пн: 11:00-23:00; Вт: 11:00-23:00; Ср: 11:00-23:00; Чт: 11:00-23:00; Пт: 11:00-23:00; Сб: 11:00-23:00; Вс: 11:00-23:00 (Время продажи алкоголя ограничено.),+03:00,5.0,3,84959884558 (единая справочная: пн-пт 9:00-20:00),84997035151 (единая справочная),,,,,http://winestyle.ru,,,,,,https://twitter.com/winestyle_ru,,,,,,https://vk.com/winestyle,,,,,,viber://chat/?number=74997034803,,,https://t.me/winestyle_ru_bot,https://t.me/winestyle_wow_bot,,https://youtube.com/channel/UCLiji-3gzDdTHrsPMsaM2lg,,,,,,70000001048912501,55.737689,37.491553,4504235282650977,,,32,70000001017909086,Winestyle,винный магазин,Продуктовые магазины,shop,2,8,2026-04-17T12:24:01Z,,0,32,https://2gis.com/firm/70000001048912501,branch,7906,https://2gis.ru/moscow/search/Продуктовые магазины/rubricId/373/filters/sort=name
Yummy tummy,магазин,Продуктовые магазины,"Куприна проспект, 24 к3",,108826,,Коммунарка,Москва,,Москва,Россия,Пн: 11:30-22:00; Вт: 11:30-22:00; Ср: 11:30-22:00; Чт: 11:30-22:00; Пт: 11:30-22:00; Сб: 11:30-22:00; Вс: 11:30-22:00,+03:00,,,89775910966,,,,,,,,,,,,,,,,,,,,,,,,,,,,,,,,,,,,70000001101657820,55.544185,37.478032,70030076194800725,,,1,70000001101657819,Yummy tummy,магазин,Продуктовые магазины,shop,1,3,2025-11-23T19:20:09Z,,0,32,https://2gis.com/firm/70000001101657820,branch,7906,https://2gis.ru/moscow/search/Продуктовые магазины/rubricId/373/filters/sort=name
А-Корнеев,продуктовый магазин,Продуктовые магазины; Алкогольные напитки,"улица Академика Арцимовича, 22",цокольный этаж,117437,,Коньково,Москва,,Москва,Россия,Пн: 09:00-23:00; Вт: 09:00-23:00; Ср: 09:00-23:00; Чт: 09:00-23:00; Пт: 09:00-23:00; Сб: 09:00-23:00; Вс: 09:00-23:00 (Время продажи алкоголя ограничено.),+03:00,,,84953358996,,,,,,,,,,,,,,,,,,,,,,,,,,,,,,,,,,,,4504127915363337,55.638307,37.510496,4504235282570689,,,1,4504136499236866,"А-Корнеев, ООО, продуктовый магазин",продуктовый магазин,Продуктовые магазины,shop,2,5,2025-09-08T10:15:20Z,,0,32,https://2gis.com/firm/4504127915363337,branch,7906,https://2gis.ru/moscow/search/Продуктовые магазины/rubricId/373/filters/sort=name
А-Ритэйл,минимаркет,Продуктовые магазины,"Дербеневская набережная, 7 ст9",1 этаж,115114,,Даниловский,Москва,,Москва,Россия,Пн: 08:00-19:00; Вт: 08:00-19:00; Ср: 08:00-19:00; Чт: 08:00-19:00; Пт: 08:00-19:00,+03:00,,,,,,,,,,,,,,,,,,,,,,,,,,,,,,,,,,,,,,,70000001082827362,55.723314,37.654629,4504235282821681,,,4,70000001021777109,А-Ритэйл,минимаркет,Продуктовые магазины,shop,1,5,2026-05-26T15:20:40Z,,0,32,https://2gis.com/firm/70000001082827362,branch,7906,https://2gis.ru/moscow/search/Продуктовые магазины/rubricId/373/filters/sort=name
А-Ритэйл,минимаркет,Продуктовые магазины,"улица Электрозаводская, 27 ст8",2 этаж,107023,,Преображенское,Москва,,Москва,Россия,Пн: 08:00-19:00; Вт: 08:00-19:00; Ср: 08:00-19:00; Чт: 08:00-19:00; Пт: 08:00-19:00,+03:00,,,,,,,,,,,,,,,,,,,,,,,,,,,,,,,,,,,,,,,70000001038114043,55.791536,37.705692,4504235282654335,,,4,70000001021777109,А-Ритэйл,минимаркет,Продуктовые магазины,shop,1,5,2026-02-18T11:52:32Z,,0,32,https://2gis.com/firm/70000001038114043,branch,7906,https://2gis.ru/moscow/search/Продуктовые магазины/rubricId/373/filters/sort=name
А-Ритэйл,минимаркет,Продуктовые магазины,"Крылатская улица, 17 к3",1 этаж,121614,,Крылатское,Москва,,Москва,Россия,Пн: 08:00-19:00; Вт: 08:00-19:00; Ср: 08:00-19:00; Чт: 08:00-19:00; Пт: 08:00-19:00,+03:00,2.5,2,,,,,,,,,,,,,,,,,,,,,,,,,,,,,,,,,,,,,70000001035769383,55.77075,37.421255,4504235282698686,,,4,70000001021777109,А-Ритэйл,минимаркет,Продуктовые магазины,shop,1,5,2026-01-16T14:08:13Z,,0,32,https://2gis.com/firm/70000001035769383,branch,7906,https://2gis.ru/moscow/search/Продуктовые магазины/rubricId/373/filters/sort=name
Авокадо,магазин у дома,Продуктовые магазины,"улица Германа Титова, 12 к2",1 этаж,141401,Старые Химки м-н,,Химки,Химки городской округ,Московская область,Россия,Пн: 07:00-23:00; Вт: 07:00-23:00; Ср: 07:00-23:00; Чт: 07:00-23:00; Пт: 07:00-23:00; Сб: 07:00-23:00; Вс: 07:00-23:00,+03:00,4.0,2,89252913387,,,,,,http://авокадо.рф,http://t.me/avocadoswnn,,,,,,,,,,,https://vk.com/avocadoswnn,,,,,,,,,,,,,,,,,,70000001027824785,55.917587,37.415831,4504235295613686,,,1,70000001027824784,Авокадо,магазин у дома,Продуктовые магазины,shop,1,4,2026-07-07T06:47:25Z,,0,32,https://2gis.com/firm/70000001027824785,branch,7906,https://2gis.ru/moscow/search/Продуктовые магазины/rubricId/373/filters/sort=name
Авокадо,магазин у дома,Продуктовые магазины,"Каскадная улица, 20 к3",1 этаж,111625,Ухтомский м-н,Косино-Ухтомский,Москва,,Москва,Россия,Пн: 09:00-23:00; Вт: 09:00-23:00; Ср: 09:00-23:00; Чт: 09:00-23:00; Пт: 09:00-23:00; Сб: 09:00-23:00; Вс: 09:00-23:00,+03:00,1.4,1,89154646815,,,,,,http://авокадо.рф/,,,,,,,,,,,,,,,,,,,,,,,,,,,,,,70000001066973567,55.706387,37.869285,4504235282644198,,,1,70000001066973566,Авокадо,магазин у дома,Продуктовые магазины,shop,1,3,2026-07-07T06:47:21Z,,0,32,https://2gis.com/firm/70000001066973567,branch,7906,https://2gis.ru/moscow/search/Продуктовые магазины/rubricId/373/filters/sort=name
Авокадо,мини-маркет,Продуктовые магазины,"Лихачёвский проспект, 70 к1",1 этаж,141700,Центральный м-н,,Долгопрудный,Долгопрудный городской округ,Московская область,Россия,Пн: 08:00-23:00; Вт: 08:00-23:00; Ср: 08:00-23:00; Чт: 08:00-23:00; Пт: 08:00-23:00; Сб: 08:00-23:00; Вс: 08:00-23:00,+03:00,4.0,2,89637127803,,,,,,http://авокадо.рф,,,,,,,,,,,,,,,https://wa.me/79637127803,,,,,,,,,,,,,,,70000001007364737,55.934476,37.494406,4504235282980230,,,1,4504136499401021,Авокадо,мини-маркет,Продуктовые магазины,shop,1,5,2026-02-28T16:12:17Z,,0,32,https://2gis.com/firm/70000001007364737,branch,7906,https://2gis.ru/moscow/search/Продуктовые магазины/rubricId/373/filters/sort=name
Авокадо,минимаркет,Продуктовые магазины,"Мелитопольская улица, 1 ст2",,117403,,Бирюлёво Западное,Москва,,Москва,Россия,Пн: 08:00-20:00; Вт: 08:00-20:00; Ср: 08:00-20:00; Чт: 08:00-20:00; Пт: 08:00-20:00; Сб: 08:00-20:00; Вс: 08:00-20:00,+03:00,,,88002007575,,,,,,http://авокадо.рф,http://max.ru/avocado_grocery_stores,,,,,,,,,,,,,,,,,,,,https://t.me/avocadoswnn,,,,,,,,,70000001115658744,55.585859,37.634832,4504235282665252,,,687,70000001041565312,Авокадо,минимаркет,Продуктовые магазины,shop,1,0,2026-07-07T06:47:26Z,,0,32,https://2gis.com/firm/70000001115658744,branch,7906,https://2gis.ru/moscow/search/Продуктовые магазины/rubricId/373/filters/sort=name
Авокадо,минимаркет,Продуктовые магазины,"Прокшинский проспект, 5",,108802,,Коммунарка,Москва,,Москва,Россия,Пн: 08:00-23:00; Вт: 08:00-23:00; Ср: 08:00-23:00; Чт: 08:00-23:00; Пт: 08:00-23:00; Сб: 08:00-23:00; Вс: 08:00-23:00,+03:00,,,88002007575,,,,,,http://авокадо.рф,http://max.ru/avocado_grocery_stores,,,,,,,,,,,,,,,,,,,,https://t.me/avocadoswnn,,,,,,,,,70000001115658741,55.59278,37.430129,70030076455864545,,,687,70000001041565312,Авокадо,минимаркет,Продуктовые магазины,shop,1,0,2026-07-07T06:47:26Z,,0,32,https://2gis.com/firm/70000001115658741,branch,7906,https://2gis.ru/moscow/search/Продуктовые магазины/rubricId/373/filters/sort=name
Авокадо,минимаркет,Продуктовые магазины,"Андропова проспект, 31а",,115487,,Нагатинский Затон,Москва,,Москва,Россия,Пн: 08:00-22:00; Вт: 08:00-22:00; Ср: 08:00-22:00; Чт: 08:00-22:00; Пт: 08:00-22:00; Сб: 08:00-22:00; Вс: 08:00-22:00,+03:00,,,88002007575,,,,,,http://авокадо.рф,http://max.ru/avocado_grocery_stores,,,,,,,,,,,,,,,,,,,,https://t.me/avocadoswnn,,,,,,,,,70000001115658724,55.67476,37.665981,4504235283018450,,,687,70000001041565312,Авокадо,минимаркет,Продуктовые магазины,shop,1,0,2026-07-07T06:47:35Z,,0,32,https://2gis.com/firm/70000001115658724,branch,7906,https://2gis.ru/moscow/search/Продуктовые магазины/rubricId/373/filters/sort=name
Авокадо,минимаркет,Продуктовые магазины,"переулок Капранова, 2/11",,123242,,Пресненский,Москва,,Москва,Россия,Пн: 08:00-22:00; Вт: 08:00-22:00; Ср: 08:00-22:00; Чт: 08:00-22:00; Пт: 08:00-22:00; Сб: 08:00-22:00; Вс: 08:00-22:00,+03:00,,,88002007575,,,,,,http://авокадо.рф,http://max.ru/avocado_grocery_stores,,,,,,,,,,,,,,,,,,,,https://t.me/avocadoswnn,,,,,,,,,70000001115658697,55.757528,37.575226,4504235282583673,,,687,70000001041565312,Авокадо,минимаркет,Продуктовые магазины,shop,1,0,2026-07-07T06:47:31Z,,0,32,https://2gis.com/firm/70000001115658697,branch,7906,https://2gis.ru/moscow/search/Продуктовые магазины/rubricId/373/filters/sort=name
Авокадо,минимаркет,Продуктовые магазины,"Трёхгорный Вал улица, 20",,123022,,Пресненский,Москва,,Москва,Россия,Пн: 08:00-23:00; Вт: 08:00-23:00; Ср: 08:00-23:00; Чт: 08:00-23:00; Пт: 08:00-23:00; Сб: 08:00-23:00; Вс: 08:00-23:00,+03:00,,,88002007575,,,,,,http://авокадо.рф,http://max.ru/avocado_grocery_stores,,,,,,,,,,,,,,,,,,,,https://t.me/avocadoswnn,,,,,,,,,70000001115658673,55.761372,37.562223,4504235282567415,,,687,70000001041565312,Авокадо,минимаркет,Продуктовые магазины,shop,1,0,2026-07-07T06:47:23Z,,0,32,https://2gis.com/firm/70000001115658673,branch,7906,https://2gis.ru/moscow/search/Продуктовые магазины/rubricId/373/filters/sort=name
Авокадо,минимаркет,Продуктовые магазины,"Пролетарская улица, 5",,142155,Львовский м-н,,Подольск,Подольск городской округ,Московская область,Россия,Пн: 08:00-22:00; Вт: 08:00-22:00; Ср: 08:00-22:00; Чт: 08:00-22:00; Пт: 08:00-22:00; Сб: 08:00-22:00; Вс: 08:00-22:00,+03:00,,,88002007575,,,,,,http://авокадо.рф,http://max.ru/avocado_grocery_stores,,,,,,,,,,,,,,,,,,,,https://t.me/avocadoswnn,,,,,,,,,70000001115658639,55.316155,37.521988,70030076985078742,,,687,70000001041565312,Авокадо,минимаркет,Продуктовые магазины,shop,1,0,2026-07-07T06:47:20Z,,0,32,https://2gis.com/firm/70000001115658639,branch,7906,https://2gis.ru/moscow/search/Продуктовые магазины/rubricId/373/filters/sort=name
Авокадо,минимаркет,Продуктовые магазины,"Звенигородское шоссе, 7",,123022,,Пресненский,Москва,,Москва,Россия,Пн: 08:00-22:00; Вт: 08:00-22:00; Ср: 08:00-22:00; Чт: 08:00-22:00; Пт: 08:00-22:00; Сб: 08:00-22:00; Вс: 08:00-22:00,+03:00,,,88002007575,,,,,,http://авокадо.рф,http://max.ru/avocado_grocery_stores,,,,,,,,,,,,,,,,,,,,https://t.me/avocadoswnn,,,,,,,,,70000001115658635,55.763908,37.552789,4504235282789840,,,687,70000001041565312,Авокадо,минимаркет,Продуктовые магазины,shop,1,0,2026-07-07T06:47:19Z,,0,32,https://2gis.com/firm/70000001115658635,branch,7906,https://2gis.ru/moscow/search/Продуктовые магазины/rubricId/373/filters/sort=name
Авокадо,минимаркет,Продуктовые магазины,"Заворово село, 89",,140160,,,,Раменский муниципальный округ,Московская область,Россия,Пн: 08:00-21:00; Вт: 08:00-21:00; Ср: 08:00-21:00; Чт: 08:00-21:00; Пт: 08:00-21:00; Сб: 08:00-21:00; Вс: 08:00-21:00,+03:00,,,89779223514,89775493959,,,,,http://авокадо.рф,http://max.ru/avocado_grocery_stores,,,,,,,,,,,,,,,,,,,,https://t.me/avocadoswnn,,,,,,,,,70000001115141541,55.343556,38.23057,70030076339056145,,,687,70000001041565312,Авокадо,минимаркет,Продуктовые магазины,shop,1,4,2026-07-07T12:37:48Z,,0,32,https://2gis.com/firm/70000001115141541,branch,7906,https://2gis.ru/moscow/search/Продуктовые магазины/rubricId/373/filters/sort=name
Авокадо,минимаркет,Продуктовые магазины,"Солнечный бульвар, 9",,142710,,,,Ленинский городской округ,Московская область,Россия,Пн: 09:00-23:00; Вт: 09:00-23:00; Ср: 09:00-23:00; Чт: 09:00-23:00; Пт: 09:00-23:00; Сб: 09:00-23:00; Вс: 09:00-23:00,+03:00,,,88002007575,,,,,,http://авокадо.рф,http://max.ru/avocado_grocery_stores,,,,,,,,,,,,,,,,,,,,https://t.me/avocadoswnn,,,,,,,,,70000001114910885,55.532175,37.645682,4504235301248878,,,687,70000001041565312,Авокадо,минимаркет,Продуктовые магазины,shop,1,0,2026-07-08T06:07:55Z,,0,32,https://2gis.com/firm/70000001114910885,branch,7906,https://2gis.ru/moscow/search/Продуктовые магазины/rubricId/373/filters/sort=name
Авокадо,минимаркет,Продуктовые магазины,"Звенигородское шоссе, 7",,123022,,Пресненский,Москва,,Москва,Россия,Пн: 08:00-22:00; Вт: 08:00-22:00; Ср: 08:00-22:00; Чт: 08:00-22:00; Пт: 08:00-22:00; Сб: 08:00-22:00; Вс: 08:00-22:00,+03:00,,,88002007575,,,,,,http://авокадо.рф,http://max.ru/avocado_grocery_stores,,,,,,,,,,,,,,,,,,,,https://t.me/avocadoswnn,,,,,,,,,70000001115658635,55.763908,37.552789,4504235282789840,,,687,70000001041565312,Авокадо,минимаркет,Продуктовые магазины,shop,1,0,2026-07-07T06:47:19Z,,0,32,https://2gis.com/firm/70000001115658635,branch,7906,https://2gis.ru/moscow/search/Продуктовые магазины/rubricId/373/filters/sort=name
Авокадо,минимаркет,Продуктовые магазины,"Заворово село, 89",,140160,,,,Раменский муниципальный округ,Московская область,Россия,Пн: 08:00-21:00; Вт: 08:00-21:00; Ср: 08:00-21:00; Чт: 08:00-21:00; Пт: 08:00-21:00; Сб: 08:00-21:00; Вс: 08:00-21:00,+03:00,,,89779223514,89775493959,,,,,http://авокадо.рф,http://max.ru/avocado_grocery_stores,,,,,,,,,,,,,,,,,,,,https://t.me/avocadoswnn,,,,,,,,,70000001115141541,55.343556,38.23057,70030076339056145,,,687,70000001041565312,Авокадо,минимаркет,Продуктовые магазины,shop,1,4,2026-07-07T12:37:48Z,,0,32,https://2gis.com/firm/70000001115141541,branch,7906,https://2gis.ru/moscow/search/Продуктовые магазины/rubricId/373/filters/sort=name
Авокадо,минимаркет,Продуктовые магазины,"Солнечный бульвар, 9",,142710,,,,Ленинский городской округ,Московская область,Россия,Пн: 09:00-23:00; Вт: 09:00-23:00; Ср: 09:00-23:00; Чт: 09:00-23:00; Пт: 09:00-23:00; Сб: 09:00-23:00; Вс: 09:00-23:00,+03:00,,,88002007575,,,,,,http://авокадо.рф,http://max.ru/avocado_grocery_stores,,,,,,,,,,,,,,,,,,,,https://t.me/avocadoswnn,,,,,,,,,70000001114910885,55.532175,37.645682,4504235301248878,,,687,70000001041565312,Авокадо,минимаркет,Продуктовые магазины,shop,1,0,2026-07-08T06:07:55Z,,0,32,https://2gis.com/firm/70000001114910885,branch,7906,https://2gis.ru/moscow/search/Продуктовые магазины/rubricId/373/filters/sort=name
Авокадо,минимаркет,Продуктовые магазины,"4-й квартал, 41 к3",,142717,,,,Ленинский городской округ,Московская область,Россия,Пн: 09:00-23:00; Вт: 09:00-23:00; Ср: 09:00-23:00; Чт: 09:00-23:00; Пт: 09:00-23:00; Сб: 09:00-23:00; Вс: 09:00-23:00,+03:00,,,88002007575,,,,,,http://авокадо.рф,http://max.ru/avocado_grocery_stores,,,,,,,,,,,,,,,,,,,,https://t.me/avocadoswnn,,,,,,,,,70000001114855289,55.587878,37.75782,4504235282804167,,,687,70000001041565312,Авокадо,минимаркет,Продуктовые магазины,shop,1,0,2026-06-06T04:51:49Z,,0,32,https://2gis.com/firm/70000001114855289,branch,7906,https://2gis.ru/moscow/search/Продуктовые магазины/rubricId/373/filters/sort=name
Авокадо,минимаркет,Продуктовые магазины,"Измайловское шоссе, 71 к4г-д",,105613,,Измайлово,Москва,,Москва,Россия,Пн: 08:00-21:00; Вт: 08:00-21:00; Ср: 08:00-21:00; Чт: 08:00-21:00; Пт: 08:00-21:00; Сб: 08:00-21:00; Вс: 08:00-21:00,+03:00,,,88002007575,,,,,,http://авокадо.рф,http://max.ru/avocado_grocery_stores,,,,,,,,,,,,,,,,,,,,https://t.me/avocadoswnn,,,,,,,,,70000001114855276,55.791522,37.748013,4504235282547287,,,687,70000001041565312,Авокадо,минимаркет,Продуктовые магазины,shop,1,0,2026-06-06T04:51:41Z,,0,32,https://2gis.com/firm/70000001114855276,branch,7906,https://2gis.ru/moscow/search/Продуктовые магазины/rubricId/373/filters/sort=name
Авокадо,минимаркет,Продуктовые магазины,"Ломоносовский проспект, 23",,119311,,Гагаринский,Москва,,Москва,Россия,Пн: 08:00-22:00; Вт: 08:00-22:00; Ср: 08:00-22:00; Чт: 08:00-22:00; Пт: 08:00-22:00; Сб: 08:00-22:00; Вс: 08:00-22:00,+03:00,,,88002007575,,,,,,http://авокадо.рф,http://max.ru/avocado_grocery_stores,,,,,,,,,,,,,,,,,,,,https://t.me/avocadoswnn,,,,,,,,,70000001114855272,55.690814,37.538964,4504235282597488,,,687,70000001041565312,Авокадо,минимаркет,Продуктовые магазины,shop,1,0,2026-07-07T06:47:28Z,,0,32,https://2gis.com/firm/70000001114855272,branch,7906,https://2gis.ru/moscow/search/Продуктовые магазины/rubricId/373/filters/sort=name
Авокадо,минимаркет,Продуктовые магазины,"Измайловское шоссе, 71 к2Б",,105613,,Измайлово,Москва,,Москва,Россия,Пн: 08:00-22:00; Вт: 08:00-22:00; Ср: 08:00-22:00; Чт: 08:00-22:00; Пт: 08:00-22:00; Сб: 08:00-22:00; Вс: 08:00-22:00,+03:00,,,88002007575,,,,,,http://авокадо.рф,http://max.ru/avocado_grocery_stores,,,,,,,,,,,,,,,,,,,,https://t.me/avocadoswnn,,,,,,,,,70000001114855267,55.789615,37.747355,4504235282547281,Гостиница Бета,,687,70000001041565312,Авокадо,минимаркет,Продуктовые магазины,shop,1,0,2026-06-06T04:51:47Z,,0,32,https://2gis.com/firm/70000001114855267,branch,7906,https://2gis.ru/moscow/search/Продуктовые магазины/rubricId/373/filters/sort=name
Авокадо,минимаркет,Продуктовые магазины,"Пейзажная улица, ст1а",,141054,,,,Мытищи городской округ,Московская область,Россия,Пн: 09:00-21:00; Вт: 09:00-21:00; Ср: 09:00-21:00; Чт: 09:00-21:00; Пт: 09:00-21:00; Сб: 09:00-21:00; Вс: 09:00-21:00,+03:00,,,88002007575,,,,,,http://авокадо.рф,http://max.ru/avocado_grocery_stores,,,,,,,,,,,,,,,,,,,,https://t.me/avocadoswnn,,,,,,,,,70000001114855230,56.130981,37.595526,4504235283273668,,,687,70000001041565312,Авокадо,минимаркет,Продуктовые магазины,shop,1,0,2026-06-06T04:51:36Z,,0,32,https://2gis.com/firm/70000001114855230,branch,7906,https://2gis.ru/moscow/search/Продуктовые магазины/rubricId/373/filters/sort=name
Авокадо,минимаркет,Продуктовые магазины,"Очаковское шоссе, 17 к2",,119530,Очаково м-н,Очаково-Матвеевское,Москва,,Москва,Россия,Пн: 08:00-22:00; Вт: 08:00-22:00; Ср: 08:00-22:00; Чт: 08:00-22:00; Пт: 08:00-22:00; Сб: 08:00-22:00; Вс: 08:00-22:00,+03:00,,,88002007575,,,,,,http://авокадо.рф,http://max.ru/avocado_grocery_stores,,,,,,,,,,,,,,,,,,,,https://t.me/avocadoswnn,,,,,,,,,70000001114808996,55.691547,37.453272,4504235282564600,,,687,70000001041565312,Авокадо,минимаркет,Продуктовые магазины,shop,1,3,2026-06-06T04:55:14Z,,0,32,https://2gis.com/firm/70000001114808996,branch,7906,https://2gis.ru/moscow/search/Продуктовые магазины/rubricId/373/filters/sort=name
Авокадо,минимаркет,Продуктовые магазины,,,143910,,,Балашиха,Балашиха городской округ,Московская область,Россия,Пн: 08:00-19:00; Вт: 08:00-19:00; Ср: 08:00-19:00; Чт: 08:00-19:00; Пт: 08:00-19:00; Сб: 08:00-19:00; Вс: 08:00-19:00,+03:00,,,88002007575,,,,,,http://авокадо.рф,http://max.ru/avocado_grocery_stores,,,,,,,,,,,,,,,,,,,,https://t.me/avocadoswnn,,,,,,,,,70000001114510732,55.812019,37.963003,4504235300232496,,,687,70000001041565312,Авокадо,минимаркет,Продуктовые магазины,shop,1,3,2026-07-07T06:47:33Z,,0,32,https://2gis.com/firm/70000001114510732,branch,7906,https://2gis.ru/moscow/search/Продуктовые магазины/rubricId/373/filters/sort=name
Авокадо,минимаркет,Продуктовые магазины,"Первомайская улица, 18",,140060,,,,Люберцы городской округ,Московская область,Россия,Пн: 09:00-22:00; Вт: 09:00-22:00; Ср: 09:00-22:00; Чт: 09:00-22:00; Пт: 09:00-22:00; Сб: 09:00-22:00; Вс: 09:00-22:00,+03:00,,,88002007575,,,,,,http://авокадо.рф,http://max.ru/avocado_grocery_stores,,,,,,,,,,,,,,,,,,,,https://t.me/avocadoswnn,,,,,,,,,70000001114066965,55.604737,37.97264,4504235282781352,,,687,70000001041565312,Авокадо,минимаркет,Продуктовые магазины,shop,1,0,2026-07-07T06:47:20Z,,0,32,https://2gis.com/firm/70000001114066965,branch,7906,https://2gis.ru/moscow/search/Продуктовые магазины/rubricId/373/filters/sort=name
Авокадо,минимаркет,Продуктовые магазины,"улица Лётчика Ларюшина, 6 к1",,140003,,,Люберцы,Люберцы городской округ,Московская область,Россия,Пн: 08:00-23:00; Вт: 08:00-23:00; Ср: 08:00-23:00; Чт: 08:00-23:00; Пт: 08:00-23:00; Сб: 08:00-23:00; Вс: 08:00-23:00,+03:00,,,89265125851,89990852369,89017991690,,,,http://авокадо.рф,http://max.ru/avocado_grocery_stores,,,,,,,,,,,,,,,,,,,,https://t.me/avocadoswnn,,,,,,,,,70000001114065011,55.676999,37.865807,70030076191297813,,,687,70000001041565312,Авокадо,минимаркет,Продуктовые магазины,shop,1,0,2026-07-07T11:34:39Z,,0,32,https://2gis.com/firm/70000001114065011,branch,7906,https://2gis.ru/moscow/search/Продуктовые магазины/rubricId/373/filters/sort=name
Авокадо,минимаркет,Продуктовые магазины,"Дмитровское шоссе, 163",,127495,,Северный,Москва,,Москва,Россия,Пн: 08:00-21:00; Вт: 08:00-21:00; Ср: 08:00-21:00; Чт: 08:00-21:00; Пт: 08:00-21:00; Сб: 08:00-21:00; Вс: 08:00-21:00,+03:00,,,88002007575,,,,,,http://авокадо.рф,http://max.ru/avocado_grocery_stores,,,,,,,,,,,,,,,,,,,,https://t.me/avocadoswnn,,,,,,,,,70000001114031557,55.911015,37.541221,4504235282946797,,,687,70000001041565312,Авокадо,минимаркет,Продуктовые магазины,shop,1,0,2026-06-06T04:51:35Z,,0,32,https://2gis.com/firm/70000001114031557,branch,7906,https://2gis.ru/moscow/search/Продуктовые магазины/rubricId/373/filters/sort=name
Авокадо,минимаркет,Продуктовые магазины,"Ленинградское шоссе, 71г",,125445,,Левобережный,Москва,,Москва,Россия,Пн: 08:00-23:00; Вт: 08:00-23:00; Ср: 08:00-23:00; Чт: 08:00-23:00; Пт: 08:00-23:00; Сб: 08:00-23:00; Вс: 08:00-23:00,+03:00,,,88002007575,,,,,,http://авокадо.рф,http://max.ru/avocado_grocery_stores,,,,,,,,,,,,,,,,,,,,https://t.me/avocadoswnn,,,,,,,,,70000001114031545,55.87647,37.447584,4504235282548926,ТЦ METRO,,687,70000001041565312,Авокадо,минимаркет,Продуктовые магазины,shop,1,0,2026-06-06T04:51:34Z,,0,32,https://2gis.com/firm/70000001114031545,branch,7906,https://2gis.ru/moscow/search/Продуктовые магазины/rubricId/373/filters/sort=name
Авокадо,минимаркет,Продуктовые магазины,"Южнопортовая улица, 18",,115193,,Южнопортовый,Москва,,Москва,Россия,Пн: 08:00-23:00; Вт: 08:00-23:00; Ср: 08:00-23:00; Чт: 08:00-23:00; Пт: 08:00-23:00; Сб: 08:00-23:00; Вс: 08:00-23:00,+03:00,,,89175640775,,,,,,http://авокадо.рф,http://max.ru/avocado_grocery_stores,,,,,,,,,,,,,,,,,,,,https://t.me/avocadoswnn,,,,,,,,,70000001114031528,55.706337,37.684715,4504235282626999,,,687,70000001041565312,Авокадо,минимаркет,Продуктовые магазины,shop,1,0,2026-07-07T07:19:13Z,,0,32,https://2gis.com/firm/70000001114031528,branch,7906,https://2gis.ru/moscow/search/Продуктовые магазины/rubricId/373/filters/sort=name
Авокадо,минимаркет,Продуктовые магазины,"Варшавское шоссе, 2",,117105,,Донской,Москва,,Москва,Россия,Пн: 00:00-24:00; Вт: 00:00-24:00; Ср: 00:00-24:00; Чт: 00:00-24:00; Пт: 00:00-24:00; Сб: 00:00-24:00; Вс: 00:00-24:00,+03:00,,,88002007575,,,,,,http://авокадо.рф,http://max.ru/avocado_grocery_stores,,,,,,,,,,,,,,,,,,,,https://t.me/avocadoswnn,,,,,,,,,70000001113531934,55.700274,37.620295,4504235282706093,,,687,70000001041565312,Авокадо,минимаркет,Продуктовые магазины,shop,1,4,2026-06-06T04:51:52Z,,0,32,https://2gis.com/firm/70000001113531934,branch,7906,https://2gis.ru/moscow/search/Продуктовые магазины/rubricId/373/filters/sort=name
Авокадо,минимаркет,Продуктовые магазины,"МКАД 8 километр, 3 к2",,109145,,Выхино-Жулебино,Москва,,Москва,Россия,Пн: 08:00-22:00; Вт: 08:00-22:00; Ср: 08:00-22:00; Чт: 08:00-22:00; Пт: 08:00-22:00; Сб: 08:00-22:00; Вс: 08:00-22:00,+03:00,,,88002007575,,,,,,http://авокадо.рф,http://max.ru/avocado_grocery_stores,,,,,,,,,,,,,,,,,,,,https://t.me/avocadoswnn,,,,,,,,,70000001113149050,55.703581,37.833751,4504235283019223,ТРЦ Скарабей,,687,70000001041565312,Авокадо,минимаркет,Продуктовые магазины,shop,1,0,2026-06-06T04:51:57Z,,0,32,https://2gis.com/firm/70000001113149050,branch,7906,https://2gis.ru/moscow/search/Продуктовые магазины/rubricId/373/filters/sort=name
Авокадо,минимаркет,Продуктовые магазины,"улица Милашенкова, 10",,127322,,Бутырский,Москва,,Москва,Россия,Пн: 08:00-22:00; Вт: 08:00-22:00; Ср: 08:00-22:00; Чт: 08:00-22:00; Пт: 08:00-22:00; Сб: 08:00-22:00; Вс: 08:00-22:00,+03:00,,,88002007575,,,,,,http://авокадо.рф,http://max.ru/avocado_grocery_stores,,,,,,,,,,,,,,,,,,,,https://t.me/avocadoswnn,,,,,,,,,70000001113149040,55.826417,37.582954,4504235282596752,,,687,70000001041565312,Авокадо,минимаркет,Продуктовые магазины,shop,1,0,2026-06-06T04:51:49Z,,0,32,https://2gis.com/firm/70000001113149040,branch,7906,https://2gis.ru/moscow/search/Продуктовые магазины/rubricId/373/filters/sort=name
Авокадо,минимаркет,Продуктовые магазины,"улица Захарьинские Дворики, 1 к2",,117148,,Щербинка,Москва,,Москва,Россия,Пн: 08:00-23:00; Вт: 08:00-23:00; Ср: 08:00-23:00; Чт: 08:00-23:00; Пт: 08:00-23:00; Сб: 08:00-23:00; Вс: 08:00-23:00,+03:00,,,88002007575,,,,,,http://авокадо.рф,http://max.ru/avocado_grocery_stores,,,,,,,,,,,,,,,,,,,,https://t.me/avocadoswnn,,,,,,,,,70000001113149030,55.502575,37.576232,4504235282973721,,,687,70000001041565312,Авокадо,минимаркет,Продуктовые магазины,shop,1,0,2026-06-06T04:51:40Z,,0,32,https://2gis.com/firm/70000001113149030,branch,7906,https://2gis.ru/moscow/search/Продуктовые магазины/rubricId/373/filters/sort=name
Авокадо,минимаркет,Продуктовые магазины,"улица Маяковского, 2",,141241,Мамонтовка м-н,,Пушкино,Пушкинский городской округ,Московская область,Россия,Пн: 09:00-22:00; Вт: 09:00-22:00; Ср: 09:00-22:00; Чт: 09:00-22:00; Пт: 09:00-22:00; Сб: 09:00-22:00; Вс: 09:00-22:00,+03:00,,,88002007575,,,,,,http://авокадо.рф,http://max.ru/avocado_grocery_stores,,,,,,,,,,,,,,,,,,,,https://t.me/avocadoswnn,,,,,,,,,70000001112473510,55.993378,37.812671,70030076384453368,,,687,70000001041565312,Авокадо,минимаркет,Продуктовые магазины,shop,1,0,2026-06-06T04:51:47Z,,0,32,https://2gis.com/firm/70000001112473510,branch,7906,https://2gis.ru/moscow/search/Продуктовые магазины/rubricId/373/filters/sort=name
Авокадо,минимаркет,Продуктовые магазины,"Европейский проезд, 1",,140126,Новая Европа коттеджный пос.,,,Раменский муниципальный округ,Московская область,Россия,Пн: 09:00-23:00; Вт: 09:00-23:00; Ср: 09:00-23:00; Чт: 09:00-23:00; Пт: 09:00-23:00; Сб: 09:00-23:00; Вс: 09:00-23:00,+03:00,,,88002007575,,,,,,http://авокадо.рф,http://max.ru/avocado_grocery_stores,,,,,,,,,,,,,,,,,,,,https://t.me/avocadoswnn,,,,,,,,,70000001112473438,55.495747,38.139571,70030076333511214,,,687,70000001041565312,Авокадо,минимаркет,Продуктовые магазины,shop,1,0,2026-06-06T04:51:40Z,,0,32,https://2gis.com/firm/70000001112473438,branch,7906,https://2gis.ru/moscow/search/Продуктовые магазины/rubricId/373/filters/sort=name
Авокадо,минимаркет,Продуктовые магазины,"Адмирала Лазарева улица, 72",,117041,,Южное Бутово,Москва,,Москва,Россия,Пн: 08:00-23:00; Вт: 08:00-23:00; Ср: 08:00-23:00; Чт: 08:00-23:00; Пт: 08:00-23:00; Сб: 08:00-23:00; Вс: 08:00-23:00,+03:00,,,88002007575,,,,,,http://авокадо.рф,http://max.ru/avocado_grocery_stores,,,,,,,,,,,,,,,,,,,,https://t.me/avocadoswnn,,,,,,,,,70000001112473342,55.537762,37.505535,4504235282774690,,,687,70000001041565312,Авокадо,минимаркет,Продуктовые магазины,shop,1,0,2026-06-06T04:51:36Z,,0,32,https://2gis.com/firm/70000001112473342,branch,7906,https://2gis.ru/moscow/search/Продуктовые магазины/rubricId/373/filters/sort=name
Авокадо,минимаркет,Продуктовые магазины,"Верейская улица, 9",,121357,,Можайский,Москва,,Москва,Россия,Пн: 00:00-24:00; Вт: 00:00-24:00; Ср: 00:00-24:00; Чт: 00:00-24:00; Пт: 00:00-24:00; Сб: 00:00-24:00; Вс: 00:00-24:00,+03:00,,,88002007575,,,,,,http://авокадо.рф,http://max.ru/avocado_grocery_stores,,,,,,,,,,,,,,,,,,,,https://t.me/avocadoswnn,,,,,,,,,70000001112473314,55.709829,37.445965,4504235282702059,,,687,70000001041565312,Авокадо,минимаркет,Продуктовые магазины,shop,1,0,2026-06-06T04:51:34Z,,0,32,https://2gis.com/firm/70000001112473314,branch,7906,https://2gis.ru/moscow/search/Продуктовые магазины/rubricId/373/filters/sort=name
Авокадо,минимаркет,Продуктовые магазины,"улица Инессы Арманд, 24а",,141205,,,Пушкино,Пушкинский городской округ,Московская область,Россия,Пн: 00:00-24:00; Вт: 00:00-24:00; Ср: 00:00-24:00; Чт: 00:00-24:00; Пт: 00:00-24:00; Сб: 00:00-24:00; Вс: 00:00-24:00,+03:00,,,88002007575,,,,,,http://авокадо.рф,http://max.ru/avocado_grocery_stores,,,,,,,,,,,,,,,,,,,,https://t.me/avocadoswnn,,,,,,,,,70000001111280442,55.992361,37.865749,4504235283006059,,,687,70000001041565312,Авокадо,минимаркет,Продуктовые магазины,shop,1,5,2026-03-02T12:24:42Z,,0,32,https://2gis.com/firm/70000001111280442,branch,7906,https://2gis.ru/moscow/search/Продуктовые магазины/rubricId/373/filters/sort=name
Авокадо,минимаркет,Продуктовые магазины,"Корабельная улица, 5",1 этаж,141703,Водники м-н,,Долгопрудный,Долгопрудный городской округ,Московская область,Россия,Пн: 08:00-21:00; Вт: 08:00-21:00; Ср: 08:00-21:00; Чт: 08:00-21:00; Пт: 08:00-21:00; Сб: 08:00-21:00; Вс: 08:00-21:00,+03:00,,,88002007575,,,,,,http://авокадо.рф,http://max.ru/avocado_grocery_stores,,,,,,,,,,,,,,,,,,,,https://t.me/avocadoswnn,,,,,,,,,70000001114031685,55.960335,37.503992,4504235282944906,,,687,70000001041565312,Авокадо,минимаркет,Продуктовые магазины,shop,1,0,2026-07-09T17:15:45Z,,0,32,https://2gis.com/firm/70000001114031685,branch,7906,https://2gis.ru/moscow/search/Продуктовые магазины/rubricId/373/filters/sort=name
Авокадо,минимаркет,Продуктовые магазины,"Солнечногорская улица, 15 к1",,125413,,Головинский,Москва,,Москва,Россия,Пн: 00:00-24:00; Вт: 00:00-24:00; Ср: 00:00-24:00; Чт: 00:00-24:00; Пт: 00:00-24:00; Сб: 00:00-24:00; Вс: 00:00-24:00,+03:00,,,88002007575,,,,,,http://авокадо.рф,http://max.ru/avocado_grocery_stores,,,,,,,,,,,,,,,,,,,,https://t.me/avocadoswnn,,,,,,,,,70000001114031670,55.860634,37.519207,4504235282532193,,,687,70000001041565312,Авокадо,минимаркет,Продуктовые магазины,shop,1,0,2026-07-07T06:47:31Z,,0,32,https://2gis.com/firm/70000001114031670,branch,7906,https://2gis.ru/moscow/search/Продуктовые магазины/rubricId/373/filters/sort=name
Авокадо,минимаркет,Продуктовые магазины,"Школьная улица, 59",,142180,Климовск м-н,,Подольск,Подольск городской округ,Московская область,Россия,Пн: 00:00-24:00; Вт: 00:00-24:00; Ср: 00:00-24:00; Чт: 00:00-24:00; Пт: 00:00-24:00; Сб: 00:00-24:00; Вс: 00:00-24:00,+03:00,,,88002007575,,,,,,http://авокадо.рф,http://max.ru/avocado_grocery_stores,,,,,,,,,,,,,,,,,,,,https://t.me/avocadoswnn,,,,,,,,,70000001114031657,55.371882,37.491302,4504235282813427,,,687,70000001041565312,Авокадо,минимаркет,Продуктовые магазины,shop,1,0,2026-07-07T06:47:30Z,,0,32,https://2gis.com/firm/70000001114031657,branch,7906,https://2gis.ru/moscow/search/Продуктовые магазины/rubricId/373/filters/sort=name
Авокадо,минимаркет,Продуктовые магазины,"Ельнинская улица, 23",,121552,,Кунцево,Москва,,Москва,Россия,Пн: 08:00-21:00; Вт: 08:00-21:00; Ср: 08:00-21:00; Чт: 08:00-21:00; Пт: 08:00-21:00; Сб: 08:00-21:00; Вс: 08:00-21:00,+03:00,,,88002007575,,,,,,http://авокадо.рф,http://max.ru/avocado_grocery_stores,,,,,,,,,,,,,,,,,,,,https://t.me/avocadoswnn,,,,,,,,,70000001114031648,55.74049,37.417628,4504235282557834,,,687,70000001041565312,Авокадо,минимаркет,Продуктовые магазины,shop,1,0,2026-07-07T07:19:07Z,,0,32,https://2gis.com/firm/70000001114031648,branch,7906,https://2gis.ru/moscow/search/Продуктовые магазины/rubricId/373/filters/sort=name
Авокадо,минимаркет,Продуктовые магазины,"Советская улица, 36",,142531,,,Электрогорск,Павлово-Посадский городской округ,Московская область,Россия,Пн: 08:00-20:00; Вт: 08:00-20:00; Ср: 08:00-20:00; Чт: 08:00-20:00; Пт: 08:00-20:00; Сб: 08:00-20:00; Вс: 08:00-20:00,+03:00,,,88002007575,,,,,,http://авокадо.рф,http://max.ru/avocado_grocery_stores,,,,,,,,,,,,,,,,,,,,https://t.me/avocadoswnn,,,,,,,,,70000001114031630,55.87028,38.782553,4504235283350689,,,687,70000001041565312,Авокадо,минимаркет,Продуктовые магазины,shop,1,0,2026-06-06T04:51:40Z,,0,32,https://2gis.com/firm/70000001114031630,branch,7906,https://2gis.ru/moscow/search/Продуктовые магазины/rubricId/373/filters/sort=name
Авокадо,минимаркет,Продуктовые магазины,"улица Трофимова, 35",,115193,,Южнопортовый,Москва,,Москва,Россия,Пн: 08:00-23:00; Вт: 08:00-23:00; Ср: 08:00-23:00; Чт: 08:00-23:00; Пт: 08:00-23:00; Сб: 08:00-23:00; Вс: 08:00-23:00,+03:00,,,88002007575,,,,,,http://авокадо.рф,http://max.ru/avocado_grocery_stores,,,,,,,,,,,,,,,,,,,,https://t.me/avocadoswnn,,,,,,,,,70000001114031604,55.704342,37.68427,4504235282626971,,,687,70000001041565312,Авокадо,минимаркет,Продуктовые магазины,shop,1,0,2026-06-06T04:51:52Z,,0,32,https://2gis.com/firm/70000001114031604,branch,7906,https://2gis.ru/moscow/search/Продуктовые магазины/rubricId/373/filters/sort=name
Авокадо,минимаркет,Продуктовые магазины,"Коровинское шоссе, 6 к1",,127486,,Бескудниковский,Москва,,Москва,Россия,Пн: 08:00-22:00; Вт: 08:00-22:00; Ср: 08:00-22:00; Чт: 08:00-22:00; Пт: 08:00-22:00; Сб: 08:00-22:00; Вс: 08:00-22:00,+03:00,,,88002007575,,,,,,http://авокадо.рф,http://max.ru/avocado_grocery_stores,,,,,,,,,,,,,,,,,,,,https://t.me/avocadoswnn,,,,,,,,,70000001114031598,55.869299,37.53983,4504235282530695,,,687,70000001041565312,Авокадо,минимаркет,Продуктовые магазины,shop,1,0,2026-06-06T04:51:50Z,,0,32,https://2gis.com/firm/70000001114031598,branch,7906,https://2gis.ru/moscow/search/Продуктовые магазины/rubricId/373/filters/sort=name
Авокадо,минимаркет,Продуктовые магазины,"Дмитровское шоссе, 163",,127495,,Северный,Москва,,Москва,Россия,Пн: 08:00-21:00; Вт: 08:00-21:00; Ср: 08:00-21:00; Чт: 08:00-21:00; Пт: 08:00-21:00; Сб: 08:00-21:00; Вс: 08:00-21:00,+03:00,,,88002007575,,,,,,http://авокадо.рф,http://max.ru/avocado_grocery_stores,,,,,,,,,,,,,,,,,,,,https://t.me/avocadoswnn,,,,,,,,,70000001114031557,55.911015,37.541221,4504235282946797,,,687,70000001041565312,Авокадо,минимаркет,Продуктовые магазины,shop,1,0,2026-06-06T04:51:35Z,,0,32,https://2gis.com/firm/70000001114031557,branch,7906,https://2gis.ru/moscow/search/Продуктовые магазины/rubricId/373/filters/sort=name
Авокадо,минимаркет,Продуктовые магазины,"Ленинградское шоссе, 71г",,125445,,Левобережный,Москва,,Москва,Россия,Пн: 08:00-23:00; Вт: 08:00-23:00; Ср: 08:00-23:00; Чт: 08:00-23:00; Пт: 08:00-23:00; Сб: 08:00-23:00; Вс: 08:00-23:00,+03:00,,,88002007575,,,,,,http://авокадо.рф,http://max.ru/avocado_grocery_stores,,,,,,,,,,,,,,,,,,,,https://t.me/avocadoswnn,,,,,,,,,70000001114031545,55.87647,37.447584,4504235282548926,ТЦ METRO,,687,70000001041565312,Авокадо,минимаркет,Продуктовые магазины,shop,1,0,2026-06-06T04:51:34Z,,0,32,https://2gis.com/firm/70000001114031545,branch,7906,https://2gis.ru/moscow/search/Продуктовые магазины/rubricId/373/filters/sort=name
Авокадо,минимаркет,Продуктовые магазины,,,142542,,,,Павлово-Посадский городской округ,Московская область,Россия,Пн: 08:00-19:00; Вт: 08:00-19:00; Ср: 08:00-19:00; Чт: 08:00-19:00; Пт: 08:00-19:00; Сб: 08:00-19:00; Вс: 08:00-19:00,+03:00,,,88002007575,,,,,,http://авокадо.рф,http://max.ru/avocado_grocery_stores,,,,,,,,,,,,,,,,,,,,https://t.me/avocadoswnn,,,,,,,,,70000001114031540,55.923199,38.744582,70030077154917289,,,687,70000001041565312,Авокадо,минимаркет,Продуктовые магазины,shop,1,0,2026-06-06T04:51:33Z,,0,32,https://2gis.com/firm/70000001114031540,branch,7906,https://2gis.ru/moscow/search/Продуктовые магазины/rubricId/373/filters/sort=name
Авокадо,минимаркет,Продуктовые магазины,"Южнопортовая улица, 18",,115193,,Южнопортовый,Москва,,Москва,Россия,Пн: 08:00-23:00; Вт: 08:00-23:00; Ср: 08:00-23:00; Чт: 08:00-23:00; Пт: 08:00-23:00; Сб: 08:00-23:00; Вс: 08:00-23:00,+03:00,,,89175640775,,,,,,http://авокадо.рф,http://max.ru/avocado_grocery_stores,,,,,,,,,,,,,,,,,,,,https://t.me/avocadoswnn,,,,,,,,,70000001114031528,55.706337,37.684715,4504235282626999,,,687,70000001041565312,Авокадо,минимаркет,Продуктовые магазины,shop,1,0,2026-07-07T07:19:13Z,,0,32,https://2gis.com/firm/70000001114031528,branch,7906,https://2gis.ru/moscow/search/Продуктовые магазины/rubricId/373/filters/sort=name
Авокадо,минимаркет,Продуктовые магазины,"Варшавское шоссе, 2",,117105,,Донской,Москва,,Москва,Россия,Пн: 00:00-24:00; Вт: 00:00-24:00; Ср: 00:00-24:00; Чт: 00:00-24:00; Пт: 00:00-24:00; Сб: 00:00-24:00; Вс: 00:00-24:00,+03:00,,,88002007575,,,,,,http://авокадо.рф,http://max.ru/avocado_grocery_stores,,,,,,,,,,,,,,,,,,,,https://t.me/avocadoswnn,,,,,,,,,70000001113531934,55.700274,37.620295,4504235282706093,,,687,70000001041565312,Авокадо,минимаркет,Продуктовые магазины,shop,1,4,2026-06-06T04:51:52Z,,0,32,https://2gis.com/firm/70000001113531934,branch,7906,https://2gis.ru/moscow/search/Продуктовые магазины/rubricId/373/filters/sort=name
Авокадо,минимаркет,Продуктовые магазины,"улица Панфилова, 12",,125080,,Сокол,Москва,,Москва,Россия,Пн: 08:00-22:00; Вт: 08:00-22:00; Ср: 08:00-22:00; Чт: 08:00-22:00; Пт: 08:00-22:00; Сб: 08:00-22:00; Вс: 08:00-22:00,+03:00,,,88002007575,,,,,,http://авокадо.рф,http://max.ru/avocado_grocery_stores,,,,,,,,,,,,,,,,,,,,https://t.me/avocadoswnn,,,,,,,,,70000001106033162,55.804513,37.495652,4504235282637129,,,687,70000001041565312,Авокадо,минимаркет,Продуктовые магазины,shop,1,0,2026-07-07T06:47:36Z,,0,32,https://2gis.com/firm/70000001106033162,branch,7906,https://2gis.ru/moscow/search/Продуктовые магазины/rubricId/373/filters/sort=name
Авокадо,минимаркет,Продуктовые магазины,"Центральная улица, 31 к1",,140108,,,,Раменский муниципальный округ,Московская область,Россия,Пн: 08:00-20:00; Вт: 08:00-20:00; Ср: 08:00-20:00; Чт: 08:00-20:00; Пт: 08:00-20:00; Сб: 08:00-20:00; Вс: 08:00-20:00,+03:00,,,88002007575,,,,,,http://авокадо.рф,http://max.ru/avocado_grocery_stores,,,,,,,,,,,,,,,,,,,,https://t.me/avocadoswnn,,,,,,,,,70000001106033141,55.575484,38.283098,4504235283299414,,,687,70000001041565312,Авокадо,минимаркет,Продуктовые магазины,shop,1,0,2026-06-06T04:51:49Z,,0,32,https://2gis.com/firm/70000001106033141,branch,7906,https://2gis.ru/moscow/search/Продуктовые магазины/rubricId/373/filters/sort=name
Авокадо,минимаркет,Продуктовые магазины,"улица Марьинский Парк, 21 к2",,109469,,Марьино,Москва,,Москва,Россия,Пн: 08:00-22:00; Вт: 08:00-22:00; Ср: 08:00-22:00; Чт: 08:00-22:00; Пт: 08:00-22:00; Сб: 08:00-22:00; Вс: 08:00-22:00,+03:00,,,88002007575,,,,,,http://авокадо.рф,http://max.ru/avocado_grocery_stores,,,,,,,,,,,,,,,,,,,,https://t.me/avocadoswnn,,,,,,,,,70000001106033137,55.663553,37.77996,4504235282595280,,,687,70000001041565312,Авокадо,минимаркет,Продуктовые магазины,shop,1,3,2026-07-07T07:19:11Z,,0,32,https://2gis.com/firm/70000001106033137,branch,7906,https://2gis.ru/moscow/search/Продуктовые магазины/rubricId/373/filters/sort=name
Авокадо,минимаркет,Продуктовые магазины,"Сходненское шоссе, ст1т",,141592,,,,Химки городской округ,Московская область,Россия,Пн: 00:00-24:00; Вт: 00:00-24:00; Ср: 00:00-24:00; Чт: 00:00-24:00; Пт: 00:00-24:00; Сб: 00:00-24:00; Вс: 00:00-24:00,+03:00,,,88002007575,,,,,,http://авокадо.рф,http://max.ru/avocado_grocery_stores,,,,,,,,,,,,,,,,,,,,https://t.me/avocadoswnn,,,,,,,,,70000001106033133,55.973559,37.313125,4504235290773399,,,687,70000001041565312,Авокадо,минимаркет,Продуктовые магазины,shop,1,3,2026-06-06T04:51:57Z,,0,32,https://2gis.com/firm/70000001106033133,branch,7906,https://2gis.ru/moscow/search/Продуктовые магазины/rubricId/373/filters/sort=name
Авокадо,минимаркет,Продуктовые магазины,"деревня Григорчиково, 35",,142713,,,,Ленинский городской округ,Московская область,Россия,Пн: 09:30-22:00; Вт: 09:30-22:00; Ср: 09:30-22:00; Чт: 09:30-22:00; Пт: 09:30-22:00; Сб: 09:30-22:00; Вс: 09:30-22:00,+03:00,,,88002007575,,,,,,http://авокадо.рф,http://max.ru/avocado_grocery_stores,,,,,,,,,,,,,,,,,,,,https://t.me/avocadoswnn,,,,,,,,,70000001106033059,55.514113,37.904147,4504235282905773,,,687,70000001041565312,Авокадо,минимаркет,Продуктовые магазины,shop,1,0,2026-07-07T06:47:33Z,,0,32,https://2gis.com/firm/70000001106033059,branch,7906,https://2gis.ru/moscow/search/Продуктовые магазины/rubricId/373/filters/sort=name
Авокадо,минимаркет,Продуктовые магазины,"Новое шоссе, 6",,142722,,,,Ленинский городской округ,Московская область,Россия,Пн: 08:00-23:00; Вт: 08:00-23:00; Ср: 08:00-23:00; Чт: 08:00-23:00; Пт: 08:00-23:00; Сб: 08:00-23:00; Вс: 08:00-23:00,+03:00,,,88002007575,,,,,,http://авокадо.рф,http://max.ru/avocado_grocery_stores,,,,,,,,,,,,,,,,,,,,https://t.me/avocadoswnn,,,,,,,,,70000001106033041,55.525714,37.589989,70030076143881556,,,687,70000001041565312,Авокадо,минимаркет,Продуктовые магазины,shop,1,0,2026-07-07T06:47:29Z,,0,32,https://2gis.com/firm/70000001106033041,branch,7906,https://2gis.ru/moscow/search/Продуктовые магазины/rubricId/373/filters/sort=name
Авокадо,минимаркет,Продуктовые магазины,"Центральная улица, 62а",,140142,,,,Раменский муниципальный округ,Московская область,Россия,Пн: 08:00-20:00; Вт: 08:00-20:00; Ср: 08:00-20:00; Чт: 08:00-20:00; Пт: 08:00-20:00; Сб: 08:00-20:00; Вс: 08:00-20:00,+03:00,,,88002007575,,,,,,http://авокадо.рф,http://max.ru/avocado_grocery_stores,,,,,,,,,,,,,,,,,,,,https://t.me/avocadoswnn,,,,,,,,,70000001106033029,55.680919,38.124404,4504235283152258,,,687,70000001041565312,Авокадо,минимаркет,Продуктовые магазины,shop,1,0,2026-07-07T06:47:29Z,,0,32,https://2gis.com/firm/70000001106033029,branch,7906,https://2gis.ru/moscow/search/Продуктовые магазины/rubricId/373/filters/sort=name
Авокадо,минимаркет,Продуктовые магазины,"Широкая улица, 3 к3",,127282,,Северное Медведково,Москва,,Москва,Россия,Пн: 08:00-23:00; Вт: 08:00-23:00; Ср: 08:00-23:00; Чт: 08:00-23:00; Пт: 08:00-23:00; Сб: 08:00-23:00; Вс: 08:00-23:00,+03:00,,,88002007575,,,,,,http://авокадо.рф,http://max.ru/avocado_grocery_stores,,,,,,,,,,,,,,,,,,,,https://t.me/avocadoswnn,,,,,,,,,70000001106032976,55.889637,37.653515,4504235282631736,,,687,70000001041565312,Авокадо,минимаркет,Продуктовые магазины,shop,1,0,2026-07-07T11:54:08Z,,0,32,https://2gis.com/firm/70000001106032976,branch,7906,https://2gis.ru/moscow/search/Продуктовые магазины/rubricId/373/filters/sort=name
Авокадо,минимаркет,Продуктовые магазины,"улица Ушакова, 24а",,141865,,,,Дмитровский муниципальный округ,Московская область,Россия,Пн: 08:00-22:00; Вт: 08:00-22:00; Ср: 08:00-22:00; Чт: 08:00-22:00; Пт: 08:00-22:00; Сб: 08:00-22:00; Вс: 08:00-22:00,+03:00,,,88002007575,,,,,,http://авокадо.рф,http://max.ru/avocado_grocery_stores,,,,,,,,,,,,,,,,,,,,https://t.me/avocadoswnn,,,,,,,,,70000001106032975,56.082998,37.495048,4504235282864416,,,687,70000001041565312,Авокадо,минимаркет,Продуктовые магазины,shop,1,3,2026-06-06T04:51:39Z,,0,32,https://2gis.com/firm/70000001106032975,branch,7906,https://2gis.ru/moscow/search/Продуктовые магазины/rubricId/373/filters/sort=name
Авокадо,минимаркет,Продуктовые магазины,,,140102,,,,Раменский муниципальный округ,Московская область,Россия,Пн: 08:00-21:00; Вт: 08:00-21:00; Ср: 08:00-21:00; Чт: 08:00-21:00; Пт: 08:00-21:00; Сб: 08:00-21:00; Вс: 08:00-21:00,+03:00,,,88002007575,,,,,,http://авокадо.рф,http://max.ru/avocado_grocery_stores,,,,,,,,,,,,,,,,,,,,https://t.me/avocadoswnn,,,,,,,,,70000001106032908,55.556873,38.192999,70030076143468165,,,687,70000001041565312,Авокадо,минимаркет,Продуктовые магазины,shop,1,0,2026-07-07T06:47:18Z,,0,32,https://2gis.com/firm/70000001106032908,branch,7906,https://2gis.ru/moscow/search/Продуктовые магазины/rubricId/373/filters/sort=name
Авокадо,минимаркет,Продуктовые магазины,"Соловьиный проезд, 16а ст1",,117593,,Ясенево,Москва,,Москва,Россия,Пн: 08:00-22:00; Вт: 08:00-22:00; Ср: 08:00-22:00; Чт: 08:00-22:00; Пт: 08:00-22:00; Сб: 08:00-22:00; Вс: 08:00-22:00,+03:00,,,88002007575,,,,,,http://авокадо.рф,http://max.ru/avocado_grocery_stores,,,,,,,,,,,,,,,,,,,,https://t.me/avocadoswnn,,,,,,,,,70000001106032892,55.605521,37.556252,70030076925908951,,,687,70000001041565312,Авокадо,минимаркет,Продуктовые магазины,shop,1,0,2026-06-06T04:51:38Z,,0,32,https://2gis.com/firm/70000001106032892,branch,7906,https://2gis.ru/moscow/search/Продуктовые магазины/rubricId/373/filters/sort=name
Авокадо,минимаркет,Продуктовые магазины,"Лесная улица, 12",,142720,Восточное Бутово м-н,,,Ленинский городской округ,Московская область,Россия,Пн: 08:00-22:00; Вт: 08:00-22:00; Ср: 08:00-22:00; Чт: 08:00-22:00; Пт: 08:00-22:00; Сб: 08:00-22:00; Вс: 08:00-22:00,+03:00,5.0,1,88002007575,,,,,,http://авокадо.рф,http://max.ru/avocado_grocery_stores,,,,,,,,,,,,,,,,,,,,https://t.me/avocadoswnn,,,,,,,,,70000001105835156,55.538446,37.620869,70030076327403346,,,687,70000001041565312,Авокадо,минимаркет,Продуктовые магазины,shop,1,4,2026-06-06T04:51:34Z,,0,32,https://2gis.com/firm/70000001105835156,branch,7906,https://2gis.ru/moscow/search/Продуктовые магазины/rubricId/373/filters/sort=name
Авокадо,минимаркет,Продуктовые магазины,,,141143,Ветеран,,,Щёлково городской округ,Московская область,Россия,Пн: 08:00-20:00; Вт: 08:00-20:00; Ср: 08:00-20:00; Чт: 08:00-20:00; Пт: 08:00-20:00; Сб: 08:00-20:00; Вс: 08:00-20:00,+03:00,,,88002007575,,,,,,http://авокадо.рф,http://max.ru/avocado_grocery_stores,,,,,,,,,,,,,,,,,,,,https://t.me/avocadoswnn,,,,,,,,,70000001106033171,55.875555,37.975024,70030077112212655,,,687,70000001041565312,Авокадо,минимаркет,Продуктовые магазины,shop,1,0,2026-07-07T06:47:33Z,,0,32,https://2gis.com/firm/70000001106033171,branch,7906,https://2gis.ru/moscow/search/Продуктовые магазины/rubricId/373/filters/sort=name
Авокадо,минимаркет,Продуктовые магазины,"улица Панфилова, 12",,125080,,Сокол,Москва,,Москва,Россия,Пн: 08:00-22:00; Вт: 08:00-22:00; Ср: 08:00-22:00; Чт: 08:00-22:00; Пт: 08:00-22:00; Сб: 08:00-22:00; Вс: 08:00-22:00,+03:00,,,88002007575,,,,,,http://авокадо.рф,http://max.ru/avocado_grocery_stores,,,,,,,,,,,,,,,,,,,,https://t.me/avocadoswnn,,,,,,,,,70000001106033162,55.804513,37.495652,4504235282637129,,,687,70000001041565312,Авокадо,минимаркет,Продуктовые магазины,shop,1,0,2026-07-07T06:47:36Z,,0,32,https://2gis.com/firm/70000001106033162,branch,7906,https://2gis.ru/moscow/search/Продуктовые магазины/rubricId/373/filters/sort=name
Авокадо,минимаркет,Продуктовые магазины,"посёлок дома отдыха Плесково, 2а ст1",,108833,,Краснопахорский,,,Москва,Россия,Пн: 08:00-21:00; Вт: 08:00-21:00; Ср: 08:00-21:00; Чт: 08:00-21:00; Пт: 08:00-21:00; Сб: 08:00-21:00; Вс: 08:00-21:00,+03:00,,,88002007575,,,,,,http://авокадо.рф,http://max.ru/avocado_grocery_stores,,,,,,,,,,,,,,,,,,,,https://t.me/avocadoswnn,,,,,,,,,70000001106033145,55.410849,37.094848,4504235282826340,,,687,70000001041565312,Авокадо,минимаркет,Продуктовые магазины,shop,1,0,2026-06-06T04:51:49Z,,0,32,https://2gis.com/firm/70000001106033145,branch,7906,https://2gis.ru/moscow/search/Продуктовые магазины/rubricId/373/filters/sort=name
Авокадо,минимаркет,Продуктовые магазины,"Центральная улица, 31 к1",,140108,,,,Раменский муниципальный округ,Московская область,Россия,Пн: 08:00-20:00; Вт: 08:00-20:00; Ср: 08:00-20:00; Чт: 08:00-20:00; Пт: 08:00-20:00; Сб: 08:00-20:00; Вс: 08:00-20:00,+03:00,,,88002007575,,,,,,http://авокадо.рф,http://max.ru/avocado_grocery_stores,,,,,,,,,,,,,,,,,,,,https://t.me/avocadoswnn,,,,,,,,,70000001106033141,55.575484,38.283098,4504235283299414,,,687,70000001041565312,Авокадо,минимаркет,Продуктовые магазины,shop,1,0,2026-06-06T04:51:49Z,,0,32,https://2gis.com/firm/70000001106033141,branch,7906,https://2gis.ru/moscow/search/Продуктовые магазины/rubricId/373/filters/sort=name
Авокадо,минимаркет,Продуктовые магазины,"улица Марьинский Парк, 21 к2",,109469,,Марьино,Москва,,Москва,Россия,Пн: 08:00-22:00; Вт: 08:00-22:00; Ср: 08:00-22:00; Чт: 08:00-22:00; Пт: 08:00-22:00; Сб: 08:00-22:00; Вс: 08:00-22:00,+03:00,,,88002007575,,,,,,http://авокадо.рф,http://max.ru/avocado_grocery_stores,,,,,,,,,,,,,,,,,,,,https://t.me/avocadoswnn,,,,,,,,,70000001106033137,55.663553,37.77996,4504235282595280,,,687,70000001041565312,Авокадо,минимаркет,Продуктовые магазины,shop,1,3,2026-07-07T07:19:11Z,,0,32,https://2gis.com/firm/70000001106033137,branch,7906,https://2gis.ru/moscow/search/Продуктовые магазины/rubricId/373/filters/sort=name
Авокадо,минимаркет,Продуктовые магазины,"Сходненское шоссе, ст1т",,141592,,,,Химки городской округ,Московская область,Россия,Пн: 00:00-24:00; Вт: 00:00-24:00; Ср: 00:00-24:00; Чт: 00:00-24:00; Пт: 00:00-24:00; Сб: 00:00-24:00; Вс: 00:00-24:00,+03:00,,,88002007575,,,,,,http://авокадо.рф,http://max.ru/avocado_grocery_stores,,,,,,,,,,,,,,,,,,,,https://t.me/avocadoswnn,,,,,,,,,70000001106033133,55.973559,37.313125,4504235290773399,,,687,70000001041565312,Авокадо,минимаркет,Продуктовые магазины,shop,1,3,2026-06-06T04:51:57Z,,0,32,https://2gis.com/firm/70000001106033133,branch,7906,https://2gis.ru/moscow/search/Продуктовые магазины/rubricId/373/filters/sort=name
Авокадо,минимаркет,Продуктовые магазины,,,141142,,,,Лосино-Петровский городской округ,Московская область,Россия,Пн: 09:00-19:00; Вт: 09:00-19:00; Ср: 09:00-19:00; Чт: 09:00-19:00; Пт: 09:00-19:00; Сб: 09:00-19:00; Вс: 09:00-19:00,+03:00,,,88002007575,,,,,,http://авокадо.рф,http://max.ru/avocado_grocery_stores,,,,,,,,,,,,,,,,,,,,https://t.me/avocadoswnn,,,,,,,,,70000001106033060,55.979992,38.21081,70030076193965189,,,687,70000001041565312,Авокадо,минимаркет,Продуктовые магазины,shop,1,0,2026-06-06T04:51:45Z,,0,32,https://2gis.com/firm/70000001106033060,branch,7906,https://2gis.ru/moscow/search/Продуктовые магазины/rubricId/373/filters/sort=name
Авокадо,минимаркет,Продуктовые магазины,"деревня Григорчиково, 35",,142713,,,,Ленинский городской округ,Московская область,Россия,Пн: 09:30-22:00; Вт: 09:30-22:00; Ср: 09:30-22:00; Чт: 09:30-22:00; Пт: 09:30-22:00; Сб: 09:30-22:00; Вс: 09:30-22:00,+03:00,,,88002007575,,,,,,http://авокадо.рф,http://max.ru/avocado_grocery_stores,,,,,,,,,,,,,,,,,,,,https://t.me/avocadoswnn,,,,,,,,,70000001106033059,55.514113,37.904147,4504235282905773,,,687,70000001041565312,Авокадо,минимаркет,Продуктовые магазины,shop,1,0,2026-07-07T06:47:33Z,,0,32,https://2gis.com/firm/70000001106033059,branch,7906,https://2gis.ru/moscow/search/Продуктовые магазины/rubricId/373/filters/sort=name
Авокадо,минимаркет,Продуктовые магазины,"Новое шоссе, 6",,142722,,,,Ленинский городской округ,Московская область,Россия,Пн: 08:00-23:00; Вт: 08:00-23:00; Ср: 08:00-23:00; Чт: 08:00-23:00; Пт: 08:00-23:00; Сб: 08:00-23:00; Вс: 08:00-23:00,+03:00,,,88002007575,,,,,,http://авокадо.рф,http://max.ru/avocado_grocery_stores,,,,,,,,,,,,,,,,,,,,https://t.me/avocadoswnn,,,,,,,,,70000001106033041,55.525714,37.589989,70030076143881556,,,687,70000001041565312,Авокадо,минимаркет,Продуктовые магазины,shop,1,0,2026-07-07T06:47:29Z,,0,32,https://2gis.com/firm/70000001106033041,branch,7906,https://2gis.ru/moscow/search/Продуктовые магазины/rubricId/373/filters/sort=name
Авокадо,минимаркет,Продуктовые магазины,"Центральная улица, 62а",,140142,,,,Раменский муниципальный округ,Московская область,Россия,Пн: 08:00-20:00; Вт: 08:00-20:00; Ср: 08:00-20:00; Чт: 08:00-20:00; Пт: 08:00-20:00; Сб: 08:00-20:00; Вс: 08:00-20:00,+03:00,,,88002007575,,,,,,http://авокадо.рф,http://max.ru/avocado_grocery_stores,,,,,,,,,,,,,,,,,,,,https://t.me/avocadoswnn,,,,,,,,,70000001106033029,55.680919,38.124404,4504235283152258,,,687,70000001041565312,Авокадо,минимаркет,Продуктовые магазины,shop,1,0,2026-07-07T06:47:29Z,,0,32,https://2gis.com/firm/70000001106033029,branch,7906,https://2gis.ru/moscow/search/Продуктовые магазины/rubricId/373/filters/sort=name
Авокадо,минимаркет,Продуктовые магазины,"Широкая улица, 3 к3",,127282,,Северное Медведково,Москва,,Москва,Россия,Пн: 08:00-23:00; Вт: 08:00-23:00; Ср: 08:00-23:00; Чт: 08:00-23:00; Пт: 08:00-23:00; Сб: 08:00-23:00; Вс: 08:00-23:00,+03:00,,,88002007575,,,,,,http://авокадо.рф,http://max.ru/avocado_grocery_stores,,,,,,,,,,,,,,,,,,,,https://t.me/avocadoswnn,,,,,,,,,70000001106032976,55.889637,37.653515,4504235282631736,,,687,70000001041565312,Авокадо,минимаркет,Продуктовые магазины,shop,1,0,2026-07-07T11:54:08Z,,0,32,https://2gis.com/firm/70000001106032976,branch,7906,https://2gis.ru/moscow/search/Продуктовые магазины/rubricId/373/filters/sort=name
Авокадо,минимаркет,Продуктовые магазины,"улица Ушакова, 24а",,141865,,,,Дмитровский муниципальный округ,Московская область,Россия,Пн: 08:00-22:00; Вт: 08:00-22:00; Ср: 08:00-22:00; Чт: 08:00-22:00; Пт: 08:00-22:00; Сб: 08:00-22:00; Вс: 08:00-22:00,+03:00,,,88002007575,,,,,,http://авокадо.рф,http://max.ru/avocado_grocery_stores,,,,,,,,,,,,,,,,,,,,https://t.me/avocadoswnn,,,,,,,,,70000001106032975,56.082998,37.495048,4504235282864416,,,687,70000001041565312,Авокадо,минимаркет,Продуктовые магазины,shop,1,3,2026-06-06T04:51:39Z,,0,32,https://2gis.com/firm/70000001106032975,branch,7906,https://2gis.ru/moscow/search/Продуктовые магазины/rubricId/373/filters/sort=name
Авокадо,минимаркет,Продуктовые магазины,"Новое шоссе, 6",,142722,,,,Ленинский городской округ,Московская область,Россия,Пн: 08:00-23:00; Вт: 08:00-23:00; Ср: 08:00-23:00; Чт: 08:00-23:00; Пт: 08:00-23:00; Сб: 08:00-23:00; Вс: 08:00-23:00,+03:00,,,88002007575,,,,,,http://авокадо.рф,http://max.ru/avocado_grocery_stores,,,,,,,,,,,,,,,,,,,,https://t.me/avocadoswnn,,,,,,,,,70000001106033041,55.525714,37.589989,70030076143881556,,,687,70000001041565312,Авокадо,минимаркет,Продуктовые магазины,shop,1,0,2026-07-07T06:47:29Z,,0,32,https://2gis.com/firm/70000001106033041,branch,7906,https://2gis.ru/moscow/search/Продуктовые магазины/rubricId/373/filters/sort=name
Авокадо,минимаркет,Продуктовые магазины,"Центральная улица, 62а",,140142,,,,Раменский муниципальный округ,Московская область,Россия,Пн: 08:00-20:00; Вт: 08:00-20:00; Ср: 08:00-20:00; Чт: 08:00-20:00; Пт: 08:00-20:00; Сб: 08:00-20:00; Вс: 08:00-20:00,+03:00,,,88002007575,,,,,,http://авокадо.рф,http://max.ru/avocado_grocery_stores,,,,,,,,,,,,,,,,,,,,https://t.me/avocadoswnn,,,,,,,,,70000001106033029,55.680919,38.124404,4504235283152258,,,687,70000001041565312,Авокадо,минимаркет,Продуктовые магазины,shop,1,0,2026-07-07T06:47:29Z,,0,32,https://2gis.com/firm/70000001106033029,branch,7906,https://2gis.ru/moscow/search/Продуктовые магазины/rubricId/373/filters/sort=name
Авокадо,минимаркет,Продуктовые магазины,"Широкая улица, 3 к3",,127282,,Северное Медведково,Москва,,Москва,Россия,Пн: 08:00-23:00; Вт: 08:00-23:00; Ср: 08:00-23:00; Чт: 08:00-23:00; Пт: 08:00-23:00; Сб: 08:00-23:00; Вс: 08:00-23:00,+03:00,,,88002007575,,,,,,http://авокадо.рф,http://max.ru/avocado_grocery_stores,,,,,,,,,,,,,,,,,,,,https://t.me/avocadoswnn,,,,,,,,,70000001106032976,55.889637,37.653515,4504235282631736,,,687,70000001041565312,Авокадо,минимаркет,Продуктовые магазины,shop,1,0,2026-07-07T11:54:08Z,,0,32,https://2gis.com/firm/70000001106032976,branch,7906,https://2gis.ru/moscow/search/Продуктовые магазины/rubricId/373/filters/sort=name
Авокадо,минимаркет,Продуктовые магазины,"улица Ушакова, 24а",,141865,,,,Дмитровский муниципальный округ,Московская область,Россия,Пн: 08:00-22:00; Вт: 08:00-22:00; Ср: 08:00-22:00; Чт: 08:00-22:00; Пт: 08:00-22:00; Сб: 08:00-22:00; Вс: 08:00-22:00,+03:00,,,88002007575,,,,,,http://авокадо.рф,http://max.ru/avocado_grocery_stores,,,,,,,,,,,,,,,,,,,,https://t.me/avocadoswnn,,,,,,,,,70000001106032975,56.082998,37.495048,4504235282864416,,,687,70000001041565312,Авокадо,минимаркет,Продуктовые магазины,shop,1,3,2026-06-06T04:51:39Z,,0,32,https://2gis.com/firm/70000001106032975,branch,7906,https://2gis.ru/moscow/search/Продуктовые магазины/rubricId/373/filters/sort=name
Авокадо,минимаркет,Продуктовые магазины,"Электроизолятор посёлок, 70",,140155,,,,Раменский муниципальный округ,Московская область,Россия,Пн: 08:00-20:00; Вт: 08:00-20:00; Ср: 08:00-20:00; Чт: 08:00-20:00; Пт: 08:00-20:00; Сб: 08:00-20:00; Вс: 08:00-20:00,+03:00,,,88002007575,,,,,,http://авокадо.рф,http://max.ru/avocado_grocery_stores,,,,,,,,,,,,,,,,,,,,https://t.me/avocadoswnn,,,,,,,,,70000001106032952,55.585881,38.502,4504235283341149,,,687,70000001041565312,Авокадо,минимаркет,Продуктовые магазины,shop,1,0,2026-07-07T06:47:21Z,,0,32,https://2gis.com/firm/70000001106032952,branch,7906,https://2gis.ru/moscow/search/Продуктовые магазины/rubricId/373/filters/sort=name
Авокадо,минимаркет,Продуктовые магазины,,,140102,,,,Раменский муниципальный округ,Московская область,Россия,Пн: 08:00-21:00; Вт: 08:00-21:00; Ср: 08:00-21:00; Чт: 08:00-21:00; Пт: 08:00-21:00; Сб: 08:00-21:00; Вс: 08:00-21:00,+03:00,,,88002007575,,,,,,http://авокадо.рф,http://max.ru/avocado_grocery_stores,,,,,,,,,,,,,,,,,,,,https://t.me/avocadoswnn,,,,,,,,,70000001106032908,55.556873,38.192999,70030076143468165,,,687,70000001041565312,Авокадо,минимаркет,Продуктовые магазины,shop,1,0,2026-07-07T06:47:18Z,,0,32,https://2gis.com/firm/70000001106032908,branch,7906,https://2gis.ru/moscow/search/Продуктовые магазины/rubricId/373/filters/sort=name
Авокадо,минимаркет,Продуктовые магазины,"Соловьиный проезд, 16а ст1",,117593,,Ясенево,Москва,,Москва,Россия,Пн: 08:00-22:00; Вт: 08:00-22:00; Ср: 08:00-22:00; Чт: 08:00-22:00; Пт: 08:00-22:00; Сб: 08:00-22:00; Вс: 08:00-22:00,+03:00,,,88002007575,,,,,,http://авокадо.рф,http://max.ru/avocado_grocery_stores,,,,,,,,,,,,,,,,,,,,https://t.me/avocadoswnn,,,,,,,,,70000001106032892,55.605521,37.556252,70030076925908951,,,687,70000001041565312,Авокадо,минимаркет,Продуктовые магазины,shop,1,0,2026-06-06T04:51:38Z,,0,32,https://2gis.com/firm/70000001106032892,branch,7906,https://2gis.ru/moscow/search/Продуктовые магазины/rubricId/373/filters/sort=name
Авокадо,минимаркет,Продуктовые магазины,"Лесная улица, 12",,142720,Восточное Бутово м-н,,,Ленинский городской округ,Московская область,Россия,Пн: 08:00-22:00; Вт: 08:00-22:00; Ср: 08:00-22:00; Чт: 08:00-22:00; Пт: 08:00-22:00; Сб: 08:00-22:00; Вс: 08:00-22:00,+03:00,5.0,1,88002007575,,,,,,http://авокадо.рф,http://max.ru/avocado_grocery_stores,,,,,,,,,,,,,,,,,,,,https://t.me/avocadoswnn,,,,,,,,,70000001105835156,55.538446,37.620869,70030076327403346,,,687,70000001041565312,Авокадо,минимаркет,Продуктовые магазины,shop,1,4,2026-06-06T04:51:34Z,,0,32,https://2gis.com/firm/70000001105835156,branch,7906,https://2gis.ru/moscow/search/Продуктовые магазины/rubricId/373/filters/sort=name
Авокадо,минимаркет,Продуктовые магазины,"Слобода деревня, вл1",,142715,,,,Ленинский городской округ,Московская область,Россия,Пн: 09:00-23:00; Вт: 09:00-23:00; Ср: 09:00-23:00; Чт: 09:00-23:00; Пт: 09:00-23:00; Сб: 09:00-23:00; Вс: 09:00-23:00,+03:00,1.0,1,88002007575,,,,,,http://авокадо.рф,http://max.ru/avocado_grocery_stores,,,,,,,,,,,,,,,,,,,,https://t.me/avocadoswnn,,,,,,,,,70000001101156501,55.601791,37.817926,4504235282918111,,,687,70000001041565312,Авокадо,минимаркет,Продуктовые магазины,shop,1,0,2026-06-06T04:51:42Z,,0,32,https://2gis.com/firm/70000001101156501,branch,7906,https://2gis.ru/moscow/search/Продуктовые магазины/rubricId/373/filters/sort=name
Авокадо,минимаркет,Продуктовые магазины,"жилой комплекс Суханово парк, 1",,142702,Суханово парк жилой комплекс,,,Ленинский городской округ,Московская область,Россия,Пн: 10:00-22:00; Вт: 10:00-22:00; Ср: 10:00-22:00; Чт: 10:00-22:00; Пт: 10:00-22:00; Сб: 10:00-22:00; Вс: 10:00-22:00,+03:00,,,88002007575,,,,,,http://авокадо.рф,http://max.ru/avocado_grocery_stores,,,,,,,,,,,,,,,,,,,,https://t.me/avocadoswnn,,,,,,,,,70000001101147284,55.523071,37.638157,4504235283131275,,,687,70000001041565312,Авокадо,минимаркет,Продуктовые магазины,shop,1,0,2026-06-06T04:51:53Z,,0,32,https://2gis.com/firm/70000001101147284,branch,7906,https://2gis.ru/moscow/search/Продуктовые магазины/rubricId/373/filters/sort=name
Авокадо,минимаркет,Продуктовые магазины,"Ягодная улица, 8 к3",,115598,,Бирюлёво Восточное,Москва,,Москва,Россия,Пн: 09:00-23:00; Вт: 09:00-23:00; Ср: 09:00-23:00; Чт: 09:00-23:00; Пт: 09:00-23:00; Сб: 09:00-23:00; Вс: 09:00-23:00,+03:00,5.0,3,89261504360,,,,,,http://авокадо.рф,http://max.ru/avocado_grocery_stores,,,,,,,,,,,,,,,,,,,,https://t.me/avocadoswnn,,,,,,,,,70000001101147243,55.574929,37.674777,4504235283040729,,,687,70000001041565312,Авокадо,минимаркет,Продуктовые магазины,shop,1,4,2026-07-07T06:47:28Z,,0,32,https://2gis.com/firm/70000001101147243,branch,7906,https://2gis.ru/moscow/search/Продуктовые магазины/rubricId/373/filters/sort=name
Авокадо,минимаркет,Продуктовые магазины,"Рабочая улица, 35а",,144001,,,Электросталь,Электросталь городской округ,Московская область,Россия,Пн: 09:00-21:00; Вт: 09:00-21:00; Ср: 09:00-21:00; Чт: 09:00-21:00; Пт: 09:00-21:00; Сб: 09:00-21:00; Вс: 09:00-21:00,+03:00,,,88002007575,,,,,,http://авокадо.рф,http://max.ru/avocado_grocery_stores,,,,,,,,,,,,,,,,,,,,https://t.me/avocadoswnn,,,,,,,,,70000001101147106,55.775722,38.469745,4504235283382515,,,687,70000001041565312,Авокадо,минимаркет,Продуктовые магазины,shop,1,0,2026-06-06T04:51:51Z,,0,32,https://2gis.com/firm/70000001101147106,branch,7906,https://2gis.ru/moscow/search/Продуктовые магазины/rubricId/373/filters/sort=name
Авокадо,минимаркет,Продуктовые магазины,"Зеленая Слобода село, ст1",,140125,,,,Раменский муниципальный округ,Московская область,Россия,Пн: 08:00-20:00; Вт: 08:00-20:00; Ср: 08:00-20:00; Чт: 08:00-20:00; Пт: 08:00-20:00; Сб: 08:00-20:00; Вс: 08:00-20:00,+03:00,,,88002007575,,,,,,http://авокадо.рф,http://max.ru/avocado_grocery_stores,,,,,,,,,,,,,,,,,,,,https://t.me/avocadoswnn,,,,,,,,,70000001101147040,55.524725,37.998711,4504235282867573,,,687,70000001041565312,Авокадо,минимаркет,Продуктовые магазины,shop,1,0,2026-07-07T06:47:26Z,,0,32,https://2gis.com/firm/70000001101147040,branch,7906,https://2gis.ru/moscow/search/Продуктовые магазины/rubricId/373/filters/sort=name
Авокадо,минимаркет,Продуктовые магазины,"3-й Пятилетки улица, 71а",,141281,2-й пос.,,Ивантеевка,Пушкинский городской округ,Московская область,Россия,Пн: 09:00-22:00; Вт: 09:00-22:00; Ср: 09:00-22:00; Чт: 09:00-22:00; Пт: 09:00-22:00; Сб: 09:00-22:00; Вс: 09:00-22:00,+03:00,,,88002007575,,,,,,http://авокадо.рф,http://max.ru/avocado_grocery_stores,,,,,,,,,,,,,,,,,,,,https://t.me/avocadoswnn,,,,,,,,,70000001101146985,55.974834,37.959098,4504235283033748,,,687,70000001041565312,Авокадо,минимаркет,Продуктовые магазины,shop,1,0,2026-06-06T04:51:42Z,,0,32,https://2gis.com/firm/70000001101146985,branch,7906,https://2gis.ru/moscow/search/Продуктовые магазины/rubricId/373/filters/sort=name
Авокадо,минимаркет,Продуктовые магазины,"Вашутинское шоссе, вл18г",,141402,Старые Химки м-н,,Химки,Химки городской округ,Московская область,Россия,Пн: 00:00-24:00; Вт: 00:00-24:00; Ср: 00:00-24:00; Чт: 00:00-24:00; Пт: 00:00-24:00; Сб: 00:00-24:00; Вс: 00:00-24:00,+03:00,,,89660321000,,,,,,http://авокадо.рф,http://max.ru/avocado_grocery_stores,,,,,,,,,,,,,,,,,,,,https://t.me/avocadoswnn,,,,,,,,,70000001101146937,55.921896,37.409729,4504235309662401,,,687,70000001041565312,Авокадо,минимаркет,Продуктовые магазины,shop,1,8,2026-07-07T06:47:35Z,,0,32,https://2gis.com/firm/70000001101146937,branch,7906,https://2gis.ru/moscow/search/Продуктовые магазины/rubricId/373/filters/sort=name
Авокадо,минимаркет,Продуктовые магазины,"улица Связистов, 12а",,143090,,,Краснознаменск,ЗАТО Краснознаменск городской округ,Московская область,Россия,Пн: 08:00-20:00; Вт: 08:00-20:00; Ср: 08:00-20:00; Чт: 08:00-20:00; Пт: 08:00-20:00; Сб: 08:00-20:00; Вс: 08:00-20:00,+03:00,,,88002007575,,,,,,http://авокадо.рф,http://max.ru/avocado_grocery_stores,,,,,,,,,,,,,,,,,,,,https://t.me/avocadoswnn,,,,,,,,,70000001101146911,55.593099,37.049406,70030076177833085,,,687,70000001041565312,Авокадо,минимаркет,Продуктовые магазины,shop,1,0,2026-06-06T04:51:49Z,,0,32,https://2gis.com/firm/70000001101146911,branch,7906,https://2gis.ru/moscow/search/Продуктовые магазины/rubricId/373/filters/sort=name
Авокадо,минимаркет,Продуктовые магазины,"Ольховая улица, 47",,142840,,,,Ступино городской округ,Московская область,Россия,Пн: 09:30-18:00; Вт: 09:30-18:00; Ср: 09:30-18:00; Чт: 09:30-18:00; Пт: 09:30-18:00; Сб: 09:30-18:00; Вс: 09:30-18:00,+03:00,,,88002007575,,,,,,http://авокадо.рф,http://max.ru/avocado_grocery_stores,,,,,,,,,,,,,,,,,,,,https://t.me/avocadoswnn,,,,,,,,,70000001101146876,55.079782,37.893108,4504235283250847,,,687,70000001041565312,Авокадо,минимаркет,Продуктовые магазины,shop,1,0,2026-06-06T04:51:42Z,,0,32,https://2gis.com/firm/70000001101146876,branch,7906,https://2gis.ru/moscow/search/Продуктовые магазины/rubricId/373/filters/sort=name
Авокадо,минимаркет,Продуктовые магазины,,,140080,,,Лыткарино,Лыткарино городской округ,Московская область,Россия,Пн: 08:00-20:00; Вт: 08:00-20:00; Ср: 08:00-20:00; Чт: 08:00-20:00; Пт: 08:00-20:00; Сб: 08:00-20:00; Вс: 08:00-20:00,+03:00,,,89255371737,,,,,,http://авокадо.рф,http://max.ru/avocado_grocery_stores,,,,,,,,,,,,,,,,,,,,https://t.me/avocadoswnn,,,,,,,,,70000001101146835,55.558799,37.956507,70030076179953568,,,687,70000001041565312,Авокадо,минимаркет,Продуктовые магазины,shop,1,1,2026-07-07T07:17:59Z,,0,32,https://2gis.com/firm/70000001101146835,branch,7906,https://2gis.ru/moscow/search/Продуктовые магазины/rubricId/373/filters/sort=name
Авокадо,минимаркет,Продуктовые магазины,"Курортная улица, 3",,141232,,,,Пушкинский городской округ,Московская область,Россия,Пн: 08:00-22:00; Вт: 08:00-22:00; Ср: 08:00-22:00; Чт: 08:00-22:00; Пт: 08:00-22:00; Сб: 08:00-22:00; Вс: 08:00-22:00,+03:00,5.0,1,88002007575,,,,,,http://авокадо.рф,http://max.ru/avocado_grocery_stores,,,,,,,,,,,,,,,,,,,,https://t.me/avocadoswnn,,,,,,,,,70000001101146716,56.081525,37.740164,4504235282993800,,,687,70000001041565312,Авокадо,минимаркет,Продуктовые магазины,shop,1,0,2026-06-06T04:51:34Z,,0,32,https://2gis.com/firm/70000001101146716,branch,7906,https://2gis.ru/moscow/search/Продуктовые магазины/rubricId/373/filters/sort=name
Авокадо,минимаркет,Продуктовые магазины,"Центральная улица, 20 к1",,142715,Вереск-Б,,,Ленинский городской округ,Московская область,Россия,Пн: 00:00-24:00; Вт: 00:00-24:00; Ср: 00:00-24:00; Чт: 00:00-24:00; Пт: 00:00-24:00; Сб: 00:00-24:00; Вс: 00:00-24:00,+03:00,,,88002007575,,,,,,http://авокадо.рф,http://max.ru/avocado_grocery_stores,,,,,,,,,,,,,,,,,,,,https://t.me/avocadoswnn,,,,,,,,,70000001101146693,55.603386,37.804517,4504235316646190,,,687,70000001041565312,Авокадо,минимаркет,Продуктовые магазины,shop,1,0,2026-07-07T06:47:22Z,,0,32,https://2gis.com/firm/70000001101146693,branch,7906,https://2gis.ru/moscow/search/Продуктовые магазины/rubricId/373/filters/sort=name
Авокадо,минимаркет,Продуктовые магазины,"улица Центральная усадьба, 3 ст1",,142470,,,,Электросталь городской округ,Московская область,Россия,Пн: 08:00-20:00; Вт: 08:00-20:00; Ср: 08:00-20:00; Чт: 08:00-20:00; Пт: 08:00-20:00; Сб: 08:00-20:00; Вс: 08:00-20:00,+03:00,,,88002007575,,,,,,http://авокадо.рф,http://max.ru/avocado_grocery_stores,,,,,,,,,,,,,,,,,,,,https://t.me/avocadoswnn,,,,,,,,,70000001101146683,55.741957,38.451953,4504235283356293,,,687,70000001041565312,Авокадо,минимаркет,Продуктовые магазины,shop,1,0,2026-06-06T04:51:50Z,,0,32,https://2gis.com/firm/70000001101146683,branch,7906,https://2gis.ru/moscow/search/Продуктовые магазины/rubricId/373/filters/sort=name
Авокадо,минимаркет,Продуктовые магазины,"Костромская улица, 16",,127549,,Алтуфьевский,Москва,,Москва,Россия,Пн: 08:00-22:00; Вт: 08:00-22:00; Ср: 08:00-22:00; Чт: 08:00-22:00; Пт: 08:00-22:00; Сб: 08:00-22:00; Вс: 08:00-22:00,+03:00,,,88002007575,,,,,,http://авокадо.рф,http://max.ru/avocado_grocery_stores,,,,,,,,,,,,,,,,,,,,https://t.me/avocadoswnn,,,,,,,,,70000001101146652,55.884351,37.5982,4504235282537454,,,687,70000001041565312,Авокадо,минимаркет,Продуктовые магазины,shop,1,5,2026-06-06T04:51:37Z,,0,32,https://2gis.com/firm/70000001101146652,branch,7906,https://2gis.ru/moscow/search/Продуктовые магазины/rubricId/373/filters/sort=name
Авокадо,минимаркет,Продуктовые магазины,"улица 40 лет Октября, 5",1 этаж,142271,,,,Серпухов городской округ,Московская область,Россия,Пн: 09:00-21:00; Вт: 09:00-21:00; Ср: 09:00-21:00; Чт: 09:00-21:00; Пт: 09:00-21:00; Сб: 09:00-21:00; Вс: 09:00-21:00,+03:00,,,88002007575,,,,,,http://авокадо.рф,http://max.ru/avocado_grocery_stores,,,,,,,,,,,,,,,,,,,,https://t.me/avocadoswnn,,,,,,,,,70000001099255924,55.023322,37.384707,4504235283249931,,,687,70000001041565312,Авокадо,минимаркет,Продуктовые магазины,shop,1,4,2026-06-06T04:51:38Z,,0,32,https://2gis.com/firm/70000001099255924,branch,7906,https://2gis.ru/moscow/search/Продуктовые магазины/rubricId/373/filters/sort=name
Авокадо,минимаркет,Продуктовые магазины,"улица Удальцова, 6",1 этаж,119415,,Проспект Вернадского,Москва,,Москва,Россия,Пн: 09:00-21:00; Вт: 09:00-21:00; Ср: 09:00-21:00; Чт: 09:00-21:00; Пт: 09:00-21:00; Сб: 10:00-21:00; Вс: 10:00-21:00,+03:00,2.1,2,88002007575,,,,,,http://авокадо.рф,http://max.ru/avocado_grocery_stores,,,,,,,,,,,,,,,,,,,,https://t.me/avocadoswnn,,,,,,,,,70000001097160319,55.674079,37.514172,4504235282567917,,,687,70000001041565312,Авокадо,минимаркет,Продуктовые магазины,shop,1,7,2026-07-07T06:47:27Z,,0,32,https://2gis.com/firm/70000001097160319,branch,7906,https://2gis.ru/moscow/search/Продуктовые магазины/rubricId/373/filters/sort=name
Авокадо,минимаркет,Продуктовые магазины,"Петрозаводская улица, 18 к1",,125414,,Ховрино,Москва,,Москва,Россия,Пн: 00:00-24:00; Вт: 00:00-24:00; Ср: 00:00-24:00; Чт: 00:00-24:00; Пт: 00:00-24:00; Сб: 00:00-24:00; Вс: 00:00-24:00,+03:00,,,89656879955,,,,,,http://авокадо.рф,http://max.ru/avocado_grocery_stores,,,,,,,,,,,,,,https://wa.me/79656879955,,,,,,https://t.me/avocadoswnn,,,,,,,,,70000001094073211,55.865155,37.499635,4504235282549322,,,687,70000001041565312,Авокадо,минимаркет,Продуктовые магазины,shop,1,4,2026-07-07T06:47:26Z,,0,32,https://2gis.com/firm/70000001094073211,branch,7906,https://2gis.ru/moscow/search/Продуктовые магазины/rubricId/373/filters/sort=name
Авокадо,минимаркет,Продуктовые магазины,"Лисавино деревня, вл1",,143512,,,,Истра муниципальный округ,Московская область,Россия,Пн: 09:00-21:00; Вт: 09:00-21:00; Ср: 09:00-21:00; Чт: 09:00-21:00; Пт: 09:00-21:00; Сб: 09:00-21:00; Вс: 09:00-21:00,+03:00,,,89053416309,,,,,,http://авокадо.рф,http://max.ru/avocado_grocery_stores,,,,,,,,,,,,,,,,,,,,https://t.me/avocadoswnn,,,,,,,,,70000001094069829,55.969086,36.993403,4504235326244723,,,687,70000001041565312,Авокадо,минимаркет,Продуктовые магазины,shop,1,0,2026-07-07T06:47:28Z,,0,32,https://2gis.com/firm/70000001094069829,branch,7906,https://2gis.ru/moscow/search/Продуктовые магазины/rubricId/373/filters/sort=name
Авокадо,минимаркет,Продуктовые магазины,"Холуденево деревня, 29Б",,140126,,,,Раменский муниципальный округ,Московская область,Россия,Пн: 08:00-20:00; Вт: 08:00-20:00; Ср: 08:00-20:00; Чт: 08:00-20:00; Пт: 08:00-20:00; Сб: 08:00-20:00; Вс: 08:00-20:00,+03:00,,,89775954401,,,,,,http://авокадо.рф,http://max.ru/avocado_grocery_stores,,,,,,,,,,,,,,,,,,,,https://t.me/avocadoswnn,,,,,,,,,70000001093954945,55.470725,38.160502,4504235282795354,,,687,70000001041565312,Авокадо,минимаркет,Продуктовые магазины,shop,1,0,2026-07-07T06:47:33Z,,0,32,https://2gis.com/firm/70000001093954945,branch,7906,https://2gis.ru/moscow/search/Продуктовые магазины/rubricId/373/filters/sort=name
Авокадо,минимаркет,Продуктовые магазины,"Москворецкая улица, 90",,140128,Княжий берег коттеджный пос.,,,Раменский муниципальный округ,Московская область,Россия,Пн: 09:00-21:00; Вт: 09:00-21:00; Ср: 09:00-21:00; Чт: 09:00-21:00; Пт: 09:00-21:00; Сб: 09:00-21:00; Вс: 09:00-21:00,+03:00,,,89037707961,,,,,,http://авокадо.рф,http://max.ru/avocado_grocery_stores,,,,,,,,,,,,,,,,,,,,https://t.me/avocadoswnn,,,,,,,,,70000001093908448,55.463642,38.226275,70030076330244807,,,687,70000001041565312,Авокадо,минимаркет,Продуктовые магазины,shop,1,0,2026-07-07T06:47:20Z,,0,32,https://2gis.com/firm/70000001093908448,branch,7906,https://2gis.ru/moscow/search/Продуктовые магазины/rubricId/373/filters/sort=name
Авокадо,минимаркет,Продуктовые магазины,"Мишутинское шоссе, 6а",,142505,,,Павловский Посад,Павлово-Посадский городской округ,Московская область,Россия,Пн: 08:00-20:00; Вт: 08:00-20:00; Ср: 08:00-20:00; Чт: 08:00-20:00; Пт: 08:00-20:00; Сб: 08:00-20:00; Вс: 08:00-20:00,+03:00,,,88002007575,,,,,,http://авокадо.рф,http://max.ru/avocado_grocery_stores,,,,,,,,,,,,,,,,,,,,https://t.me/avocadoswnn,,,,,,,,,70000001093892357,55.768638,38.695589,4504235283366037,,,687,70000001041565312,Авокадо,минимаркет,Продуктовые магазины,shop,1,0,2025-02-04T10:14:21Z,,0,32,https://2gis.com/firm/70000001093892357,branch,7906,https://2gis.ru/moscow/search/Продуктовые магазины/rubricId/373/filters/sort=name
Авокадо,минимаркет,Продуктовые магазины,,,142516,,,,Павлово-Посадский городской округ,Московская область,Россия,Пн: 08:00-21:00; Вт: 08:00-21:00; Ср: 08:00-21:00; Чт: 08:00-21:00; Пт: 08:00-21:00; Сб: 08:00-21:00; Вс: 08:00-21:00,+03:00,,,89266608282,,,,,,http://авокадо.рф,http://max.ru/avocado_grocery_stores,,,,,,,,,,,,,,,,,,,,https://t.me/avocadoswnn,,,,,,,,,70000001093869008,55.68053,38.704844,4504235283303877,,,687,70000001041565312,Авокадо,минимаркет,Продуктовые магазины,shop,1,0,2026-07-07T06:47:23Z,,0,32,https://2gis.com/firm/70000001093869008,branch,7906,https://2gis.ru/moscow/search/Продуктовые магазины/rubricId/373/filters/sort=name
Авокадо,минимаркет,Продуктовые магазины,"Ледово деревня, 40Б",,141112,,,,Щёлково городской округ,Московская область,Россия,Пн: 08:00-22:00; Вт: 08:00-22:00; Ср: 08:00-22:00; Чт: 08:00-22:00; Пт: 08:00-22:00; Сб: 08:00-22:00; Вс: 08:00-22:00,+03:00,,,89776595320,,,,,,http://авокадо.рф,http://max.ru/avocado_grocery_stores,,,,,,,,,,,,,,,,,,,,https://t.me/avocadoswnn,,,,,,,,,70000001093855550,55.890946,37.98768,70030076128192843,,,687,70000001041565312,Авокадо,минимаркет,Продуктовые магазины,shop,1,0,2026-07-07T06:47:19Z,,0,32,https://2gis.com/firm/70000001093855550,branch,7906,https://2gis.ru/moscow/search/Продуктовые магазины/rubricId/373/filters/sort=name
Авокадо,минимаркет,Продуктовые магазины,"Беломорская улица, 13 к1",,125445,,Левобережный,Москва,,Москва,Россия,Пн: 00:00-24:00; Вт: 00:00-24:00; Ср: 00:00-24:00; Чт: 00:00-24:00; Пт: 00:00-24:00; Сб: 00:00-24:00; Вс: 00:00-24:00,+03:00,,,89777167212,,,,,,http://авокадо.рф,http://max.ru/avocado_grocery_stores,,,,,,,,,,,,,,,,,,,,https://t.me/avocadoswnn,,,,,,,,,70000001093848390,55.865396,37.473831,4504235282549231,,,687,70000001041565312,Авокадо,минимаркет,Продуктовые магазины,shop,1,0,2026-07-07T06:47:33Z,,0,32,https://2gis.com/firm/70000001093848390,branch,7906,https://2gis.ru/moscow/search/Продуктовые магазины/rubricId/373/filters/sort=name
Авокадо,минимаркет,Продуктовые магазины,"Волгоградский проспект, 159 к1",1 этаж,109378,,Кузьминки,Москва,,Москва,Россия,Пн: 09:00-23:00; Вт: 09:00-23:00; Ср: 09:00-23:00; Чт: 09:00-23:00; Пт: 09:00-23:00; Сб: 09:00-23:00; Вс: 09:00-23:00,+03:00,1.0,1,88002007575,,,,,,http://авокадо.рф,http://max.ru/avocado_grocery_stores,,,,,,,,,,,,,,,,,,,,https://t.me/avocadoswnn,,,,,,,,,70000001091252230,55.703284,37.785175,4504235282593144,,,687,70000001041565312,Авокадо,минимаркет,Продуктовые магазины,shop,1,4,2026-04-03T16:39:22Z,,0,32,https://2gis.com/firm/70000001091252230,branch,7906,https://2gis.ru/moscow/search/Продуктовые магазины/rubricId/373/filters/sort=name
Авокадо,минимаркет,Продуктовые магазины,,,140155,,,,Раменский муниципальный округ,Московская область,Россия,Пн: 09:00-21:00; Вт: 09:00-21:00; Ср: 09:00-21:00; Чт: 09:00-21:00; Пт: 09:00-21:00; Сб: 09:00-21:00; Вс: 09:00-21:00,+03:00,,,88002007575,,,,,,http://авокадо.рф,http://max.ru/avocado_grocery_stores,,,,,,,,,,,,,,,,,,,,https://t.me/avocadoswnn,,,,,,,,,70000001090268655,55.611623,38.534417,70030076919112004,,,687,70000001041565312,Авокадо,минимаркет,Продуктовые магазины,shop,1,2,2026-06-06T04:51:36Z,,0,32,https://2gis.com/firm/70000001090268655,branch,7906,https://2gis.ru/moscow/search/Продуктовые магазины/rubricId/373/filters/sort=name
Авокадо,минимаркет,Продуктовые магазины,"Центральная улица, 1",,142303,Чехов-3 городок,,,Чехов муниципальный округ,Московская область,Россия,Пн: 09:00-21:00; Вт: 09:00-21:00; Ср: 09:00-21:00; Чт: 09:00-21:00; Пт: 09:00-21:00; Сб: 09:00-21:00; Вс: 09:00-21:00,+03:00,,,88002007575,,,,,,http://авокадо.рф,http://max.ru/avocado_grocery_stores,,,,,,,,,,,,,,,,,,,,https://t.me/avocadoswnn,,,,,,,,,70000001090268639,55.151005,37.273151,4504235283071820,,,687,70000001041565312,Авокадо,минимаркет,Продуктовые магазины,shop,1,2,2026-06-06T04:51:35Z,,0,32,https://2gis.com/firm/70000001090268639,branch,7906,https://2gis.ru/moscow/search/Продуктовые магазины/rubricId/373/filters/sort=name
Авокадо,минимаркет,Продуктовые магазины,"Игнатьево, вл50",,140155,,,,Раменский муниципальный округ,Московская область,Россия,Пн: 09:00-21:00; Вт: 09:00-21:00; Ср: 09:00-21:00; Чт: 09:00-21:00; Пт: 09:00-21:00; Сб: 09:00-21:00; Вс: 09:00-21:00,+03:00,1.0,1,88002007575,,,,,,http://авокадо.рф,http://max.ru/avocado_grocery_stores,,,,,,,,,,,,,,,,,,,,https://t.me/avocadoswnn,,,,,,,,,70000001090268601,55.607441,38.523938,4504235283316804,,,687,70000001041565312,Авокадо,минимаркет,Продуктовые магазины,shop,1,2,2026-07-07T06:47:18Z,,0,32,https://2gis.com/firm/70000001090268601,branch,7906,https://2gis.ru/moscow/search/Продуктовые магазины/rubricId/373/filters/sort=name
Авокадо,минимаркет,Продуктовые магазины,"Палехская улица, 11 к1",1 этаж,129337,,Ярославский,Москва,,Москва,Россия,Пн: 08:00-23:00; Вт: 08:00-23:00; Ср: 08:00-23:00; Чт: 08:00-23:00; Пт: 08:00-23:00; Сб: 08:00-23:00; Вс: 08:00-23:00,+03:00,4.9,1,84991831079,,,,,,http://авокадо.рф,http://max.ru/avocado_grocery_stores,,,,,,,,,,,,,,,,,,,,https://t.me/avocadoswnn,,,,,,,,,70000001090063620,55.866976,37.695651,4504235282580692,,,687,70000001041565312,Авокадо,минимаркет,Продуктовые магазины,shop,1,4,2026-07-07T07:18:04Z,,0,32,https://2gis.com/firm/70000001090063620,branch,7906,https://2gis.ru/moscow/search/Продуктовые магазины/rubricId/373/filters/sort=name
Авокадо,минимаркет,Продуктовые магазины,"ДНП Ясная поляна - Бахтеево, 121",,140155,Ясная поляна - Бахтеево,,,Раменский муниципальный округ,Московская область,Россия,Пн: 09:00-21:00; Вт: 09:00-21:00; Ср: 09:00-21:00; Чт: 09:00-21:00; Пт: 09:00-21:00; Сб: 09:00-21:00; Вс: 09:00-21:00,+03:00,,,88002007575,,,,,,http://авокадо.рф,http://max.ru/avocado_grocery_stores,,,,,,,,,,,,,,,,,,,,https://t.me/avocadoswnn,,,,,,,,,70000001090063599,55.578961,38.535523,70030076349971261,,,687,70000001041565312,Авокадо,минимаркет,Продуктовые магазины,shop,1,0,2024-07-09T07:00:19Z,,0,32,https://2gis.com/firm/70000001090063599,branch,7906,https://2gis.ru/moscow/search/Продуктовые магазины/rubricId/373/filters/sort=name
Авокадо,минимаркет,Продуктовые магазины,"ДНП Ясная поляна - Бахтеево, 121",,140155,Ясная поляна - Бахтеево,,,Раменский муниципальный округ,Московская область,Россия,Пн: 09:00-21:00; Вт: 09:00-21:00; Ср: 09:00-21:00; Чт: 09:00-21:00; Пт: 09:00-21:00; Сб: 09:00-21:00; Вс: 09:00-21:00,+03:00,1.0,1,88002007575,,,,,,http://авокадо.рф,http://max.ru/avocado_grocery_stores,,,,,,,,,,,,,,,,,,,,https://t.me/avocadoswnn,,,,,,,,,70000001090063575,55.578961,38.535523,70030076349971261,,,687,70000001041565312,Авокадо,минимаркет,Продуктовые магазины,shop,1,0,2024-07-09T06:59:52Z,,0,32,https://2gis.com/firm/70000001090063575,branch,7906,https://2gis.ru/moscow/search/Продуктовые магазины/rubricId/373/filters/sort=name
Авокадо,минимаркет,Продуктовые магазины,"Захарово деревня, ст85/3",,140157,,,,Раменский муниципальный округ,Московская область,Россия,Пн: 08:00-21:00; Вт: 08:00-21:00; Ср: 08:00-21:00; Чт: 08:00-21:00; Пт: 08:00-21:00; Сб: 08:00-21:00; Вс: 08:00-21:00,+03:00,,,89163393919,,,,,,http://авокадо.рф,http://max.ru/avocado_grocery_stores,,,,,,,,,,,,,,,,,,,,https://t.me/avocadoswnn,,,,,,,,,70000001090063507,55.41521,38.36093,70030076200592258,,,687,70000001041565312,Авокадо,минимаркет,Продуктовые магазины,shop,1,0,2026-07-07T06:47:35Z,,0,32,https://2gis.com/firm/70000001090063507,branch,7906,https://2gis.ru/moscow/search/Продуктовые магазины/rubricId/373/filters/sort=name
Авокадо,минимаркет,Продуктовые магазины,"Абрикосовая улица, 1",,140152,Раменье,,,Раменский муниципальный округ,Московская область,Россия,Пн: 10:00-21:00; Вт: 10:00-21:00; Ср: 10:00-21:00; Чт: 10:00-21:00; Пт: 10:00-21:00; Сб: 10:00-21:00; Вс: 10:00-21:00,+03:00,,,89173526545,,,,,,http://авокадо.рф,http://max.ru/avocado_grocery_stores,,,,,,,,,,,,,,,,,,,,https://t.me/avocadoswnn,,,,,,,,,70000001090063487,55.472356,38.372835,70030076288880216,,,687,70000001041565312,Авокадо,минимаркет,Продуктовые магазины,shop,1,0,2026-07-07T06:47:34Z,,0,32,https://2gis.com/firm/70000001090063487,branch,7906,https://2gis.ru/moscow/search/Продуктовые магазины/rubricId/373/filters/sort=name
Авокадо,минимаркет,Продуктовые магазины,"деревня Ефимовка, 30",,142323,,,,Чехов муниципальный округ,Московская область,Россия,Пн: 08:00-20:00; Вт: 08:00-20:00; Ср: 08:00-20:00; Чт: 08:00-20:00; Пт: 08:00-20:00; Сб: 08:00-20:00; Вс: 08:00-20:00,+03:00,,,88002007575,,,,,,http://авокадо.рф,http://max.ru/avocado_grocery_stores,,,,,,,,,,,,,,,,,,,,https://t.me/avocadoswnn,,,,,,,,,70000001090063470,55.23077,37.228614,4504235283053022,,,687,70000001041565312,Авокадо,минимаркет,Продуктовые магазины,shop,1,0,2026-06-06T04:51:36Z,,0,32,https://2gis.com/firm/70000001090063470,branch,7906,https://2gis.ru/moscow/search/Продуктовые магазины/rubricId/373/filters/sort=name
Авокадо,минимаркет,Продуктовые магазины,"Совхозная улица, 2 ст2",1 этаж,140145,,,,Раменский муниципальный округ,Московская область,Россия,Пн: 09:00-21:00; Вт: 09:00-21:00; Ср: 09:00-21:00; Чт: 09:00-21:00; Пт: 09:00-21:00; Сб: 09:00-21:00; Вс: 09:00-21:00,+03:00,5.0,2,88002007575,,,,,,http://авокадо.рф,http://max.ru/avocado_grocery_stores,,,,,,,,,,,,,,,,,,,,https://t.me/avocadoswnn,,,,,,,,,70000001090063457,55.596135,38.473942,70030076288749759,,,687,70000001041565312,Авокадо,минимаркет,Продуктовые магазины,shop,1,3,2026-06-06T04:51:54Z,,0,32,https://2gis.com/firm/70000001090063457,branch,7906,https://2gis.ru/moscow/search/Продуктовые магазины/rubricId/373/filters/sort=name
Авокадо,минимаркет,Продуктовые магазины,"Центральная улица, 15Б",,140124,,,,Раменский муниципальный округ,Московская область,Россия,Пн: 09:00-21:00; Вт: 09:00-21:00; Ср: 09:00-21:00; Чт: 09:00-21:00; Пт: 09:00-21:00; Сб: 09:00-21:00; Вс: 09:00-21:00,+03:00,,,88002007575,,,,,,http://авокадо.рф,http://max.ru/avocado_grocery_stores,,,,,,,,,,,,,,,,,,,,https://t.me/avocadoswnn,,,,,,,,,70000001090063446,55.615943,38.301876,70030076268176375,,,687,70000001041565312,Авокадо,минимаркет,Продуктовые магазины,shop,1,0,2026-07-07T06:47:26Z,,0,32,https://2gis.com/firm/70000001090063446,branch,7906,https://2gis.ru/moscow/search/Продуктовые магазины/rubricId/373/filters/sort=name
Авокадо,минимаркет,Продуктовые магазины,"улица Бережок, 3",1 этаж,141281,Заречная слобода жилой комплекс,,Ивантеевка,Пушкинский городской округ,Московская область,Россия,Пн: 09:00-21:00; Вт: 09:00-21:00; Ср: 09:00-21:00; Чт: 09:00-21:00; Пт: 09:00-21:00; Сб: 09:00-21:00; Вс: 09:00-21:00,+03:00,5.0,1,88002007575,,,,,,http://авокадо.рф,http://max.ru/avocado_grocery_stores,,,,,,,,,,,,,,,,,,,,https://t.me/avocadoswnn,,,,,,,,,70000001089284561,55.975143,37.942692,4504235299517119,,,687,70000001041565312,Авокадо,минимаркет,Продуктовые магазины,shop,1,3,2026-06-06T04:51:35Z,,0,32,https://2gis.com/firm/70000001089284561,branch,7906,https://2gis.ru/moscow/search/Продуктовые магазины/rubricId/373/filters/sort=name
Авокадо,минимаркет,Продуктовые магазины,"улица Шнырева, 46а",,143500,,,Истра,Истра муниципальный округ,Московская область,Россия,Пн: 09:00-19:00; Вт: 09:00-19:00; Ср: 09:00-19:00; Чт: 09:00-19:00; Пт: 09:00-19:00; Сб: 09:00-19:00; Вс: 09:00-19:00,+03:00,,,88002007575,,,,,,http://авокадо.рф,http://max.ru/avocado_grocery_stores,,,,,,,,,,,,,,,,,,,,https://t.me/avocadoswnn,,,,,,,,,70000001089284552,55.919394,36.869015,4504235325246073,,,687,70000001041565312,Авокадо,минимаркет,Продуктовые магазины,shop,1,0,2026-07-07T15:25:08Z,,0,32,https://2gis.com/firm/70000001089284552,branch,7906,https://2gis.ru/moscow/search/Продуктовые магазины/rubricId/373/filters/sort=name
Авокадо,минимаркет,Продуктовые магазины,,,140128,Виктория,,,Раменский муниципальный округ,Московская область,Россия,Пн: 09:00-20:00; Вт: 09:00-20:00; Ср: 09:00-20:00; Чт: 09:00-20:00; Пт: 09:00-20:00; Сб: 09:00-20:00; Вс: 09:00-20:00,+03:00,,,88002007575,,,,,,http://авокадо.рф,http://max.ru/avocado_grocery_stores,,,,,,,,,,,,,,,,,,,,https://t.me/avocadoswnn,,,,,,,,,70000001089284501,55.468076,38.293492,70030076871119003,,,687,70000001041565312,Авокадо,минимаркет,Продуктовые магазины,shop,1,0,2026-06-06T04:51:49Z,,0,32,https://2gis.com/firm/70000001089284501,branch,7906,https://2gis.ru/moscow/search/Продуктовые магазины/rubricId/373/filters/sort=name
Авокадо,минимаркет,Продуктовые магазины,"Пласкинино деревня, 17а",,140152,Автомобилист-1,,,Раменский муниципальный округ,Московская область,Россия,Пн: 08:00-20:00; Вт: 08:00-20:00; Ср: 08:00-20:00; Чт: 08:00-20:00; Пт: 08:00-20:00; Сб: 08:00-20:00; Вс: 08:00-20:00,+03:00,,,89774272452,,,,,,http://авокадо.рф,http://max.ru/avocado_grocery_stores,,,,,,,,,,,,,,,,,,,,https://t.me/avocadoswnn,,,,,,,,,70000001089284500,55.551298,38.464632,70030077088787544,,,687,70000001041565312,Авокадо,минимаркет,Продуктовые магазины,shop,1,0,2026-07-07T07:17:57Z,,0,32,https://2gis.com/firm/70000001089284500,branch,7906,https://2gis.ru/moscow/search/Продуктовые магазины/rubricId/373/filters/sort=name
Авокадо,минимаркет,Продуктовые магазины,,,140152,Медик,,,Раменский муниципальный округ,Московская область,Россия,Пн: 09:00-21:00; Вт: 09:00-21:00; Ср: 09:00-21:00; Чт: 09:00-21:00; Пт: 09:00-21:00; Сб: 09:00-21:00; Вс: 09:00-21:00,+03:00,,,88002007575,,,,,,http://авокадо.рф,http://max.ru/avocado_grocery_stores,,,,,,,,,,,,,,,,,,,,https://t.me/avocadoswnn,,,,,,,,,70000001088254308,55.458043,38.261467,70030076871118997,,,687,70000001041565312,Авокадо,минимаркет,Продуктовые магазины,shop,1,0,2026-07-07T06:47:33Z,,0,32,https://2gis.com/firm/70000001088254308,branch,7906,https://2gis.ru/moscow/search/Продуктовые магазины/rubricId/373/filters/sort=name
Авокадо,минимаркет,Продуктовые магазины,"Бритово деревня, 56а",,140126,,,,Раменский муниципальный округ,Московская область,Россия,Пн: 09:00-21:00; Вт: 09:00-21:00; Ср: 09:00-21:00; Чт: 09:00-21:00; Пт: 09:00-21:00; Сб: 09:00-21:00; Вс: 09:00-21:00,+03:00,4.6,2,88002007575,,,,,,http://авокадо.рф,http://max.ru/avocado_grocery_stores,,,,,,,,,,,,,,,,,,,,https://t.me/avocadoswnn,,,,,,,,,70000001088254094,55.478177,38.146295,4504235283150981,,,687,70000001041565312,Авокадо,минимаркет,Продуктовые магазины,shop,1,0,2026-07-07T06:47:28Z,,0,32,https://2gis.com/firm/70000001088254094,branch,7906,https://2gis.ru/moscow/search/Продуктовые магазины/rubricId/373/filters/sort=name
Авокадо,минимаркет,Продуктовые магазины,"Фестивальная улица, 20",,125581,,Ховрино,Москва,,Москва,Россия,Пн: 09:00-22:00; Вт: 09:00-22:00; Ср: 09:00-22:00; Чт: 09:00-22:00; Пт: 09:00-22:00; Сб: 09:00-22:00; Вс: 09:00-22:00,+03:00,,,88002007575,,,,,,http://авокадо.рф,http://max.ru/avocado_grocery_stores,,,,,,,,,,,,,,,,,,,,https://t.me/avocadoswnn,,,,,,,,,70000001088212159,55.859943,37.498737,4504235282532236,,,687,70000001041565312,Авокадо,минимаркет,Продуктовые магазины,shop,1,6,2026-07-07T06:47:26Z,,0,32,https://2gis.com/firm/70000001088212159,branch,7906,https://2gis.ru/moscow/search/Продуктовые магазины/rubricId/373/filters/sort=name
Авокадо,минимаркет,Продуктовые магазины,"Южнобутовская улица, 145",1 этаж,117042,,Южное Бутово,Москва,,Москва,Россия,"Пн: 10:00-15:00, 16:00-23:00; Вт: 10:00-15:00, 16:00-23:00; Ср: 10:00-15:00, 16:00-23:00; Чт: 10:00-15:00, 16:00-23:00; Пт: 10:00-15:00, 16:00-23:00; Сб: 10:00-15:00, 16:00-23:00; Вс: 10:00-15:00, 16:00-23:00",+03:00,5.0,1,88002007575,,,,,,http://авокадо.рф,http://max.ru/avocado_grocery_stores,,,,,,,,,,,,,,,,,,,,https://t.me/avocadoswnn,,,,,,,,,70000001088212126,55.528223,37.512928,4504235282774076,,,687,70000001041565312,Авокадо,минимаркет,Продуктовые магазины,shop,1,4,2026-07-07T06:47:24Z,,0,32,https://2gis.com/firm/70000001088212126,branch,7906,https://2gis.ru/moscow/search/Продуктовые магазины/rubricId/373/filters/sort=name
Авокадо,минимаркет,Продуктовые магазины,"Носово деревня, 52",,141592,,,,Химки городской округ,Московская область,Россия,Пн: 07:00-22:00; Вт: 07:00-22:00; Ср: 07:00-22:00; Чт: 07:00-22:00; Пт: 07:00-22:00; Сб: 07:00-22:00; Вс: 07:00-22:00,+03:00,,,88002007575,,,,,,http://авокадо.рф,http://max.ru/avocado_grocery_stores,,,,,,,,,,,,,,,,,,,,https://t.me/avocadoswnn,,,,,,,,,70000001088212108,56.000207,37.410701,70030076826840302,,,687,70000001041565312,Авокадо,минимаркет,Продуктовые магазины,shop,1,0,2026-07-07T06:47:31Z,,0,32,https://2gis.com/firm/70000001088212108,branch,7906,https://2gis.ru/moscow/search/Продуктовые магазины/rubricId/373/filters/sort=name
Авокадо,минимаркет,Продуктовые магазины,"деревня Переделки, 81",,143005,,,,Одинцовский городской округ,Московская область,Россия,Пн: 08:00-21:00; Вт: 08:00-21:00; Ср: 08:00-21:00; Чт: 08:00-21:00; Пт: 08:00-21:00; Сб: 08:00-21:00; Вс: 08:00-21:00,+03:00,,,88002007575,,,,,,http://авокадо.рф,http://max.ru/avocado_grocery_stores,,,,,,,,,,,,,,,,,,,,https://t.me/avocadoswnn,,,,,,,,,70000001088212046,55.664614,37.328849,4504235282778145,,,687,70000001041565312,Авокадо,минимаркет,Продуктовые магазины,shop,1,0,2026-06-06T04:51:35Z,,0,32,https://2gis.com/firm/70000001088212046,branch,7906,https://2gis.ru/moscow/search/Продуктовые магазины/rubricId/373/filters/sort=name
Авокадо,минимаркет,Продуктовые магазины,"Веревское деревня, ст1",,141570,,,,Химки городской округ,Московская область,Россия,Пн: 10:00-22:00; Вт: 10:00-22:00; Ср: 10:00-22:00; Чт: 10:00-22:00; Пт: 10:00-22:00; Сб: 10:00-22:00; Вс: 10:00-22:00,+03:00,,,88002007575,,,,,,http://авокадо.рф,http://max.ru/avocado_grocery_stores,,,,,,,,,,,,,,,,,,,,https://t.me/avocadoswnn,,,,,,,,,70000001088161427,56.065261,37.2738,4504235283153505,,,687,70000001041565312,Авокадо,минимаркет,Продуктовые магазины,shop,1,2,2026-07-07T06:47:31Z,,0,32,https://2gis.com/firm/70000001088161427,branch,7906,https://2gis.ru/moscow/search/Продуктовые магазины/rubricId/373/filters/sort=name
Авокадо,минимаркет,Продуктовые магазины,"Рождественская улица, 33",,111677,Люберецкие Поля м-н,Некрасовка,Москва,,Москва,Россия,Пн: 00:00-24:00; Вт: 00:00-24:00; Ср: 00:00-24:00; Чт: 00:00-24:00; Пт: 00:00-24:00; Сб: 00:00-24:00; Вс: 00:00-24:00,+03:00,,,88002007575,,,,,,http://авокадо.рф,http://max.ru/avocado_grocery_stores,,,,,,,,,,,,,,,,,,,,https://t.me/avocadoswnn,,,,,,,,,70000001088053700,55.703656,37.93203,70030076129835752,,,687,70000001041565312,Авокадо,минимаркет,Продуктовые магазины,shop,1,0,2026-07-07T06:47:21Z,,0,32,https://2gis.com/firm/70000001088053700,branch,7906,https://2gis.ru/moscow/search/Продуктовые магазины/rubricId/373/filters/sort=name
Авокадо,минимаркет,Продуктовые магазины,"Белозериха деревня, 43",,140128,,,,Раменский муниципальный округ,Московская область,Россия,Пн: 08:00-20:00; Вт: 08:00-20:00; Ср: 08:00-20:00; Чт: 08:00-20:00; Пт: 08:00-20:00; Сб: 08:00-20:00; Вс: 08:00-20:00,+03:00,5.0,1,89671644322,,,,,,http://авокадо.рф,http://max.ru/avocado_grocery_stores,,,,,,,,,,,,,,,,,,,,https://t.me/avocadoswnn,,,,,,,,,70000001087426450,55.474896,38.255672,4504235283342271,,,687,70000001041565312,Авокадо,минимаркет,Продуктовые магазины,shop,1,2,2026-07-07T07:19:09Z,,0,32,https://2gis.com/firm/70000001087426450,branch,7906,https://2gis.ru/moscow/search/Продуктовые магазины/rubricId/373/filters/sort=name
Авокадо,минимаркет,Продуктовые магазины,"улица Космонавтов, 33П/1",,140152,,,,Раменский муниципальный округ,Московская область,Россия,Пн: 08:00-21:00; Вт: 08:00-21:00; Ср: 08:00-21:00; Чт: 08:00-21:00; Пт: 08:00-21:00; Сб: 08:00-21:00; Вс: 08:00-21:00,+03:00,,,88002007575,,,,,,http://авокадо.рф,http://max.ru/avocado_grocery_stores,,,,,,,,,,,,,,,,,,,,https://t.me/avocadoswnn,,,,,,,,,70000001086981897,55.506509,38.38104,4504235283300748,,,687,70000001041565312,Авокадо,минимаркет,Продуктовые магазины,shop,1,0,2026-07-07T06:47:18Z,,0,32,https://2gis.com/firm/70000001086981897,branch,7906,https://2gis.ru/moscow/search/Продуктовые магазины/rubricId/373/filters/sort=name
Авокадо,минимаркет,Продуктовые магазины,,,140152,,,,Раменский муниципальный округ,Московская область,Россия,Пн: 09:00-22:00; Вт: 09:00-22:00; Ср: 09:00-22:00; Чт: 09:00-22:00; Пт: 09:00-22:00; Сб: 09:00-22:00; Вс: 09:00-22:00,+03:00,5.0,1,88002007575,,,,,,http://авокадо.рф,http://max.ru/avocado_grocery_stores,,,,,,,,,,,,,,,,,,,,https://t.me/avocadoswnn,,,,,,,,,70000001086973257,55.538111,38.424291,4504235283361467,,,687,70000001041565312,Авокадо,минимаркет,Продуктовые магазины,shop,1,0,2026-06-06T04:51:53Z,,0,32,https://2gis.com/firm/70000001086973257,branch,7906,https://2gis.ru/moscow/search/Продуктовые магазины/rubricId/373/filters/sort=name
Авокадо,минимаркет,Продуктовые магазины,"улица Дружбы, 8-1",,142306,,,Чехов,Чехов муниципальный округ,Московская область,Россия,Пн: 08:00-20:00; Вт: 08:00-20:00; Ср: 08:00-20:00; Чт: 08:00-20:00; Пт: 08:00-20:00; Сб: 08:00-20:00; Вс: 08:00-20:00,+03:00,,,88002007575,,,,,,http://авокадо.рф,http://max.ru/avocado_grocery_stores,,,,,,,,,,,,,,,,,,,,https://t.me/avocadoswnn,,,,,,,,,70000001086973256,55.146484,37.463678,4504235283065416,,,687,70000001041565312,Авокадо,минимаркет,Продуктовые магазины,shop,1,0,2026-07-07T06:47:36Z,,0,32,https://2gis.com/firm/70000001086973256,branch,7906,https://2gis.ru/moscow/search/Продуктовые магазины/rubricId/373/filters/sort=name
Авокадо,минимаркет,Продуктовые магазины,"Мещерино-1 территория, 101",,142856,Мещерино-1 городок,,,Ступино городской округ,Московская область,Россия,Пн: 08:00-19:00; Вт: 08:00-19:00; Ср: 08:00-19:00; Чт: 08:00-19:00; Пт: 08:00-19:00; Сб: 08:00-19:00; Вс: 08:00-19:00 (зимний период: пн-вс 8:00-19:00),+03:00,,,88002007575,,,,,,http://авокадо.рф,http://max.ru/avocado_grocery_stores,,,,,,,,,,,,,,,,,,,,https://t.me/avocadoswnn,,,,,,,,,70000001086973240,55.172764,38.379661,4504235283301275,,,687,70000001041565312,Авокадо,минимаркет,Продуктовые магазины,shop,1,0,2026-06-06T04:51:51Z,,0,32,https://2gis.com/firm/70000001086973240,branch,7906,https://2gis.ru/moscow/search/Продуктовые магазины/rubricId/373/filters/sort=name
Авокадо,минимаркет,Продуктовые магазины,"Яхонтовый лес КЗиО, к1",,142402,Яхонтовый лес КЗиО,,,Богородский городской округ,Московская область,Россия,Пн: 08:00-20:00; Вт: 08:00-20:00; Ср: 08:00-20:00; Чт: 08:00-20:00; Пт: 08:00-20:00; Сб: 08:00-20:00; Вс: 08:00-20:00,+03:00,,,88002007575,,,,,,http://авокадо.рф,http://max.ru/avocado_grocery_stores,,,,,,,,,,,,,,,,,,,,https://t.me/avocadoswnn,,,,,,,,,70000001086973200,55.89854,38.503498,4504235283353968,,,687,70000001041565312,Авокадо,минимаркет,Продуктовые магазины,shop,1,0,2026-07-07T06:47:28Z,,0,32,https://2gis.com/firm/70000001086973200,branch,7906,https://2gis.ru/moscow/search/Продуктовые магазины/rubricId/373/filters/sort=name
Авокадо,минимаркет,Продуктовые магазины,"Южная улица, 2",,141284,,,Ивантеевка,Пушкинский городской округ,Московская область,Россия,Пн: 09:00-21:00; Вт: 09:00-21:00; Ср: 09:00-21:00; Чт: 09:00-21:00; Пт: 09:00-21:00; Сб: 09:00-21:00; Вс: 09:00-21:00,+03:00,,,88002007575,,,,,,http://авокадо.рф,http://max.ru/avocado_grocery_stores,,,,,,,,,,,,,,,,,,,,https://t.me/avocadoswnn,,,,,,,,,70000001086803843,55.964908,37.956207,4504235282742357,,,687,70000001041565312,Авокадо,минимаркет,Продуктовые магазины,shop,1,0,2026-06-06T04:51:46Z,,0,32,https://2gis.com/firm/70000001086803843,branch,7906,https://2gis.ru/moscow/search/Продуктовые магазины/rubricId/373/filters/sort=name
Авокадо,минимаркет,Продуктовые магазины,"Ждановское деревня, ст1",,140162,,,,Раменский муниципальный округ,Московская область,Россия,Пн: 08:00-20:00; Вт: 08:00-20:00; Ср: 08:00-20:00; Чт: 08:00-20:00; Пт: 08:00-20:00; Сб: 08:00-20:00; Вс: 08:00-20:00,+03:00,,,88002007575,,,,,,http://авокадо.рф,http://max.ru/avocado_grocery_stores,,,,,,,,,,,,,,,,,,,,https://t.me/avocadoswnn,,,,,,,,,70000001086802961,55.445209,37.979477,4504235283153584,,,687,70000001041565312,Авокадо,минимаркет,Продуктовые магазины,shop,1,0,2026-06-06T04:51:42Z,,0,32,https://2gis.com/firm/70000001086802961,branch,7906,https://2gis.ru/moscow/search/Продуктовые магазины/rubricId/373/filters/sort=name
Авокадо,минимаркет,Продуктовые магазины,"улица Сенькино-4, 135",,108833,,Краснопахорский,,,Москва,Россия,Пн: 09:00-22:00; Вт: 09:00-22:00; Ср: 09:00-22:00; Чт: 09:00-22:00; Пт: 09:00-22:00; Сб: 09:00-22:00; Вс: 09:00-22:00,+03:00,,,88002007575,,,,,,http://авокадо.рф,http://max.ru/avocado_grocery_stores,,,,,,,,,,,,,,,,,,,,https://t.me/avocadoswnn,,,,,,,,,70000001086802724,55.42908,37.145087,4504235283121733,,,687,70000001041565312,Авокадо,минимаркет,Продуктовые магазины,shop,1,0,2026-06-06T04:51:43Z,,0,32,https://2gis.com/firm/70000001086802724,branch,7906,https://2gis.ru/moscow/search/Продуктовые магазины/rubricId/373/filters/sort=name
Авокадо,минимаркет,Продуктовые магазины,"Тишково село, 4",,141232,,,,Пушкинский городской округ,Московская область,Россия,Пн: 09:00-21:00; Вт: 09:00-21:00; Ср: 09:00-21:00; Чт: 09:00-21:00; Пт: 09:00-21:00; Сб: 09:00-21:00; Вс: 09:00-21:00,+03:00,,,88002007575,,,,,,http://авокадо.рф,http://max.ru/avocado_grocery_stores,,,,,,,,,,,,,,,,,,,,https://t.me/avocadoswnn,,,,,,,,,70000001086802693,56.08768,37.738378,4504235282681744,,,687,70000001041565312,Авокадо,минимаркет,Продуктовые магазины,shop,1,0,2026-07-07T11:40:18Z,,0,32,https://2gis.com/firm/70000001086802693,branch,7906,https://2gis.ru/moscow/search/Продуктовые магазины/rubricId/373/filters/sort=name
Авокадо,минимаркет,Продуктовые магазины,"Центральная улица, 9а",,141035,,,,Мытищи городской округ,Московская область,Россия,Пн: 08:00-23:00; Вт: 08:00-23:00; Ср: 08:00-23:00; Чт: 08:00-23:00; Пт: 08:00-23:00; Сб: 08:00-23:00; Вс: 08:00-23:00,+03:00,,,88002007575,,,,,,http://авокадо.рф,http://max.ru/avocado_grocery_stores,,,,,,,,,,,,,,,,,,,,https://t.me/avocadoswnn,,,,,,,,,70000001086802597,56.001401,37.724065,4504235283138615,,,687,70000001041565312,Авокадо,минимаркет,Продуктовые магазины,shop,1,0,2026-07-07T06:47:28Z,,0,32,https://2gis.com/firm/70000001086802597,branch,7906,https://2gis.ru/moscow/search/Продуктовые магазины/rubricId/373/filters/sort=name
Авокадо,минимаркет,Продуктовые магазины,"деревня Лужки, ст6",,108833,,Краснопахорский,,,Москва,Россия,Пн: 09:30-22:00; Вт: 09:30-22:00; Ср: 09:30-22:00; Чт: 09:30-22:00; Пт: 09:30-22:00; Сб: 09:30-22:00; Вс: 09:30-22:00,+03:00,,,88002007575,,,,,,http://авокадо.рф,http://max.ru/avocado_grocery_stores,,,,,,,,,,,,,,,,,,,,https://t.me/avocadoswnn,,,,,,,,,70000001086799803,55.424958,37.11846,70030076197023437,,,687,70000001041565312,Авокадо,минимаркет,Продуктовые магазины,shop,1,2,2026-07-07T06:47:25Z,,0,32,https://2gis.com/firm/70000001086799803,branch,7906,https://2gis.ru/moscow/search/Продуктовые магазины/rubricId/373/filters/sort=name
Авокадо,минимаркет,Продуктовые магазины,"деревня Ликино, 2",,143020,,,,Одинцовский городской округ,Московская область,Россия,Пн: 08:00-23:00; Вт: 08:00-23:00; Ср: 08:00-23:00; Чт: 08:00-23:00; Пт: 08:00-23:00; Сб: 08:00-23:00; Вс: 08:00-23:00,+03:00,,,88002007575,,,,,,http://авокадо.рф,http://max.ru/avocado_grocery_stores,,,,,,,,,,,,,,,,,,,,https://t.me/avocadoswnn,,,,,,,,,70000001086792407,55.631928,37.129227,4504235326034773,,,687,70000001041565312,Авокадо,минимаркет,Продуктовые магазины,shop,1,0,2026-06-06T04:51:38Z,,0,32,https://2gis.com/firm/70000001086792407,branch,7906,https://2gis.ru/moscow/search/Продуктовые магазины/rubricId/373/filters/sort=name
Авокадо,минимаркет,Продуктовые магазины,"городок Звенигород-4, 16а",,143055,Звенигород-4 пос.,,,Одинцовский городской округ,Московская область,Россия,Пн: 09:00-22:00; Вт: 09:00-22:00; Ср: 09:00-22:00; Чт: 09:00-22:00; Пт: 09:00-22:00; Сб: 09:00-22:00; Вс: 09:00-22:00,+03:00,,,88002007575,,,,,,http://авокадо.рф,http://max.ru/avocado_grocery_stores,,,,,,,,,,,,,,,,,,,,https://t.me/avocadoswnn,,,,,,,,,70000001086783272,55.800146,36.85335,4504235283101288,,,687,70000001041565312,Авокадо,минимаркет,Продуктовые магазины,shop,1,0,2026-07-07T06:47:27Z,,0,32,https://2gis.com/firm/70000001086783272,branch,7906,https://2gis.ru/moscow/search/Продуктовые магазины/rubricId/373/filters/sort=name
Авокадо,минимаркет,Продуктовые магазины,"Жостово деревня, 50",,141036,,,,Мытищи городской округ,Московская область,Россия,Пн: 09:00-21:00; Вт: 09:00-21:00; Ср: 09:00-21:00; Чт: 09:00-21:00; Пт: 09:00-21:00; Сб: 09:00-21:00; Вс: 09:00-21:00,+03:00,,,88002007575,,,,,,http://авокадо.рф,http://max.ru/avocado_grocery_stores,,,,,,,,,,,,,,,,,,,,https://t.me/avocadoswnn,,,,,,,,,70000001086782992,56.000303,37.645003,4504235282738575,,,687,70000001041565312,Авокадо,минимаркет,Продуктовые магазины,shop,1,0,2026-06-06T04:51:36Z,,0,32,https://2gis.com/firm/70000001086782992,branch,7906,https://2gis.ru/moscow/search/Продуктовые магазины/rubricId/373/filters/sort=name
Авокадо,минимаркет,Продуктовые магазины,"Солослово деревня, 83Б",,143081,,,,Одинцовский городской округ,Московская область,Россия,Пн: 09:30-20:30; Вт: 09:30-20:30; Ср: 09:30-20:30; Чт: 09:30-20:30; Пт: 09:30-20:30; Сб: 09:30-20:30; Вс: 09:30-20:30,+03:00,,,88002007575,,,,,,http://авокадо.рф,http://max.ru/avocado_grocery_stores,,,,,,,,,,,,,,,,,,,,https://t.me/avocadoswnn,,,,,,,,,70000001086782935,55.69226,37.147243,4504235316705970,,,687,70000001041565312,Авокадо,минимаркет,Продуктовые магазины,shop,1,0,2026-06-06T04:51:55Z,,0,32,https://2gis.com/firm/70000001086782935,branch,7906,https://2gis.ru/moscow/search/Продуктовые магазины/rubricId/373/filters/sort=name
Авокадо,минимаркет,Продуктовые магазины,"Институтская улица, 26а",,143930,Салтыковка м-н,,Балашиха,Балашиха городской округ,Московская область,Россия,Пн: 08:00-23:00; Вт: 08:00-23:00; Ср: 08:00-23:00; Чт: 08:00-23:00; Пт: 08:00-23:00; Сб: 08:00-23:00; Вс: 08:00-23:00,+03:00,4.6,1,88002007575,,,,,,http://авокадо.рф,http://max.ru/avocado_grocery_stores,,,,,,,,,,,,,,,,,,,,https://t.me/avocadoswnn,,,,,,,,,70000001086781771,55.744839,37.944359,4504235283119801,,,687,70000001041565312,Авокадо,минимаркет,Продуктовые магазины,shop,1,0,2026-06-06T04:51:38Z,,0,32,https://2gis.com/firm/70000001086781771,branch,7906,https://2gis.ru/moscow/search/Продуктовые магазины/rubricId/373/filters/sort=name
Авокадо,минимаркет,Продуктовые магазины,"Беляево деревня, 2а",,142304,,,,Чехов муниципальный округ,Московская область,Россия,Пн: 08:00-20:00; Вт: 08:00-20:00; Ср: 08:00-20:00; Чт: 08:00-20:00; Пт: 08:00-20:00; Сб: 08:00-20:00; Вс: 08:00-20:00,+03:00,,,88002007575,,,,,,http://авокадо.рф,http://max.ru/avocado_grocery_stores,,,,,,,,,,,,,,,,,,,,https://t.me/avocadoswnn,,,,,,,,,70000001086781475,55.15718,37.335418,4504235283098893,,,687,70000001041565312,Авокадо,минимаркет,Продуктовые магазины,shop,1,0,2026-07-07T06:47:36Z,,0,32,https://2gis.com/firm/70000001086781475,branch,7906,https://2gis.ru/moscow/search/Продуктовые магазины/rubricId/373/filters/sort=name
Авокадо,минимаркет,Продуктовые магазины,"Кулаково деревня, 94г",,142321,,,,Чехов муниципальный округ,Московская область,Россия,Пн: 08:00-22:00; Вт: 08:00-22:00; Ср: 08:00-22:00; Чт: 08:00-22:00; Пт: 08:00-22:00; Сб: 08:00-22:00; Вс: 08:00-22:00,+03:00,,,88002007575,,,,,,http://авокадо.рф,http://max.ru/avocado_grocery_stores,,,,,,,,,,,,,,,,,,,,https://t.me/avocadoswnn,,,,,,,,,70000001086779675,55.093367,37.462644,4504235283251990,,,687,70000001041565312,Авокадо,минимаркет,Продуктовые магазины,shop,1,0,2026-07-07T06:47:20Z,,0,32,https://2gis.com/firm/70000001086779675,branch,7906,https://2gis.ru/moscow/search/Продуктовые магазины/rubricId/373/filters/sort=name
Авокадо,минимаркет,Продуктовые магазины,"Рождественская улица, 10",,142006,Востряково м-н,,Домодедово,Домодедово городской округ,Московская область,Россия,Пн: 09:00-21:00; Вт: 09:00-21:00; Ср: 09:00-21:00; Чт: 09:00-21:00; Пт: 09:00-21:00; Сб: 09:00-21:00; Вс: 09:00-21:00,+03:00,,,88002007575,,,,,,http://авокадо.рф,http://max.ru/avocado_grocery_stores,,,,,,,,,,,,,,,,,,,,https://t.me/avocadoswnn,,,,,,,,,70000001086779271,55.386897,37.791873,4504235283034426,,,687,70000001041565312,Авокадо,минимаркет,Продуктовые магазины,shop,1,2,2026-06-06T04:51:50Z,,0,32,https://2gis.com/firm/70000001086779271,branch,7906,https://2gis.ru/moscow/search/Продуктовые магазины/rubricId/373/filters/sort=name
Авокадо,минимаркет,Продуктовые магазины,"улица Шишкина Гора, ст61",,141196,,,,Щёлково городской округ,Московская область,Россия,Пн: 08:00-21:00; Вт: 08:00-21:00; Ср: 08:00-21:00; Чт: 08:00-21:00; Пт: 08:00-21:00; Сб: 08:00-21:00; Вс: 08:00-21:00,+03:00,,,88002007575,,,,,,http://авокадо.рф,http://max.ru/avocado_grocery_stores,,,,,,,,,,,,,,,,,,,,https://t.me/avocadoswnn,,,,,,,,,70000001086778833,55.94084,38.097948,4504235282740341,,,687,70000001041565312,Авокадо,минимаркет,Продуктовые магазины,shop,1,0,2026-06-06T04:51:34Z,,0,32,https://2gis.com/firm/70000001086778833,branch,7906,https://2gis.ru/moscow/search/Продуктовые магазины/rubricId/373/filters/sort=name
Авокадо,минимаркет,Продуктовые магазины,"Граничная улица, 4Б",,143914,Салтыковка м-н,,Балашиха,Балашиха городской округ,Московская область,Россия,Пн: 09:00-21:30; Вт: 09:00-21:30; Ср: 09:00-21:30; Чт: 09:00-21:30; Пт: 09:00-21:30; Сб: 09:00-21:30; Вс: 09:00-21:30,+03:00,,,88002007575,,,,,,http://авокадо.рф,http://max.ru/avocado_grocery_stores,,,,,,,,,,,,,,,,,,,,https://t.me/avocadoswnn,,,,,,,,,70000001086778820,55.762808,37.908027,4504235282898327,,,687,70000001041565312,Авокадо,минимаркет,Продуктовые магазины,shop,1,0,2026-06-06T04:51:55Z,,0,32,https://2gis.com/firm/70000001086778820,branch,7906,https://2gis.ru/moscow/search/Продуктовые магазины/rubricId/373/filters/sort=name
Авокадо,минимаркет,Продуктовые магазины,"Дорожная улица, с29",,142321,,,,Чехов муниципальный округ,Московская область,Россия,Пн: 08:00-21:00; Вт: 08:00-21:00; Ср: 08:00-21:00; Чт: 08:00-21:00; Пт: 08:00-23:00; Сб: 08:00-23:00; Вс: 08:00-21:00,+03:00,,,88002007575,,,,,,http://авокадо.рф,http://max.ru/avocado_grocery_stores,,,,,,,,,,,,,,,,,,,,https://t.me/avocadoswnn,,,,,,,,,70000001086778505,55.08516,37.391995,4504235283253475,,,687,70000001041565312,Авокадо,минимаркет,Продуктовые магазины,shop,1,0,2026-07-07T06:47:35Z,,0,32,https://2gis.com/firm/70000001086778505,branch,7906,https://2gis.ru/moscow/search/Продуктовые магазины/rubricId/373/filters/sort=name
Авокадо,минимаркет,Продуктовые магазины,"Красковское шоссе, 54",,140030,,,,Люберцы городской округ,Московская область,Россия,Пн: 10:00-21:30; Вт: 10:00-21:30; Ср: 10:00-21:30; Чт: 10:00-21:30; Пт: 10:00-21:30; Сб: 10:00-21:30; Вс: 10:00-21:30,+03:00,,,88002007575,,,,,,http://авокадо.рф,http://max.ru/avocado_grocery_stores,,,,,,,,,,,,,,,,,,,,https://t.me/avocadoswnn,,,,,,,,,70000001086778373,55.65472,37.992332,4504235282837232,,,687,70000001041565312,Авокадо,минимаркет,Продуктовые магазины,shop,1,0,2026-07-07T06:47:19Z,,0,32,https://2gis.com/firm/70000001086778373,branch,7906,https://2gis.ru/moscow/search/Продуктовые магазины/rubricId/373/filters/sort=name
Авокадо,минимаркет,Продуктовые магазины,"улица Морозова, 7",1 этаж,141290,,,Красноармейск,Пушкинский городской округ,Московская область,Россия,Пн: 09:00-20:00; Вт: 09:00-20:00; Ср: 09:00-20:00; Чт: 09:00-20:00; Пт: 09:00-20:00; Сб: 09:00-20:00; Вс: 09:00-19:00,+03:00,4.7,3,88002007575,,,,,,http://авокадо.рф,http://max.ru/avocado_grocery_stores,,,,,,,,,,,,,,,,,,,,https://t.me/avocadoswnn,,,,,,,,,70000001086778302,56.099182,38.121623,4504235282616023,,,687,70000001041565312,Авокадо,минимаркет,Продуктовые магазины,shop,1,5,2026-07-02T03:36:24Z,,0,32,https://2gis.com/firm/70000001086778302,branch,7906,https://2gis.ru/moscow/search/Продуктовые магазины/rubricId/373/filters/sort=name
Авокадо,минимаркет,Продуктовые магазины,"115-й квартал, 1",,108821,Благодать коттеджный пос.,Филимонковский,,,Москва,Россия,Пн: 08:00-22:00; Вт: 08:00-22:00; Ср: 08:00-22:00; Чт: 08:00-22:00; Пт: 08:00-22:00; Сб: 08:00-22:00; Вс: 08:00-22:00,+03:00,1.4,1,88002007575,,,,,,http://авокадо.рф,http://max.ru/avocado_grocery_stores,,,,,,,,,,,,,,,,,,,,https://t.me/avocadoswnn,,,,,,,,,70000001086778250,55.563268,37.3425,4504235290688160,,,687,70000001041565312,Авокадо,минимаркет,Продуктовые магазины,shop,1,0,2026-07-07T15:13:40Z,,0,32,https://2gis.com/firm/70000001086778250,branch,7906,https://2gis.ru/moscow/search/Продуктовые магазины/rubricId/373/filters/sort=name
Авокадо,минимаркет,Продуктовые магазины,"СНТ Искра-3, 388",,108828,Искра-3,Троицк гор. округ,,,Москва,Россия,Пн: 08:00-21:00; Вт: 08:00-21:00; Ср: 08:00-21:00; Чт: 08:00-21:00; Пт: 08:00-21:00; Сб: 08:00-21:00; Вс: 08:00-21:00,+03:00,,,88002007575,,,,,,http://авокадо.рф,http://max.ru/avocado_grocery_stores,,,,,,,,,,,,,,,,,,,,https://t.me/avocadoswnn,,,,,,,,,70000001086778140,55.490518,37.345677,70030076198923523,,,687,70000001041565312,Авокадо,минимаркет,Продуктовые магазины,shop,1,0,2026-07-07T06:47:20Z,,0,32,https://2gis.com/firm/70000001086778140,branch,7906,https://2gis.ru/moscow/search/Продуктовые магазины/rubricId/373/filters/sort=name
Авокадо,минимаркет,Продуктовые магазины,"Пионерская улица, 5/1",,141140,,,,Лосино-Петровский городской округ,Московская область,Россия,Пн: 09:00-21:00; Вт: 09:00-21:00; Ср: 09:00-21:00; Чт: 09:00-21:00; Пт: 09:00-21:00; Сб: 09:00-21:00; Вс: 09:00-21:00,+03:00,,,88002007575,,,,,,http://авокадо.рф,http://max.ru/avocado_grocery_stores,,,,,,,,,,,,,,,,,,,,https://t.me/avocadoswnn,,,,,,,,,70000001086776074,55.914271,38.15379,70030076306321319,,,687,70000001041565312,Авокадо,минимаркет,Продуктовые магазины,shop,1,3,2026-06-06T04:51:57Z,,0,32,https://2gis.com/firm/70000001086776074,branch,7906,https://2gis.ru/moscow/search/Продуктовые магазины/rubricId/373/filters/sort=name
Авокадо,минимаркет,Продуктовые магазины,"Кузьминское село, вл1",,142060,,,,Домодедово городской округ,Московская область,Россия,Пн: 09:00-18:00; Вт: 09:00-18:00; Ср: 09:00-18:00; Чт: 09:00-18:00; Пт: 09:00-18:00; Сб: 09:00-18:00; Вс: 09:00-18:00,+03:00,,,88002007575,,,,,,http://авокадо.рф,http://max.ru/avocado_grocery_stores,,,,,,,,,,,,,,,,,,,,https://t.me/avocadoswnn,,,,,,,,,70000001086772654,55.245861,37.885441,4504235283134806,,,687,70000001041565312,Авокадо,минимаркет,Продуктовые магазины,shop,1,0,2026-06-06T04:51:33Z,,0,32,https://2gis.com/firm/70000001086772654,branch,7906,https://2gis.ru/moscow/search/Продуктовые магазины/rubricId/373/filters/sort=name
Авокадо,минимаркет,Продуктовые магазины,"Кооперативная улица, 40Б",,141132,,,,Щёлково городской округ,Московская область,Россия,Пн: 07:00-24:00; Вт: 07:00-24:00; Ср: 07:00-24:00; Чт: 07:00-24:00; Пт: 07:00-24:00; Сб: 07:00-24:00; Вс: 07:00-24:00,+03:00,,,88002007575,,,,,,http://авокадо.рф,http://max.ru/avocado_grocery_stores,,,,,,,,,,,,,,,,,,,,https://t.me/avocadoswnn,,,,,,,,,70000001086771963,55.991054,38.202416,4504235282739601,,,687,70000001041565312,Авокадо,минимаркет,Продуктовые магазины,shop,1,0,2026-07-07T06:47:19Z,,0,32,https://2gis.com/firm/70000001086771963,branch,7906,https://2gis.ru/moscow/search/Продуктовые магазины/rubricId/373/filters/sort=name
Авокадо,минимаркет,Продуктовые магазины,"Спортивная улица, 5",,142541,,,,Павлово-Посадский городской округ,Московская область,Россия,Пн: 08:00-20:00; Вт: 08:00-20:00; Ср: 08:00-20:00; Чт: 08:00-20:00; Пт: 08:00-20:00; Сб: 08:00-20:00; Вс: 08:00-20:00,+03:00,,,88002007575,,,,,,http://авокадо.рф,http://max.ru/avocado_grocery_stores,,,,,,,,,,,,,,,,,,,,https://t.me/avocadoswnn,,,,,,,,,70000001086765631,55.814739,38.645361,4504235283371561,,,687,70000001041565312,Авокадо,минимаркет,Продуктовые магазины,shop,1,0,2026-07-07T06:47:31Z,,0,32,https://2gis.com/firm/70000001086765631,branch,7906,https://2gis.ru/moscow/search/Продуктовые магазины/rubricId/373/filters/sort=name
Авокадо,минимаркет,Продуктовые магазины,"улица Платонова, 25",,142341,,,,Чехов муниципальный округ,Московская область,Россия,Пн: 08:00-20:00; Вт: 08:00-20:00; Ср: 08:00-20:00; Чт: 08:00-20:00; Пт: 08:00-20:00; Сб: 08:00-20:00; Вс: 08:00-20:00,+03:00,,,88002007575,,,,,,http://авокадо.рф,http://max.ru/avocado_grocery_stores,,,,,,,,,,,,,,,,,,,,https://t.me/avocadoswnn,,,,,,,,,70000001086764362,55.145092,37.152062,70030076268042271,,,687,70000001041565312,Авокадо,минимаркет,Продуктовые магазины,shop,1,0,2026-06-06T04:51:49Z,,0,32,https://2gis.com/firm/70000001086764362,branch,7906,https://2gis.ru/moscow/search/Продуктовые магазины/rubricId/373/filters/sort=name
Авокадо,минимаркет,Продуктовые магазины,"посёлок городского типа Калининец, ст 265а",,143371,,,,Наро-Фоминский городской округ,Московская область,Россия,Пн: 09:00-23:00; Вт: 09:00-23:00; Ср: 09:00-23:00; Чт: 09:00-23:00; Пт: 09:00-23:00; Сб: 09:00-23:00; Вс: 09:00-23:00,+03:00,,,89264722885,,,,,,http://авокадо.рф,http://max.ru/avocado_grocery_stores,,,,,,,,,,,,,,,,,,,,https://t.me/avocadoswnn,,,,,,,,,70000001086763899,55.551434,36.972178,4504235283164119,,,687,70000001041565312,Авокадо,минимаркет,Продуктовые магазины,shop,1,5,2026-07-07T16:15:05Z,,0,32,https://2gis.com/firm/70000001086763899,branch,7906,https://2gis.ru/moscow/search/Продуктовые магазины/rubricId/373/filters/sort=name
Авокадо,минимаркет,Продуктовые магазины,"Железнодорожная улица, 54т",,143395,Фрунзевец пос.,,Апрелевка,Наро-Фоминский городской округ,Московская область,Россия,Пн: 08:00-21:00; Вт: 08:00-21:00; Ср: 08:00-21:00; Чт: 08:00-21:00; Пт: 08:00-21:00; Сб: 08:00-21:00; Вс: 08:00-21:00,+03:00,4.5,4,88002007575,,,,,,http://авокадо.рф,http://max.ru/avocado_grocery_stores,,,,,,,,,,,,,,,,,,,,https://t.me/avocadoswnn,,,,,,,,,70000001086763406,55.541546,37.039576,4504235283036358,,,687,70000001041565312,Авокадо,минимаркет,Продуктовые магазины,shop,1,3,2026-06-06T04:51:44Z,,0,32,https://2gis.com/firm/70000001086763406,branch,7906,https://2gis.ru/moscow/search/Продуктовые магазины/rubricId/373/filters/sort=name
Авокадо,минимаркет,Продуктовые магазины,"Чашниково деревня, вл7",,141592,Искра м-н,,,Солнечногорск городской округ,Московская область,Россия,Пн: 08:00-21:00; Вт: 08:00-21:00; Ср: 08:00-21:00; Чт: 08:00-21:00; Пт: 08:00-21:00; Сб: 08:00-21:00; Вс: 08:00-20:00,+03:00,,,89166620369,,,,,,http://авокадо.рф,http://max.ru/avocado_grocery_stores,,,,,,,,,,,,,,,,,,,,https://t.me/avocadoswnn,,,,,,,,,70000001086757620,56.023321,37.183451,70030076130205644,,,687,70000001041565312,Авокадо,минимаркет,Продуктовые магазины,shop,1,2,2026-07-07T06:51:09Z,,0,32,https://2gis.com/firm/70000001086757620,branch,7906,https://2gis.ru/moscow/search/Продуктовые магазины/rubricId/373/filters/sort=name
Авокадо,минимаркет,Продуктовые магазины,"Верхнее Велино деревня, 30",,140170,,,,Раменский муниципальный округ,Московская область,Россия,Пн: 08:00-20:00; Вт: 08:00-20:00; Ср: 08:00-20:00; Чт: 08:00-20:00; Пт: 08:00-20:00; Сб: 08:00-20:00; Вс: 08:00-20:00,+03:00,,,88002007575,,,,,,http://авокадо.рф,http://max.ru/avocado_grocery_stores,,,,,,,,,,,,,,,,,,,,https://t.me/avocadoswnn,,,,,,,,,70000001086756635,55.442459,38.209178,70030076277994941,,,687,70000001041565312,Авокадо,минимаркет,Продуктовые магазины,shop,1,0,2026-07-07T15:11:10Z,,0,32,https://2gis.com/firm/70000001086756635,branch,7906,https://2gis.ru/moscow/search/Продуктовые магазины/rubricId/373/filters/sort=name
Авокадо,минимаркет,Продуктовые магазины,"Степановское село, 11/6",,140168,,,,Раменский муниципальный округ,Московская область,Россия,Пн: 09:00-20:00; Вт: 09:00-20:00; Ср: 09:00-20:00; Чт: 09:00-20:00; Пт: 09:00-20:00; Сб: 09:00-20:00; Вс: 09:00-20:00,+03:00,,,88002007575,,,,,,http://авокадо.рф,http://max.ru/avocado_grocery_stores,,,,,,,,,,,,,,,,,,,,https://t.me/avocadoswnn,,,,,,,,,70000001086752183,55.297326,38.424834,70030076847004494,,,687,70000001041565312,Авокадо,минимаркет,Продуктовые магазины,shop,1,0,2026-07-07T06:47:27Z,,0,32,https://2gis.com/firm/70000001086752183,branch,7906,https://2gis.ru/moscow/search/Продуктовые магазины/rubricId/373/filters/sort=name
Авокадо,минимаркет,Продуктовые магазины,"микрорайон 4а, 5",,140082,4а м-н,,Лыткарино,Лыткарино городской округ,Московская область,Россия,Пн: 08:00-22:00; Вт: 08:00-22:00; Ср: 08:00-22:00; Чт: 08:00-22:00; Пт: 08:00-22:00; Сб: 08:00-22:00; Вс: 08:00-22:00,+03:00,,,89362161111,,,,,,http://авокадо.рф,http://max.ru/avocado_grocery_stores,,,,,,,,,,,,,,,,,,,,https://t.me/avocadoswnn,,,,,,,,,70000001086752180,55.587912,37.887878,70030076150210725,,,687,70000001041565312,Авокадо,минимаркет,Продуктовые магазины,shop,1,4,2026-07-07T07:18:52Z,,0,32,https://2gis.com/firm/70000001086752180,branch,7906,https://2gis.ru/moscow/search/Продуктовые магазины/rubricId/373/filters/sort=name
Авокадо,минимаркет,Продуктовые магазины,"Первомайская улица, 16",,140080,3-й м-н,,Лыткарино,Лыткарино городской округ,Московская область,Россия,Пн: 08:00-23:00; Вт: 08:00-23:00; Ср: 08:00-23:00; Чт: 08:00-23:00; Пт: 08:00-23:00; Сб: 08:00-23:00; Вс: 08:00-23:00,+03:00,,,88002007575,,,,,,http://авокадо.рф,http://max.ru/avocado_grocery_stores,,,,,,,,,,,,,,,,,,,,https://t.me/avocadoswnn,,,,,,,,,70000001086752116,55.582753,37.905519,4504235282653088,,,687,70000001041565312,Авокадо,минимаркет,Продуктовые магазины,shop,1,0,2026-06-06T04:51:56Z,,0,32,https://2gis.com/firm/70000001086752116,branch,7906,https://2gis.ru/moscow/search/Продуктовые магазины/rubricId/373/filters/sort=name
Авокадо,минимаркет,Продуктовые магазины,"Леоновское шоссе, 1",1 этаж,143900,Южный м-н,,Балашиха,Балашиха городской округ,Московская область,Россия,Пн: 08:00-22:00; Вт: 08:00-22:00; Ср: 08:00-22:00; Чт: 08:00-22:00; Пт: 08:00-22:00; Сб: 08:00-22:00; Вс: 08:00-22:00,+03:00,,,89261757740,,,,,,http://авокадо.рф,http://max.ru/avocado_grocery_stores,,,,,,,,,,,,,,,,,,,,https://t.me/avocadoswnn,,,,,,,,,70000001086752100,55.792757,37.958015,4504235282896161,,,687,70000001041565312,Авокадо,минимаркет,Продуктовые магазины,shop,1,4,2026-07-07T07:19:16Z,,0,32,https://2gis.com/firm/70000001086752100,branch,7906,https://2gis.ru/moscow/search/Продуктовые магазины/rubricId/373/filters/sort=name
Авокадо,минимаркет,Продуктовые магазины,"улица Маршала Жукова, 15",,143010,,,,ЗАТО Власиха городской округ,Московская область,Россия,Пн: 09:00-19:00; Вт: 09:00-19:00; Ср: 09:00-19:00; Чт: 09:00-19:00; Пт: 09:00-19:00; Сб: 09:00-19:00; Вс: 09:00-18:00,+03:00,,,89264667389,89991026395,,,,,http://авокадо.рф,http://max.ru/avocado_grocery_stores,,,,,,,,,,,,,,,,,,,,https://t.me/avocadoswnn,,,,,,,,,70000001086752063,55.678326,37.188861,70030076170867741,,,687,70000001041565312,Авокадо,минимаркет,Продуктовые магазины,shop,1,4,2026-07-07T07:18:52Z,,0,32,https://2gis.com/firm/70000001086752063,branch,7906,https://2gis.ru/moscow/search/Продуктовые магазины/rubricId/373/filters/sort=name
Авокадо,минимаркет,Продуктовые магазины,"деревня Алфёрово, вл1",,142323,,,,Чехов муниципальный округ,Московская область,Россия,Пн: 08:00-20:00; Вт: 08:00-20:00; Ср: 08:00-20:00; Чт: 08:00-20:00; Пт: 08:00-20:00; Сб: 08:00-20:00; Вс: 08:00-20:00,+03:00,,,89663420643,,,,,,http://авокадо.рф,http://max.ru/avocado_grocery_stores,,,,,,,,,,,,,,,,,,,,https://t.me/avocadoswnn,,,,,,,,,70000001086752046,55.201579,37.245025,70030076172599834,,,687,70000001041565312,Авокадо,минимаркет,Продуктовые магазины,shop,1,0,2026-07-07T06:47:20Z,,0,32,https://2gis.com/firm/70000001086752046,branch,7906,https://2gis.ru/moscow/search/Продуктовые магазины/rubricId/373/filters/sort=name
Авокадо,минимаркет,Продуктовые магазины,"деревня Осташково, вл1",,141036,,,,Мытищи городской округ,Московская область,Россия,Пн: 09:00-23:00; Вт: 09:00-23:00; Ср: 09:00-23:00; Чт: 09:00-23:00; Пт: 09:00-23:00; Сб: 09:00-24:00; Вс: 09:00-24:00,+03:00,,,88002007575,,,,,,http://авокадо.рф,http://max.ru/avocado_grocery_stores,,,,,,,,,,,,,,,,,,,,https://t.me/avocadoswnn,,,,,,,,,70000001086751955,55.993315,37.618262,4504235283136708,,,687,70000001041565312,Авокадо,минимаркет,Продуктовые магазины,shop,1,0,2026-07-07T06:47:31Z,,0,32,https://2gis.com/firm/70000001086751955,branch,7906,https://2gis.ru/moscow/search/Продуктовые магазины/rubricId/373/filters/sort=name
Авокадо,минимаркет,Продуктовые магазины,"Шоссейная улица, 2а",,142842,Солнечный,,,Ступино городской округ,Московская область,Россия,Пн: 08:00-22:00; Вт: 08:00-22:00; Ср: 08:00-22:00; Чт: 08:00-22:00; Пт: 08:00-22:00; Сб: 08:00-22:00; Вс: 08:00-22:00,+03:00,,,88002007575,,,,,,http://авокадо.рф,http://max.ru/avocado_grocery_stores,,,,,,,,,,,,,,,,,,,,https://t.me/avocadoswnn,,,,,,,,,70000001086751920,55.154881,37.959141,70030076207662431,,,687,70000001041565312,Авокадо,минимаркет,Продуктовые магазины,shop,1,0,2026-06-06T04:51:54Z,,0,32,https://2gis.com/firm/70000001086751920,branch,7906,https://2gis.ru/moscow/search/Продуктовые магазины/rubricId/373/filters/sort=name
Авокадо,минимаркет,Продуктовые магазины,"Центральная улица, 46",,143380,,,,Наро-Фоминский городской округ,Московская область,Россия,Пн: 08:00-20:00; Вт: 08:00-20:00; Ср: 08:00-20:00; Чт: 08:00-20:00; Пт: 08:00-20:00; Сб: 08:00-20:00; Вс: 08:00-20:00,+03:00,,,88002007575,,,,,,http://авокадо.рф,http://max.ru/avocado_grocery_stores,,,,,,,,,,,,,,,,,,,,https://t.me/avocadoswnn,,,,,,,,,70000001086751702,55.409587,36.796459,70030076193767604,,,687,70000001041565312,Авокадо,минимаркет,Продуктовые магазины,shop,1,0,2026-06-06T04:51:57Z,,0,32,https://2gis.com/firm/70000001086751702,branch,7906,https://2gis.ru/moscow/search/Продуктовые магазины/rubricId/373/filters/sort=name
Авокадо,минимаркет,Продуктовые магазины,"улица Лукутинская, 11",,141052,,,,Мытищи городской округ,Московская область,Россия,Пн: 08:00-23:00; Вт: 08:00-23:00; Ср: 08:00-23:00; Чт: 08:00-23:00; Пт: 08:00-23:00; Сб: 08:00-23:00; Вс: 08:00-23:00,+03:00,,,88002007575,,,,,,http://авокадо.рф,http://max.ru/avocado_grocery_stores,,,,,,,,,,,,,,,,,,,,https://t.me/avocadoswnn,,,,,,,,,70000001086751678,56.055993,37.583415,4504235282889408,,,687,70000001041565312,Авокадо,минимаркет,Продуктовые магазины,shop,1,0,2026-07-07T06:47:33Z,,0,32,https://2gis.com/firm/70000001086751678,branch,7906,https://2gis.ru/moscow/search/Продуктовые магазины/rubricId/373/filters/sort=name
Авокадо,минимаркет,Продуктовые магазины,"Рубцовская набережная, 2 к1",1 этаж,105082,,Басманный,Москва,,Москва,Россия,Пн: 08:00-22:00; Вт: 08:00-22:00; Ср: 08:00-22:00; Чт: 08:00-22:00; Пт: 08:00-22:00; Сб: 08:00-22:00; Вс: 08:00-22:00,+03:00,2.1,2,88002007575,,,,,,http://авокадо.рф,http://max.ru/avocado_grocery_stores,,,,,,,,,,,,,,,,,,,,https://t.me/avocadoswnn,,,,,,,,,70000001086751593,55.774512,37.696372,4504235282643441,,,687,70000001041565312,Авокадо,минимаркет,Продуктовые магазины,shop,1,4,2026-07-07T06:47:26Z,,0,32,https://2gis.com/firm/70000001086751593,branch,7906,https://2gis.ru/moscow/search/Продуктовые магазины/rubricId/373/filters/sort=name
Авокадо,минимаркет,Продуктовые магазины,"рабочий посёлок Киевский, 1Б",,108800,,Бекасово,,,Москва,Россия,Пн: 08:00-22:00; Вт: 08:00-22:00; Ср: 08:00-22:00; Чт: 08:00-22:00; Пт: 08:00-22:00; Сб: 08:00-22:00; Вс: 08:00-22:00,+03:00,5.0,2,88002007575,,,,,,http://авокадо.рф,http://max.ru/avocado_grocery_stores,,,,,,,,,,,,,,,,,,,,https://t.me/avocadoswnn,,,,,,,,,70000001086751468,55.421214,36.86779,4504235283088987,,,687,70000001041565312,Авокадо,минимаркет,Продуктовые магазины,shop,1,2,2026-07-07T06:47:25Z,,0,32,https://2gis.com/firm/70000001086751468,branch,7906,https://2gis.ru/moscow/search/Продуктовые магазины/rubricId/373/filters/sort=name
Авокадо,минимаркет,Продуктовые магазины,"Спортивная улица, 1",,142721,Пригород Лесное м-н,,,Ленинский городской округ,Московская область,Россия,Пн: 08:00-23:00; Вт: 08:00-23:00; Ср: 08:00-23:00; Чт: 08:00-23:00; Пт: 08:00-23:00; Сб: 08:00-23:00; Вс: 08:00-23:00,+03:00,,,88002007575,,,,,,http://авокадо.рф,http://max.ru/avocado_grocery_stores,,,,,,,,,,,,,,,,,,,,https://t.me/avocadoswnn,,,,,,,,,70000001086751381,55.558731,37.808973,4504235314993941,,,687,70000001041565312,Авокадо,минимаркет,Продуктовые магазины,shop,1,0,2026-07-07T06:47:27Z,,0,32,https://2gis.com/firm/70000001086751381,branch,7906,https://2gis.ru/moscow/search/Продуктовые магазины/rubricId/373/filters/sort=name
Авокадо,минимаркет,Продуктовые магазины,"Новосельская улица, 1",,142306,,,Чехов,Чехов муниципальный округ,Московская область,Россия,Пн: 08:00-20:00; Вт: 08:00-20:00; Ср: 08:00-20:00; Чт: 08:00-20:00; Пт: 08:00-20:00; Сб: 08:00-20:00; Вс: 08:00-20:00,+03:00,,,88002007575,,,,,,http://авокадо.рф,http://max.ru/avocado_grocery_stores,,,,,,,,,,,,,,,,,,,,https://t.me/avocadoswnn,,,,,,,,,70000001086751375,55.137855,37.466946,70030076180936046,,,687,70000001041565312,Авокадо,минимаркет,Продуктовые магазины,shop,1,0,2026-06-06T04:51:57Z,,0,32,https://2gis.com/firm/70000001086751375,branch,7906,https://2gis.ru/moscow/search/Продуктовые магазины/rubricId/373/filters/sort=name
Авокадо,минимаркет,Продуктовые магазины,"улица Чехова, 44/1",,140140,,,,Раменский муниципальный округ,Московская область,Россия,Пн: 08:00-23:00; Вт: 08:00-23:00; Ср: 08:00-23:00; Чт: 08:00-23:00; Пт: 08:00-23:00; Сб: 08:00-23:00; Вс: 08:00-23:00,+03:00,,,88002007575,,,,,,http://авокадо.рф,http://max.ru/avocado_grocery_stores,,,,,,,,,,,,,,,,,,,,https://t.me/avocadoswnn,,,,,,,,,70000001086751343,55.623985,38.027592,4504235283162784,,,687,70000001041565312,Авокадо,минимаркет,Продуктовые магазины,shop,1,0,2026-06-06T04:51:54Z,,0,32,https://2gis.com/firm/70000001086751343,branch,7906,https://2gis.ru/moscow/search/Продуктовые магазины/rubricId/373/filters/sort=name
Авокадо,минимаркет,Продуктовые магазины,"Заречная улица, № 84",,249165,,,,Жуковский район,Калужская область,Россия,Пн: 08:00-20:00; Вт: 08:00-20:00; Ср: 08:00-20:00; Чт: 08:00-20:00; Пт: 08:00-20:00; Сб: 08:00-20:00; Вс: 08:00-20:00,+03:00,,,88002007575,,,,,,http://авокадо.рф,http://max.ru/avocado_grocery_stores,,,,,,,,,,,,,,,,,,,,https://t.me/avocadoswnn,,,,,,,,,70000001086751332,55.128096,36.951068,70030076846997274,,,687,70000001041565312,Авокадо,минимаркет,Продуктовые магазины,shop,1,2,2026-06-06T04:54:39Z,,0,32,https://2gis.com/firm/70000001086751332,branch,7906,https://2gis.ru/moscow/search/Продуктовые магазины/rubricId/373/filters/sort=name
Авокадо,минимаркет,Продуктовые магазины,"Советская улица, 36",,142411,,,,Богородский городской округ,Московская область,Россия,Пн: 09:00-21:00; Вт: 09:00-21:00; Ср: 09:00-21:00; Чт: 09:00-21:00; Пт: 09:00-21:00; Сб: 09:00-21:00; Вс: 09:00-21:00,+03:00,,,88002007575,,,,,,http://авокадо.рф,http://max.ru/avocado_grocery_stores,,,,,,,,,,,,,,,,,,,,https://t.me/avocadoswnn,,,,,,,,,70000001086751312,55.891375,38.380777,70030076268292180,,,687,70000001041565312,Авокадо,минимаркет,Продуктовые магазины,shop,1,0,2026-06-06T04:51:56Z,,0,32,https://2gis.com/firm/70000001086751312,branch,7906,https://2gis.ru/moscow/search/Продуктовые магазины/rubricId/373/filters/sort=name
Авокадо,минимаркет,Продуктовые магазины,"Центральная улица, ст74",,141015,,,,Мытищи городской округ,Московская область,Россия,Пн: 09:00-21:00; Вт: 09:00-21:00; Ср: 09:00-21:00; Чт: 09:00-21:00; Пт: 09:00-22:00; Сб: 09:00-22:00; Вс: 09:00-21:00,+03:00,5.0,1,88002007575,,,,,,http://авокадо.рф,http://max.ru/avocado_grocery_stores,,,,,,,,,,,,,,,,,,,,https://t.me/avocadoswnn,,,,,,,,,70000001086751202,55.984176,37.665254,4504235282875470,,,687,70000001041565312,Авокадо,минимаркет,Продуктовые магазины,shop,1,0,2026-07-07T06:47:31Z,,0,32,https://2gis.com/firm/70000001086751202,branch,7906,https://2gis.ru/moscow/search/Продуктовые магазины/rubricId/373/filters/sort=name
Авокадо,минимаркет,Продуктовые магазины,"деревня Бережки, 5а ст1",,142181,,,,Подольск городской округ,Московская область,Россия,Пн: 08:00-22:00; Вт: 08:00-22:00; Ср: 08:00-22:00; Чт: 08:00-22:00; Пт: 08:00-22:00; Сб: 08:00-22:00; Вс: 08:00-22:00,+03:00,,,88002007575,,,,,,http://авокадо.рф,http://max.ru/avocado_grocery_stores,,,,,,,,,,,,,,,,,,,,https://t.me/avocadoswnn,,,,,,,,,70000001086751163,55.38279,37.598454,4504235326568450,,,687,70000001041565312,Авокадо,минимаркет,Продуктовые магазины,shop,1,0,2026-07-07T06:47:30Z,,0,32,https://2gis.com/firm/70000001086751163,branch,7906,https://2gis.ru/moscow/search/Продуктовые магазины/rubricId/373/filters/sort=name
Авокадо,минимаркет,Продуктовые магазины,"Угловая улица, 1",,142323,Васильково-2,,,Чехов муниципальный округ,Московская область,Россия,Пн: 08:00-21:00; Вт: 08:00-21:00; Ср: 08:00-21:00; Чт: 08:00-21:00; Пт: 08:00-21:00; Сб: 08:00-21:00; Вс: 08:00-21:00,+03:00,,,88002007575,,,,,,http://авокадо.рф,http://max.ru/avocado_grocery_stores,,,,,,,,,,,,,,,,,,,,https://t.me/avocadoswnn,,,,,,,,,70000001086751045,55.20748,37.263996,70030076846996500,,,687,70000001041565312,Авокадо,минимаркет,Продуктовые магазины,shop,1,0,2024-03-27T14:53:03Z,,0,32,https://2gis.com/firm/70000001086751045,branch,7906,https://2gis.ru/moscow/search/Продуктовые магазины/rubricId/373/filters/sort=name
Авокадо,минимаркет,Продуктовые магазины,"улица Академика Комарова, 7Б",,127276,,Марфино,Москва,,Москва,Россия,Пн: 09:00-22:00; Вт: 09:00-22:00; Ср: 09:00-22:00; Чт: 09:00-22:00; Пт: 09:00-22:00; Сб: 09:00-22:00; Вс: 09:00-22:00,+03:00,,,88002007575,,,,,,http://авокадо.рф,http://max.ru/avocado_grocery_stores,,,,,,,,,,,,,,,,,,,,https://t.me/avocadoswnn,,,,,,,,,70000001086750990,55.829263,37.592158,4504235282534815,,,687,70000001041565312,Авокадо,минимаркет,Продуктовые магазины,shop,1,7,2026-06-06T04:51:52Z,,0,32,https://2gis.com/firm/70000001086750990,branch,7906,https://2gis.ru/moscow/search/Продуктовые магазины/rubricId/373/filters/sort=name
Авокадо,минимаркет,Продуктовые магазины,"ДНТ Старая мельница-2, 1а",,140152,Старая мельница-2,,,Раменский муниципальный округ,Московская область,Россия,Пн: 08:00-20:00; Вт: 08:00-20:00; Ср: 08:00-20:00; Чт: 08:00-20:00; Пт: 08:00-20:00; Сб: 08:00-20:00; Вс: 08:00-20:00,+03:00,,,88002007575,,,,,,http://авокадо.рф,http://max.ru/avocado_grocery_stores,,,,,,,,,,,,,,,,,,,,https://t.me/avocadoswnn,,,,,,,,,70000001086750885,55.483357,38.354673,70030076302768872,,,687,70000001041565312,Авокадо,минимаркет,Продуктовые магазины,shop,1,0,2026-07-08T06:23:08Z,,0,32,https://2gis.com/firm/70000001086750885,branch,7906,https://2gis.ru/moscow/search/Продуктовые магазины/rubricId/373/filters/sort=name
Авокадо,минимаркет,Продуктовые магазины,"Комсомольская улица, 13в",,142304,Венюково м-н,,Чехов,Чехов муниципальный округ,Московская область,Россия,Пн: 08:00-20:00; Вт: 08:00-20:00; Ср: 08:00-20:00; Чт: 08:00-20:00; Пт: 08:00-20:00; Сб: 08:00-20:00; Вс: 08:00-20:00,+03:00,,,89663280525,,,,,,http://авокадо.рф,http://max.ru/avocado_grocery_stores,,,,,,,,,,,,,,,,,,,,https://t.me/avocadoswnn,,,,,,,,,70000001086750831,55.160937,37.423453,4504235283083254,,,687,70000001041565312,Авокадо,минимаркет,Продуктовые магазины,shop,1,7,2026-07-07T06:47:29Z,,0,32,https://2gis.com/firm/70000001086750831,branch,7906,https://2gis.ru/moscow/search/Продуктовые магазины/rubricId/373/filters/sort=name
Авокадо,минимаркет,Продуктовые магазины,"Стартовая улица, 35",1 этаж,129336,,Лосиноостровский,Москва,,Москва,Россия,Пн: 08:00-23:00; Вт: 08:00-23:00; Ср: 08:00-23:00; Чт: 08:00-23:00; Пт: 08:00-23:00; Сб: 08:00-23:00; Вс: 08:30-23:00,+03:00,,,88002007575,,,,,,http://авокадо.рф,http://max.ru/avocado_grocery_stores,,,,,,,,,,,,,,,,,,,,https://t.me/avocadoswnn,,,,,,,,,70000001086750818,55.886211,37.688696,4504235282575254,,,687,70000001041565312,Авокадо,минимаркет,Продуктовые магазины,shop,1,3,2026-07-07T06:47:24Z,,0,32,https://2gis.com/firm/70000001086750818,branch,7906,https://2gis.ru/moscow/search/Продуктовые магазины/rubricId/373/filters/sort=name
Авокадо,минимаркет,Продуктовые магазины,"улица Дружбы, 1 к1",,140016,Зенино ЖК Самолёт м-н,,Люберцы,Люберцы городской округ,Московская область,Россия,Пн: 08:00-23:00; Вт: 08:00-23:00; Ср: 08:00-23:00; Чт: 08:00-23:00; Пт: 08:00-23:00; Сб: 08:00-23:00; Вс: 08:00-23:00,+03:00,,,89645077159,,,,,,http://авокадо.рф,http://max.ru/avocado_grocery_stores,,,,,,,,,,,,,,,,,,,,https://t.me/avocadoswnn,,,,,,,,,70000001086750733,55.703616,37.959376,70030076126729288,,,687,70000001041565312,Авокадо,минимаркет,Продуктовые магазины,shop,1,7,2026-07-07T06:47:36Z,,0,32,https://2gis.com/firm/70000001086750733,branch,7906,https://2gis.ru/moscow/search/Продуктовые магазины/rubricId/373/filters/sort=name
Авокадо,минимаркет,Продуктовые магазины,"Бекасово деревня, 44",,143380,Бекасово-2,Бекасово,,Наро-Фоминский городской округ,Московская область,Россия,Пн: 08:00-22:00; Вт: 08:00-22:00; Ср: 08:00-22:00; Чт: 08:00-22:00; Пт: 08:00-22:00; Сб: 08:00-22:00; Вс: 08:00-22:00,+03:00,,,88002007575,,,,,,http://авокадо.рф,http://max.ru/avocado_grocery_stores,,,,,,,,,,,,,,,,,,,,https://t.me/avocadoswnn,,,,,,,,,70000001086750699,55.429454,36.824699,4504235326484050,,,687,70000001041565312,Авокадо,минимаркет,Продуктовые магазины,shop,1,0,2026-06-06T04:51:52Z,,0,32,https://2gis.com/firm/70000001086750699,branch,7906,https://2gis.ru/moscow/search/Продуктовые магазины/rubricId/373/filters/sort=name
Авокадо,минимаркет,Продуктовые магазины,"Лапино деревня, 33а",,143081,,,,Одинцовский городской округ,Московская область,Россия,Пн: 09:00-22:00; Вт: 09:00-22:00; Ср: 09:00-22:00; Чт: 09:00-22:00; Пт: 09:00-22:00; Сб: 09:00-22:00; Вс: 09:00-22:00,+03:00,,,88002007575,,,,,,http://авокадо.рф,http://max.ru/avocado_grocery_stores,,,,,,,,,,,,,,,,,,,,https://t.me/avocadoswnn,,,,,,,,,70000001086750616,55.677589,37.153093,4504235283161540,,,687,70000001041565312,Авокадо,минимаркет,Продуктовые магазины,shop,1,0,2026-07-07T06:47:27Z,,0,32,https://2gis.com/firm/70000001086750616,branch,7906,https://2gis.ru/moscow/search/Продуктовые магазины/rubricId/373/filters/sort=name
Авокадо,минимаркет,Продуктовые магазины,"улица Тимохина, 10",,140473,,,,Коломна городской округ,Московская область,Россия,Пн: 08:00-21:00; Вт: 08:00-21:00; Ср: 08:00-21:00; Чт: 08:00-21:00; Пт: 08:00-21:00; Сб: 08:00-21:00; Вс: 08:00-21:00,+03:00,4.0,4,88002007575,,,,,,http://авокадо.рф,http://max.ru/avocado_grocery_stores,,,,,,,,,,,,,,,,,,,,https://t.me/avocadoswnn,,,,,,,,,70000001086750606,55.201304,38.603831,4504235283383810,,,687,70000001041565312,Авокадо,минимаркет,Продуктовые магазины,shop,1,0,2026-06-06T04:51:57Z,,0,32,https://2gis.com/firm/70000001086750606,branch,7906,https://2gis.ru/moscow/search/Продуктовые магазины/rubricId/373/filters/sort=name
Авокадо,минимаркет,Продуктовые магазины,"Ремзавода посёлок, 1",,140167,,,,Раменский муниципальный округ,Московская область,Россия,Пн: 09:00-23:00; Вт: 09:00-23:00; Ср: 09:00-23:00; Чт: 09:00-23:00; Пт: 09:00-23:00; Сб: 09:00-23:00; Вс: 09:00-23:00,+03:00,,,88002007575,,,,,,http://авокадо.рф,http://max.ru/avocado_grocery_stores,,,,,,,,,,,,,,,,,,,,https://t.me/avocadoswnn,,,,,,,,,70000001086750507,55.338787,38.442391,4504235283342839,,,687,70000001041565312,Авокадо,минимаркет,Продуктовые магазины,shop,1,0,2026-06-06T04:51:56Z,,0,32,https://2gis.com/firm/70000001086750507,branch,7906,https://2gis.ru/moscow/search/Продуктовые магазины/rubricId/373/filters/sort=name
Авокадо,минимаркет,Продуктовые магазины,,1 этаж,140126,,,,Раменский муниципальный округ,Московская область,Россия,Пн: 08:00-20:00; Вт: 08:00-20:00; Ср: 08:00-20:00; Чт: 08:00-20:00; Пт: 08:00-20:00; Сб: 08:00-20:00; Вс: 08:00-20:00,+03:00,,,88002007575,,,,,,http://авокадо.рф,http://max.ru/avocado_grocery_stores,,,,,,,,,,,,,,,,,,,,https://t.me/avocadoswnn,,,,,,,,,70000001086750457,55.475323,38.187504,4504235283162250,,,687,70000001041565312,Авокадо,минимаркет,Продуктовые магазины,shop,1,4,2026-07-07T06:47:31Z,,0,32,https://2gis.com/firm/70000001086750457,branch,7906,https://2gis.ru/moscow/search/Продуктовые магазины/rubricId/373/filters/sort=name
Авокадо,минимаркет,Продуктовые магазины,"улица Свердлова, 35/20",1 этаж,142114,Межшоссейный м-н,,Подольск,Подольск городской округ,Московская область,Россия,Пн: 00:00-24:00; Вт: 00:00-24:00; Ср: 00:00-24:00; Чт: 00:00-24:00; Пт: 00:00-24:00; Сб: 00:00-24:00; Вс: 00:00-24:00,+03:00,,,88002007575,,,,,,http://авокадо.рф,http://max.ru/avocado_grocery_stores,,,,,,,,,,,,,,,,,,,,https://t.me/avocadoswnn,,,,,,,,,70000001086750415,55.419635,37.535903,4504235282675903,,,687,70000001041565312,Авокадо,минимаркет,Продуктовые магазины,shop,1,1,2026-06-06T04:51:49Z,,0,32,https://2gis.com/firm/70000001086750415,branch,7906,https://2gis.ru/moscow/search/Продуктовые магазины/rubricId/373/filters/sort=name
Авокадо,минимаркет,Продуктовые магазины,"Северная улица, 413а",,140125,Сосновый бор,,,Люберцы городской округ,Московская область,Россия,Пн: 07:30-23:00; Вт: 07:30-23:00; Ср: 07:30-23:00; Чт: 07:30-23:00; Пт: 07:30-23:00; Сб: 07:30-23:00; Вс: 07:30-23:00,+03:00,3.3,1,88002007575,,,,,,http://авокадо.рф,http://max.ru/avocado_grocery_stores,,,,,,,,,,,,,,,,,,,,https://t.me/avocadoswnn,,,,,,,,,70000001086750306,55.578684,37.990495,70030076846995133,,,687,70000001041565312,Авокадо,минимаркет,Продуктовые магазины,shop,1,0,2026-06-06T04:51:54Z,,0,32,https://2gis.com/firm/70000001086750306,branch,7906,https://2gis.ru/moscow/search/Продуктовые магазины/rubricId/373/filters/sort=name
Авокадо,минимаркет,Продуктовые магазины,"Бухловка деревня, 23",,249163,,,,Жуковский район,Калужская область,Россия,Пн: 08:30-22:00; Вт: 08:30-22:00; Ср: 08:30-22:00; Чт: 08:30-22:00; Пт: 08:30-22:00; Сб: 08:30-22:00; Вс: 08:30-22:00,+03:00,,,88002007575,,,,,,http://авокадо.рф,http://max.ru/avocado_grocery_stores,,,,,,,,,,,,,,,,,,,,https://t.me/avocadoswnn,,,,,,,,,70000001086750289,55.188695,36.906278,4504235283051535,,,687,70000001041565312,Авокадо,минимаркет,Продуктовые магазины,shop,1,0,2026-06-06T04:51:52Z,,0,32,https://2gis.com/firm/70000001086750289,branch,7906,https://2gis.ru/moscow/search/Продуктовые магазины/rubricId/373/filters/sort=name
Авокадо,минимаркет,Продуктовые магазины,"Спартак посёлок, 19",,140153,,,,Раменский муниципальный округ,Московская область,Россия,Пн: 08:00-20:00; Вт: 08:00-20:00; Ср: 08:00-20:00; Чт: 08:00-20:00; Пт: 08:00-20:00; Сб: 08:00-20:00; Вс: 08:00-19:00,+03:00,5.0,1,88002007575,,,,,,http://авокадо.рф,http://max.ru/avocado_grocery_stores,,,,,,,,,,,,,,,,,,,,https://t.me/avocadoswnn,,,,,,,,,70000001086750249,55.602021,38.047135,4504235282671492,,,687,70000001041565312,Авокадо,минимаркет,Продуктовые магазины,shop,1,0,2026-06-06T04:51:52Z,,0,32,https://2gis.com/firm/70000001086750249,branch,7906,https://2gis.ru/moscow/search/Продуктовые магазины/rubricId/373/filters/sort=name
Авокадо,минимаркет,Продуктовые магазины,"село Былово, 1Б ст1",,108828,,Краснопахорский,,,Москва,Россия,Пн: 08:00-22:00; Вт: 08:00-22:00; Ср: 08:00-22:00; Чт: 08:00-22:00; Пт: 08:00-22:00; Сб: 08:00-22:00; Вс: 08:00-22:00,+03:00,,,88002007575,,,,,,http://авокадо.рф,http://max.ru/avocado_grocery_stores,,,,,,,,,,,,,,,,,,,,https://t.me/avocadoswnn,,,,,,,,,70000001086750220,55.447871,37.242516,4504235282842709,,,687,70000001041565312,Авокадо,минимаркет,Продуктовые магазины,shop,1,0,2024-07-09T06:57:23Z,,0,32,https://2gis.com/firm/70000001086750220,branch,7906,https://2gis.ru/moscow/search/Продуктовые магазины/rubricId/373/filters/sort=name
Авокадо,минимаркет,Продуктовые магазины,"микрорайон Митино Дальнее, 1Б",,141544,Митино Дальнее м-н,,,Химки городской округ,Московская область,Россия,Пн: 09:00-22:00; Вт: 09:00-22:00; Ср: 09:00-22:00; Чт: 09:00-22:00; Пт: 09:00-22:00; Сб: 09:00-22:00; Вс: 09:00-22:00,+03:00,,,88002007575,,,,,,http://авокадо.рф,http://max.ru/avocado_grocery_stores,,,,,,,,,,,,,,,,,,,,https://t.me/avocadoswnn,,,,,,,,,70000001086750141,55.930724,37.178701,70030076169400813,,,687,70000001041565312,Авокадо,минимаркет,Продуктовые магазины,shop,1,0,2026-07-07T06:47:20Z,,0,32,https://2gis.com/firm/70000001086750141,branch,7906,https://2gis.ru/moscow/search/Продуктовые магазины/rubricId/373/filters/sort=name
Авокадо,минимаркет,Продуктовые магазины,"Афинеево деревня, 10",,143362,,,,Наро-Фоминский городской округ,Московская область,Россия,Пн: 08:00-21:00; Вт: 08:00-21:00; Ср: 08:00-21:00; Чт: 08:00-21:00; Пт: 08:00-21:00; Сб: 08:00-21:00; Вс: 08:00-21:00,+03:00,,,88002007575,,,,,,http://авокадо.рф,http://max.ru/avocado_grocery_stores,,,,,,,,,,,,,,,,,,,,https://t.me/avocadoswnn,,,,,,,,,70000001086750069,55.523049,37.104032,4504235282841600,,,687,70000001041565312,Авокадо,минимаркет,Продуктовые магазины,shop,1,0,2026-06-06T04:51:52Z,,0,32,https://2gis.com/firm/70000001086750069,branch,7906,https://2gis.ru/moscow/search/Продуктовые магазины/rubricId/373/filters/sort=name
Авокадо,минимаркет,Продуктовые магазины,"Молодёжная улица, 7а",,142300,,,Чехов,Чехов муниципальный округ,Московская область,Россия,Пн: 08:00-21:00; Вт: 08:00-21:00; Ср: 08:00-21:00; Чт: 08:00-21:00; Пт: 08:00-21:00; Сб: 08:00-21:00; Вс: 08:00-21:00,+03:00,,,88002007575,,,,,,http://авокадо.рф,http://max.ru/avocado_grocery_stores,,,,,,,,,,,,,,,,,,,,https://t.me/avocadoswnn,,,,,,,,,70000001086750038,55.154246,37.469995,4504235283060398,,,687,70000001041565312,Авокадо,минимаркет,Продуктовые магазины,shop,1,6,2026-07-07T06:47:35Z,,0,32,https://2gis.com/firm/70000001086750038,branch,7906,https://2gis.ru/moscow/search/Продуктовые магазины/rubricId/373/filters/sort=name
Авокадо,минимаркет,Продуктовые магазины,"Подъёмная улица, 1",,109052,,Нижегородский,Москва,,Москва,Россия,Пн: 00:00-24:00; Вт: 00:00-24:00; Ср: 00:00-24:00; Чт: 00:00-24:00; Пт: 00:00-24:00; Сб: 00:00-24:00; Вс: 00:00-24:00,+03:00,,,88002007575,,,,,,http://авокадо.рф,http://max.ru/avocado_grocery_stores,,,,,,,,,,,,,,,,,,,,https://t.me/avocadoswnn,,,,,,,,,70000001086750004,55.73752,37.704457,4504235282628482,,,687,70000001041565312,Авокадо,минимаркет,Продуктовые магазины,shop,1,0,2026-07-07T06:47:35Z,,0,32,https://2gis.com/firm/70000001086750004,branch,7906,https://2gis.ru/moscow/search/Продуктовые магазины/rubricId/373/filters/sort=name
Авокадо,минимаркет,Продуктовые магазины,,,140128,,,,Раменский муниципальный округ,Московская область,Россия,Пн: 08:00-21:00; Вт: 08:00-21:00; Ср: 08:00-21:00; Чт: 08:00-21:00; Пт: 08:00-21:00; Сб: 08:00-21:00; Вс: 08:00-21:00,+03:00,,,88002007575,,,,,,http://авокадо.рф,http://max.ru/avocado_grocery_stores,,,,,,,,,,,,,,,,,,,,https://t.me/avocadoswnn,,,,,,,,,70000001086749942,55.489784,38.234013,4504235283362518,,,687,70000001041565312,Авокадо,минимаркет,Продуктовые магазины,shop,1,0,2026-07-07T06:47:30Z,,0,32,https://2gis.com/firm/70000001086749942,branch,7906,https://2gis.ru/moscow/search/Продуктовые магазины/rubricId/373/filters/sort=name
Авокадо,минимаркет,Продуктовые магазины,,,140145,,,,Раменский муниципальный округ,Московская область,Россия,Пн: 09:00-21:00; Вт: 09:00-21:00; Ср: 09:00-21:00; Чт: 09:00-21:00; Пт: 09:00-21:00; Сб: 09:00-21:00; Вс: 09:00-21:00,+03:00,5.0,1,88002007575,,,,,,http://авокадо.рф,http://max.ru/avocado_grocery_stores,,,,,,,,,,,,,,,,,,,,https://t.me/avocadoswnn,,,,,,,,,70000001086749939,55.580241,38.396921,4504235283291499,,,687,70000001041565312,Авокадо,минимаркет,Продуктовые магазины,shop,1,0,2026-07-07T06:47:19Z,,0,32,https://2gis.com/firm/70000001086749939,branch,7906,https://2gis.ru/moscow/search/Продуктовые магазины/rubricId/373/filters/sort=name
Авокадо,минимаркет,Продуктовые магазины,"Центральная улица, 30",,140155,,,,Раменский муниципальный округ,Московская область,Россия,Пн: 08:00-19:00; Вт: 08:00-19:00; Ср: 08:00-19:00; Чт: 08:00-19:00; Пт: 08:00-19:00; Сб: 08:00-19:00; Вс: 08:00-19:00,+03:00,1.0,1,88002007575,,,,,,http://авокадо.рф,http://max.ru/avocado_grocery_stores,,,,,,,,,,,,,,,,,,,,https://t.me/avocadoswnn,,,,,,,,,70000001086749691,55.596829,38.498202,70030076846993847,,,687,70000001041565312,Авокадо,минимаркет,Продуктовые магазины,shop,1,0,2024-03-27T14:36:18Z,,0,32,https://2gis.com/firm/70000001086749691,branch,7906,https://2gis.ru/moscow/search/Продуктовые магазины/rubricId/373/filters/sort=name
Авокадо,минимаркет,Продуктовые магазины,"Комсомольский переулок, 61",цокольный этаж,140170,,,Бронницы,Бронницы городской округ,Московская область,Россия,Пн: 09:00-21:00; Вт: 09:00-21:00; Ср: 09:00-21:00; Чт: 09:00-21:00; Пт: 09:00-21:00; Сб: 09:00-21:00; Вс: 09:00-21:00,+03:00,,,88002007575,,,,,,http://авокадо.рф,http://max.ru/avocado_grocery_stores,,,,,,,,,,,,,,,,,,,,https://t.me/avocadoswnn,,,,,,,,,70000001086749636,55.415756,38.257156,4504235283373066,,,687,70000001041565312,Авокадо,минимаркет,Продуктовые магазины,shop,1,4,2026-06-06T04:51:41Z,,0,32,https://2gis.com/firm/70000001086749636,branch,7906,https://2gis.ru/moscow/search/Продуктовые магазины/rubricId/373/filters/sort=name
Авокадо,минимаркет,Продуктовые магазины,"улица Маршала Жукова, 32а",,143010,,,,ЗАТО Власиха городской округ,Московская область,Россия,Пн: 08:00-23:00; Вт: 08:00-23:00; Ср: 08:00-23:00; Чт: 08:00-23:00; Пт: 08:00-23:00; Сб: 09:00-23:00; Вс: 09:00-23:00,+03:00,,,88002007575,,,,,,http://авокадо.рф,http://max.ru/avocado_grocery_stores,,,,,,,,,,,,,,,,,,,,https://t.me/avocadoswnn,,,,,,,,,70000001086749579,55.683908,37.195064,70030076203097541,,,687,70000001041565312,Авокадо,минимаркет,Продуктовые магазины,shop,1,4,2026-07-07T06:47:19Z,,0,32,https://2gis.com/firm/70000001086749579,branch,7906,https://2gis.ru/moscow/search/Продуктовые магазины/rubricId/373/filters/sort=name
Авокадо,минимаркет,Продуктовые магазины,"Красноармейская улица, 4Б",1 этаж,143430,,,,Красногорск городской округ,Московская область,Россия,Пн: 08:00-21:00; Вт: 08:00-21:00; Ср: 08:00-21:00; Чт: 08:00-21:00; Пт: 08:00-21:00; Сб: 08:00-21:00; Вс: 08:00-21:00,+03:00,1.4,1,88002007575,,,,,,http://авокадо.рф,http://max.ru/avocado_grocery_stores,,,,,,,,,,,,,,,,,,,,https://t.me/avocadoswnn,,,,,,,,,70000001086749338,55.848484,37.183456,4504235282981165,,,687,70000001041565312,Авокадо,минимаркет,Продуктовые магазины,shop,1,5,2026-06-06T04:51:47Z,,0,32,https://2gis.com/firm/70000001086749338,branch,7906,https://2gis.ru/moscow/search/Продуктовые магазины/rubricId/373/filters/sort=name
Авокадо,минимаркет,Продуктовые магазины,"Матвейково деревня, 44",,143021,,,,Одинцовский городской округ,Московская область,Россия,Пн: 08:00-21:00; Вт: 08:00-21:00; Ср: 08:00-21:00; Чт: 08:00-21:00; Пт: 08:00-21:00; Сб: 08:00-21:00; Вс: 08:00-21:00,+03:00,,,88002007575,,,,,,http://авокадо.рф,http://max.ru/avocado_grocery_stores,,,,,,,,,,,,,,,,,,,,https://t.me/avocadoswnn,,,,,,,,,70000001086749207,55.667302,37.089746,4504235283157109,,,687,70000001041565312,Авокадо,минимаркет,Продуктовые магазины,shop,1,0,2026-06-06T04:51:49Z,,0,32,https://2gis.com/firm/70000001086749207,branch,7906,https://2gis.ru/moscow/search/Продуктовые магазины/rubricId/373/filters/sort=name
Авокадо,минимаркет,Продуктовые магазины,"Центральная улица, 101а",,140152,,,,Раменский муниципальный округ,Московская область,Россия,Пн: 08:00-21:00; Вт: 08:00-21:00; Ср: 08:00-21:00; Чт: 08:00-21:00; Пт: 08:00-21:00; Сб: 08:00-21:00; Вс: 08:00-21:00,+03:00,4.7,2,88002007575,,,,,,http://авокадо.рф,http://max.ru/avocado_grocery_stores,,,,,,,,,,,,,,,,,,,,https://t.me/avocadoswnn,,,,,,,,,70000001086749193,55.454406,38.300619,4504235283292016,,,687,70000001041565312,Авокадо,минимаркет,Продуктовые магазины,shop,1,0,2026-06-06T04:51:50Z,,0,32,https://2gis.com/firm/70000001086749193,branch,7906,https://2gis.ru/moscow/search/Продуктовые магазины/rubricId/373/filters/sort=name
Авокадо,минимаркет,Продуктовые магазины,"посёлок Радиоцентра-9, 13",,142434,,,,Богородский городской округ,Московская область,Россия,Пн: 08:00-19:00; Вт: 08:00-19:00; Ср: 08:00-19:00; Чт: 08:00-19:00; Пт: 08:00-19:00; Сб: 08:00-19:00; Вс: 08:00-19:00,+03:00,,,88002007575,,,,,,http://авокадо.рф,http://max.ru/avocado_grocery_stores,,,,,,,,,,,,,,,,,,,,https://t.me/avocadoswnn,,,,,,,,,70000001086749098,55.836362,38.353037,4504235283315454,,,687,70000001041565312,Авокадо,минимаркет,Продуктовые магазины,shop,1,0,2026-06-06T04:51:49Z,,0,32,https://2gis.com/firm/70000001086749098,branch,7906,https://2gis.ru/moscow/search/Продуктовые магазины/rubricId/373/filters/sort=name
Авокадо,минимаркет,Продуктовые магазины,"Зеленоград, к1506",1 этаж,124683,15-й м-н,Крюково,Зеленоград,,Москва,Россия,Пн: 09:00-23:00; Вт: 09:00-23:00; Ср: 09:00-23:00; Чт: 09:00-23:00; Пт: 09:00-23:00; Сб: 09:00-23:00; Вс: 09:00-23:00,+03:00,,,88002007575,,,,,,http://авокадо.рф,http://max.ru/avocado_grocery_stores,,,,,,,,,,,,,,,,,,,,https://t.me/avocadoswnn,,,,,,,,,70000001086749043,55.981748,37.149017,4504235282860159,,,687,70000001041565312,Авокадо,минимаркет,Продуктовые магазины,shop,1,4,2026-07-07T15:14:46Z,,0,32,https://2gis.com/firm/70000001086749043,branch,7906,https://2gis.ru/moscow/search/Продуктовые магазины/rubricId/373/filters/sort=name
Авокадо,минимаркет,Продуктовые магазины,"Першино деревня, 121а",,140167,,,,Раменский муниципальный округ,Московская область,Россия,Пн: 08:00-20:00; Вт: 08:00-20:00; Ср: 08:00-20:00; Чт: 08:00-20:00; Пт: 08:00-20:00; Сб: 08:00-20:00; Вс: 08:00-20:00,+03:00,,,88002007575,,,,,,http://авокадо.рф,http://max.ru/avocado_grocery_stores,,,,,,,,,,,,,,,,,,,,https://t.me/avocadoswnn,,,,,,,,,70000001086748983,55.338739,38.398232,4504235283262580,,,687,70000001041565312,Авокадо,минимаркет,Продуктовые магазины,shop,1,0,2026-06-06T04:51:54Z,,0,32,https://2gis.com/firm/70000001086748983,branch,7906,https://2gis.ru/moscow/search/Продуктовые магазины/rubricId/373/filters/sort=name
Авокадо,минимаркет,Продуктовые магазины,"Литейная улица, 42а",,142105,Шепчинки м-н,,Подольск,Подольск городской округ,Московская область,Россия,Пн: 09:00-20:00; Вт: 09:00-20:00; Ср: 09:00-20:00; Чт: 09:00-20:00; Пт: 09:00-20:00; Сб: 09:00-20:00; Вс: 09:00-20:00,+03:00,4.8,4,88002007575,,,,,,http://авокадо.рф,http://max.ru/avocado_grocery_stores,,,,,,,,,,,,,,,,,,,,https://t.me/avocadoswnn,,,,,,,,,70000001086748928,55.412257,37.544439,4504235282782225,,,687,70000001041565312,Авокадо,минимаркет,Продуктовые магазины,shop,1,4,2026-07-07T06:47:21Z,,0,32,https://2gis.com/firm/70000001086748928,branch,7906,https://2gis.ru/moscow/search/Продуктовые магазины/rubricId/373/filters/sort=name
Авокадо,минимаркет,Продуктовые магазины,"улица Энгельса, 16",,108816,,Внуково,,,Москва,Россия,Пн: 10:00-20:00; Вт: 10:00-20:00; Ср: 10:00-20:00; Чт: 10:00-20:00; Пт: 10:00-20:00; Сб: 10:00-20:00; Вс: 10:00-20:00,+03:00,1.0,1,88002007575,,,,,,http://авокадо.рф,http://max.ru/avocado_grocery_stores,,,,,,,,,,,,,,,,,,,,https://t.me/avocadoswnn,,,,,,,,,70000001086748823,55.647353,37.319987,4504235283152212,,,687,70000001041565312,Авокадо,минимаркет,Продуктовые магазины,shop,1,0,2026-06-06T04:51:50Z,,0,32,https://2gis.com/firm/70000001086748823,branch,7906,https://2gis.ru/moscow/search/Продуктовые магазины/rubricId/373/filters/sort=name
Авокадо,минимаркет,Продуктовые магазины,"бульвар 60 лет СССР, ст129",,142060,,,,Домодедово городской округ,Московская область,Россия,Пн: 09:00-21:00; Вт: 09:00-21:00; Ср: 09:00-21:00; Чт: 09:00-21:00; Пт: 09:00-21:00; Сб: 09:00-21:00; Вс: 09:00-21:00,+03:00,,,88002007575,,,,,,http://авокадо.рф,http://max.ru/avocado_grocery_stores,,,,,,,,,,,,,,,,,,,,https://t.me/avocadoswnn,,,,,,,,,70000001086748737,55.278464,37.907291,4504235283134686,,,687,70000001041565312,Авокадо,минимаркет,Продуктовые магазины,shop,1,5,2026-07-07T15:13:11Z,,0,32,https://2gis.com/firm/70000001086748737,branch,7906,https://2gis.ru/moscow/search/Продуктовые магазины/rubricId/373/filters/sort=name
Авокадо,минимаркет,Продуктовые магазины,"Верхнее Шахлово деревня, 28а",,142279,,,,Серпухов городской округ,Московская область,Россия,Пн: 09:00-23:00; Вт: 09:00-23:00; Ср: 09:00-23:00; Чт: 09:00-23:00; Пт: 09:00-23:00; Сб: 09:00-23:00; Вс: 09:00-23:00,+03:00,,,88002007575,,,,,,http://авокадо.рф,http://max.ru/avocado_grocery_stores,,,,,,,,,,,,,,,,,,,,https://t.me/avocadoswnn,,,,,,,,,70000001086748514,55.030492,37.256014,70030076846984083,,,687,70000001041565312,Авокадо,минимаркет,Продуктовые магазины,shop,1,0,2026-06-06T04:51:57Z,,0,32,https://2gis.com/firm/70000001086748514,branch,7906,https://2gis.ru/moscow/search/Продуктовые магазины/rubricId/373/filters/sort=name
Авокадо,минимаркет,Продуктовые магазины,"Дорожная улица, 16а",,142074,,,,Домодедово городской округ,Московская область,Россия,Пн: 08:00-20:00; Вт: 08:00-20:00; Ср: 08:00-20:00; Чт: 08:00-20:00; Пт: 08:00-20:00; Сб: 08:00-20:00; Вс: 08:00-20:00,+03:00,4.3,1,88002007575,,,,,,http://авокадо.рф,http://max.ru/avocado_grocery_stores,,,,,,,,,,,,,,,,,,,,https://t.me/avocadoswnn,,,,,,,,,70000001086748496,55.333724,37.72174,70030076247432264,,,687,70000001041565312,Авокадо,минимаркет,Продуктовые магазины,shop,1,0,2026-07-07T15:12:20Z,,0,32,https://2gis.com/firm/70000001086748496,branch,7906,https://2gis.ru/moscow/search/Продуктовые магазины/rubricId/373/filters/sort=name
Авокадо,минимаркет,Продуктовые магазины,"улица Победы, 36 лит Б",,143090,,,Краснознаменск,ЗАТО Краснознаменск городской округ,Московская область,Россия,Пн: 08:00-21:00; Вт: 08:00-21:00; Ср: 08:00-21:00; Чт: 08:00-21:00; Пт: 08:00-21:00; Сб: 08:00-21:00; Вс: 08:00-21:00,+03:00,,,88002007575,,,,,,http://авокадо.рф,http://max.ru/avocado_grocery_stores,,,,,,,,,,,,,,,,,,,,https://t.me/avocadoswnn,,,,,,,,,70000001086748366,55.591383,37.034734,4504235282932765,,,687,70000001041565312,Авокадо,минимаркет,Продуктовые магазины,shop,1,0,2026-07-07T06:47:30Z,,0,32,https://2gis.com/firm/70000001086748366,branch,7906,https://2gis.ru/moscow/search/Продуктовые магазины/rubricId/373/filters/sort=name
Авокадо,минимаркет,Продуктовые магазины,"Морозово деревня, 16",,140166,,,,Раменский муниципальный округ,Московская область,Россия,Пн: 08:00-20:00; Вт: 08:00-20:00; Ср: 08:00-20:00; Чт: 08:00-20:00; Пт: 08:00-20:00; Сб: 08:00-20:00; Вс: 08:00-20:00,+03:00,1.0,1,88002007575,,,,,,http://авокадо.рф,http://max.ru/avocado_grocery_stores,,,,,,,,,,,,,,,,,,,,https://t.me/avocadoswnn,,,,,,,,,70000001086748308,55.386217,38.347464,4504235283260738,,,687,70000001041565312,Авокадо,минимаркет,Продуктовые магазины,shop,1,0,2026-06-06T04:51:39Z,,0,32,https://2gis.com/firm/70000001086748308,branch,7906,https://2gis.ru/moscow/search/Продуктовые магазины/rubricId/373/filters/sort=name
Авокадо,минимаркет,Продуктовые магазины,"Александровка деревня, 27Б",,142184,,,,Подольск городской округ,Московская область,Россия,Пн: 08:00-22:00; Вт: 08:00-22:00; Ср: 08:00-22:00; Чт: 08:00-22:00; Пт: 08:00-22:00; Сб: 08:00-22:00; Вс: 08:00-22:00,+03:00,3.8,1,88002007575,,,,,,http://авокадо.рф,http://max.ru/avocado_grocery_stores,,,,,,,,,,,,,,,,,,,,https://t.me/avocadoswnn,,,,,,,,,70000001086748190,55.314373,37.667167,4504235283126722,,,687,70000001041565312,Авокадо,минимаркет,Продуктовые магазины,shop,1,0,2026-07-07T06:47:33Z,,0,32,https://2gis.com/firm/70000001086748190,branch,7906,https://2gis.ru/moscow/search/Продуктовые магазины/rubricId/373/filters/sort=name
Авокадо,минимаркет,Продуктовые магазины,"Московский проезд, 11",1 этаж,143903,Балашиха-3 м-н,,Балашиха,Балашиха городской округ,Московская область,Россия,Пн: 00:00-24:00; Вт: 00:00-24:00; Ср: 00:00-24:00; Чт: 00:00-24:00; Пт: 00:00-24:00; Сб: 00:00-24:00; Вс: 00:00-24:00,+03:00,4.5,16,88002007575,,,,,,http://авокадо.рф,http://max.ru/avocado_grocery_stores,,,,,,,,,,,,,,,,,,,,https://t.me/avocadoswnn,,,,,,,,,70000001086748065,55.808029,37.98086,4504235305328208,,,687,70000001041565312,Авокадо,минимаркет,Продуктовые магазины,shop,1,7,2026-06-06T04:51:53Z,,0,32,https://2gis.com/firm/70000001086748065,branch,7906,https://2gis.ru/moscow/search/Продуктовые магазины/rubricId/373/filters/sort=name
Авокадо,минимаркет,Продуктовые магазины,"Вокзальная улица, ст71",,142301,,,,Чехов муниципальный округ,Московская область,Россия,Пн: 08:00-21:00; Вт: 08:00-21:00; Ср: 08:00-21:00; Чт: 08:00-21:00; Пт: 08:00-21:00; Сб: 08:00-21:00; Вс: 08:00-21:00,+03:00,,,88002007575,,,,,,http://авокадо.рф,http://max.ru/avocado_grocery_stores,,,,,,,,,,,,,,,,,,,,https://t.me/avocadoswnn,,,,,,,,,70000001086748055,55.093265,37.492062,70030076157449692,,,687,70000001041565312,Авокадо,минимаркет,Продуктовые магазины,shop,1,0,2026-07-07T06:47:30Z,,0,32,https://2gis.com/firm/70000001086748055,branch,7906,https://2gis.ru/moscow/search/Продуктовые магазины/rubricId/373/filters/sort=name
Авокадо,минимаркет,Продуктовые магазины,"Монтажная улица, 9 ст1",1 этаж,107497,,Гольяново,Москва,,Москва,Россия,Пн: 08:00-21:00; Вт: 08:00-21:00; Ср: 08:00-21:00; Чт: 08:00-21:00; Пт: 08:00-21:00; Сб: 08:00-21:00; Вс: 08:00-21:00,+03:00,,,88002007575,,,,,,http://авокадо.рф,http://max.ru/avocado_grocery_stores,,,,,,,,,,,,,,,,,,,,https://t.me/avocadoswnn,,,,,,,,,70000001086747965,55.814277,37.772521,4504235282580936,,,687,70000001041565312,Авокадо,минимаркет,Продуктовые магазины,shop,1,4,2026-06-06T04:51:40Z,,0,32,https://2gis.com/firm/70000001086747965,branch,7906,https://2gis.ru/moscow/search/Продуктовые магазины/rubricId/373/filters/sort=name
Авокадо,минимаркет,Продуктовые магазины,,,140127,,,,Раменский муниципальный округ,Московская область,Россия,Пн: 09:00-20:00; Вт: 09:00-20:00; Ср: 09:00-20:00; Чт: 09:00-20:00; Пт: 09:00-20:00; Сб: 09:00-20:00; Вс: 09:00-20:00,+03:00,,,88002007575,,,,,,http://авокадо.рф,http://max.ru/avocado_grocery_stores,,,,,,,,,,,,,,,,,,,,https://t.me/avocadoswnn,,,,,,,,,70000001086747900,55.557814,38.319463,4504235283374965,,,687,70000001041565312,Авокадо,минимаркет,Продуктовые магазины,shop,1,0,2026-07-07T06:47:33Z,,0,32,https://2gis.com/firm/70000001086747900,branch,7906,https://2gis.ru/moscow/search/Продуктовые магазины/rubricId/373/filters/sort=name
Авокадо,минимаркет,Продуктовые магазины,,,142113,,,,Подольск городской округ,Московская область,Россия,Пн: 08:00-20:00; Вт: 08:00-20:00; Ср: 08:00-20:00; Чт: 08:00-20:00; Пт: 08:00-20:00; Сб: 08:00-20:00; Вс: 08:00-20:00,+03:00,,,88002007575,,,,,,http://авокадо.рф,http://max.ru/avocado_grocery_stores,,,,,,,,,,,,,,,,,,,,https://t.me/avocadoswnn,,,,,,,,,70000001086747790,55.343694,37.429352,70030076282023633,,,687,70000001041565312,Авокадо,минимаркет,Продуктовые магазины,shop,1,0,2026-07-07T06:47:30Z,,0,32,https://2gis.com/firm/70000001086747790,branch,7906,https://2gis.ru/moscow/search/Продуктовые магазины/rubricId/373/filters/sort=name
Авокадо,минимаркет,Продуктовые магазины,,,140168,,,,Раменский муниципальный округ,Московская область,Россия,Пн: 08:00-21:00; Вт: 08:00-21:00; Ср: 08:00-21:00; Чт: 08:00-21:00; Пт: 08:00-21:00; Сб: 08:00-21:00; Вс: 08:00-21:00,+03:00,,,88002007575,,,,,,http://авокадо.рф,http://max.ru/avocado_grocery_stores,,,,,,,,,,,,,,,,,,,,https://t.me/avocadoswnn,,,,,,,,,70000001086747773,55.293643,38.458841,4504235283350033,,,687,70000001041565312,Авокадо,минимаркет,Продуктовые магазины,shop,1,0,2026-06-06T04:51:43Z,,0,32,https://2gis.com/firm/70000001086747773,branch,7906,https://2gis.ru/moscow/search/Продуктовые магазины/rubricId/373/filters/sort=name
Авокадо,минимаркет,Продуктовые магазины,"Центральная улица, 3",,140474,,,,Коломна городской округ,Московская область,Россия,Пн: 08:00-22:00; Вт: 08:00-22:00; Ср: 08:00-22:00; Чт: 08:00-22:00; Пт: 08:00-22:00; Сб: 08:00-22:00; Вс: 08:00-22:00,+03:00,,,88002007575,,,,,,http://авокадо.рф,http://max.ru/avocado_grocery_stores,,,,,,,,,,,,,,,,,,,,https://t.me/avocadoswnn,,,,,,,,,70000001086747711,55.19876,38.52721,4504235283383709,,,687,70000001041565312,Авокадо,минимаркет,Продуктовые магазины,shop,1,0,2026-06-06T04:51:45Z,,0,32,https://2gis.com/firm/70000001086747711,branch,7906,https://2gis.ru/moscow/search/Продуктовые магазины/rubricId/373/filters/sort=name
Авокадо,минимаркет,Продуктовые магазины,"коттеджный посёлок Виндзор, вл1",,141255,Виндзор коттеджный пос.,,,Пушкинский городской округ,Московская область,Россия,Пн: 12:00-21:00; Вт: 10:00-21:00; Ср: 10:00-21:00; Чт: 10:00-21:00; Пт: 10:00-21:00; Сб: 10:00-21:00; Вс: 10:00-21:00,+03:00,,,88002007575,,,,,,http://авокадо.рф,http://max.ru/avocado_grocery_stores,,,,,,,,,,,,,,,,,,,,https://t.me/avocadoswnn,,,,,,,,,70000001086747521,56.109573,37.75125,4504235283312601,,,687,70000001041565312,Авокадо,минимаркет,Продуктовые магазины,shop,1,0,2026-07-07T06:47:24Z,,0,32,https://2gis.com/firm/70000001086747521,branch,7906,https://2gis.ru/moscow/search/Продуктовые магазины/rubricId/373/filters/sort=name
Авокадо,минимаркет,Продуктовые магазины,"Ленинская улица, 2/1",1 этаж,142715,,,,Ленинский городской округ,Московская область,Россия,Пн: 09:00-22:00; Вт: 09:00-22:00; Ср: 09:00-22:00; Чт: 09:00-22:00; Пт: 09:00-22:00; Сб: 09:00-22:00; Вс: 09:00-22:00,+03:00,,,84950230707,,,,,,http://авокадо.рф,http://max.ru/avocado_grocery_stores,,,,,,,,,,,,,,,,,,,,https://t.me/avocadoswnn,,,,,,,,,70000001086747484,55.610552,37.785016,4504235282789870,,,687,70000001041565312,Авокадо,минимаркет,Продуктовые магазины,shop,1,0,2026-07-07T06:47:24Z,,0,32,https://2gis.com/firm/70000001086747484,branch,7906,https://2gis.ru/moscow/search/Продуктовые магазины/rubricId/373/filters/sort=name
Авокадо,минимаркет,Продуктовые магазины,"Усадебная улица, 41а",1 этаж,141052,,,,Мытищи городской округ,Московская область,Россия,Пн: 09:00-22:00; Вт: 09:00-22:00; Ср: 09:00-22:00; Чт: 09:00-22:00; Пт: 09:00-22:00; Сб: 09:00-22:00; Вс: 09:00-22:00,+03:00,,,88002007575,,,,,,http://авокадо.рф,http://max.ru/avocado_grocery_stores,,,,,,,,,,,,,,,,,,,,https://t.me/avocadoswnn,,,,,,,,,70000001086747474,56.073772,37.560219,4504235282889547,,,687,70000001041565312,Авокадо,минимаркет,Продуктовые магазины,shop,1,0,2026-06-06T04:51:51Z,,0,32,https://2gis.com/firm/70000001086747474,branch,7906,https://2gis.ru/moscow/search/Продуктовые магазины/rubricId/373/filters/sort=name
Авокадо,минимаркет,Продуктовые магазины,"Заозёрная улица, 2а",,143010,,,,ЗАТО Власиха городской округ,Московская область,Россия,Пн: 08:00-23:00; Вт: 08:00-23:00; Ср: 08:00-23:00; Чт: 08:00-23:00; Пт: 08:00-23:00; Сб: 09:00-23:00; Вс: 09:00-23:00,+03:00,,,84955970895,,,,,,http://авокадо.рф,http://max.ru/avocado_grocery_stores,,,,,,,,,,,,,,,,,,,,https://t.me/avocadoswnn,,,,,,,,,70000001086747468,55.681537,37.17874,4504235282871041,,,687,70000001041565312,Авокадо,минимаркет,Продуктовые магазины,shop,1,5,2026-07-07T06:47:24Z,,0,32,https://2gis.com/firm/70000001086747468,branch,7906,https://2gis.ru/moscow/search/Продуктовые магазины/rubricId/373/filters/sort=name
Авокадо,минимаркет,Продуктовые магазины,"Школьная улица, 14",,142360,,,,Чехов муниципальный округ,Московская область,Россия,Пн: 08:00-22:00; Вт: 08:00-22:00; Ср: 08:00-22:00; Чт: 08:00-22:00; Пт: 08:00-22:00; Сб: 08:00-22:00; Вс: 08:00-22:00,+03:00,,,88002007575,,,,,,http://авокадо.рф,http://max.ru/avocado_grocery_stores,,,,,,,,,,,,,,,,,,,,https://t.me/avocadoswnn,,,,,,,,,70000001086747397,55.275872,37.619336,70030076195167673,,,687,70000001041565312,Авокадо,минимаркет,Продуктовые магазины,shop,1,0,2026-06-06T04:51:42Z,,0,32,https://2gis.com/firm/70000001086747397,branch,7906,https://2gis.ru/moscow/search/Продуктовые магазины/rubricId/373/filters/sort=name
Авокадо,минимаркет,Продуктовые магазины,,,141544,,,,Химки городской округ,Московская область,Россия,Пн: 10:00-23:00; Вт: 10:00-23:00; Ср: 10:00-23:00; Чт: 10:00-23:00; Пт: 10:00-23:00; Сб: 10:00-23:00; Вс: 10:00-23:00,+03:00,,,88002007575,,,,,,http://авокадо.рф,http://max.ru/avocado_grocery_stores,,,,,,,,,,,,,,,,,,,,https://t.me/avocadoswnn,,,,,,,,,70000001086747156,55.918334,37.157678,70030076846971863,,,687,70000001041565312,Авокадо,минимаркет,Продуктовые магазины,shop,1,0,2026-06-06T04:51:42Z,,0,32,https://2gis.com/firm/70000001086747156,branch,7906,https://2gis.ru/moscow/search/Продуктовые магазины/rubricId/373/filters/sort=name
Авокадо,минимаркет,Продуктовые магазины,"Зеленая Слобода село, ст3",,140125,,,,Раменский муниципальный округ,Московская область,Россия,Пн: 00:00-24:00; Вт: 00:00-24:00; Ср: 00:00-24:00; Чт: 00:00-24:00; Пт: 00:00-24:00; Сб: 00:00-24:00; Вс: 00:00-24:00,+03:00,1.0,2,88002007575,,,,,,http://авокадо.рф,http://max.ru/avocado_grocery_stores,,,,,,,,,,,,,,,,,,,,https://t.me/avocadoswnn,,,,,,,,,70000001086746852,55.532353,37.998135,4504235282780296,,,687,70000001041565312,Авокадо,минимаркет,Продуктовые магазины,shop,1,0,2026-06-06T04:51:46Z,,0,32,https://2gis.com/firm/70000001086746852,branch,7906,https://2gis.ru/moscow/search/Продуктовые магазины/rubricId/373/filters/sort=name
Авокадо,минимаркет,Продуктовые магазины,"Валищево деревня, 11",,142184,,,,Подольск городской округ,Московская область,Россия,Пн: 09:00-22:00; Вт: 09:00-22:00; Ср: 09:00-22:00; Чт: 09:00-22:00; Пт: 09:00-22:00; Сб: 09:00-22:00; Вс: 09:00-22:00,+03:00,3.7,8,88002007575,,,,,,http://авокадо.рф,http://max.ru/avocado_grocery_stores,,,,,,,,,,,,,,,,,,,,https://t.me/avocadoswnn,,,,,,,,,70000001086746841,55.323675,37.677078,70030076284222249,,,687,70000001041565312,Авокадо,минимаркет,Продуктовые магазины,shop,1,0,2026-07-07T15:09:31Z,,0,32,https://2gis.com/firm/70000001086746841,branch,7906,https://2gis.ru/moscow/search/Продуктовые магазины/rubricId/373/filters/sort=name
Авокадо,минимаркет,Продуктовые магазины,"деревня Акиньшино, 1а",,108809,,Филимонковский,,,Москва,Россия,Пн: 08:00-22:00; Вт: 08:00-22:00; Ср: 08:00-22:00; Чт: 08:00-22:00; Пт: 08:00-22:00; Сб: 08:00-22:00; Вс: 08:00-22:00,+03:00,,,88002007575,,,,,,http://авокадо.рф,http://max.ru/avocado_grocery_stores,,,,,,,,,,,,,,,,,,,,https://t.me/avocadoswnn,,,,,,,,,70000001086746668,55.559967,37.237115,4504235282874251,,,687,70000001041565312,Авокадо,минимаркет,Продуктовые магазины,shop,1,0,2026-07-07T06:47:24Z,,0,32,https://2gis.com/firm/70000001086746668,branch,7906,https://2gis.ru/moscow/search/Продуктовые магазины/rubricId/373/filters/sort=name
Авокадо,минимаркет,Продуктовые магазины,"Грязь деревня, вл1",,143031,,,,Одинцовский городской округ,Московская область,Россия,Пн: 08:00-20:00; Вт: 08:00-20:00; Ср: 08:00-20:00; Чт: 08:00-20:00; Пт: 08:00-20:00; Сб: 08:00-20:00; Вс: 08:00-20:00,+03:00,1.0,1,88002007575,,,,,,http://авокадо.рф,http://max.ru/avocado_grocery_stores,,,,,,,,,,,,,,,,,,,,https://t.me/avocadoswnn,,,,,,,,,70000001086746537,55.744274,36.935067,4504235283101124,,,687,70000001041565312,Авокадо,минимаркет,Продуктовые магазины,shop,1,0,2026-07-07T15:13:35Z,,0,32,https://2gis.com/firm/70000001086746537,branch,7906,https://2gis.ru/moscow/search/Продуктовые магазины/rubricId/373/filters/sort=name
Авокадо,минимаркет,Продуктовые магазины,"Бегичево деревня, 1 ст1",,142341,,,,Чехов муниципальный округ,Московская область,Россия,Пн: 08:00-20:00; Вт: 08:00-20:00; Ср: 08:00-20:00; Чт: 08:00-20:00; Пт: 08:00-20:00; Сб: 08:00-20:00; Вс: 08:00-20:00,+03:00,,,88002007575,,,,,,http://авокадо.рф,http://max.ru/avocado_grocery_stores,,,,,,,,,,,,,,,,,,,,https://t.me/avocadoswnn,,,,,,,,,70000001086746475,55.102917,37.10745,4504235283239913,,,687,70000001041565312,Авокадо,минимаркет,Продуктовые магазины,shop,1,0,2026-07-07T06:47:28Z,,0,32,https://2gis.com/firm/70000001086746475,branch,7906,https://2gis.ru/moscow/search/Продуктовые магазины/rubricId/373/filters/sort=name
Авокадо,минимаркет,Продуктовые магазины,"Центральная улица, вл3 ст1",,141051,,,,Мытищи городской округ,Московская область,Россия,Пн: 07:00-24:00; Вт: 07:00-24:00; Ср: 07:00-24:00; Чт: 07:00-24:00; Пт: 07:00-24:00; Сб: 07:00-24:00; Вс: 07:00-24:00,+03:00,,,88002007575,,,,,,http://авокадо.рф,http://max.ru/avocado_grocery_stores,,,,,,,,,,,,,,,,,,,,https://t.me/avocadoswnn,,,,,,,,,70000001086746353,55.996822,37.544063,4504235282898979,,,687,70000001041565312,Авокадо,минимаркет,Продуктовые магазины,shop,1,2,2026-07-07T06:47:22Z,,0,32,https://2gis.com/firm/70000001086746353,branch,7906,https://2gis.ru/moscow/search/Продуктовые магазины/rubricId/373/filters/sort=name
Авокадо,минимаркет,Продуктовые магазины,"посёлок подсобного хозяйства Минзаг, 1",,108828,,Краснопахорский,,,Москва,Россия,Пн: 09:00-21:00; Вт: 09:00-21:00; Ср: 09:00-21:00; Чт: 09:00-21:00; Пт: 09:00-21:00; Сб: 09:00-21:00; Вс: 09:00-21:00,+03:00,,,88002007575,,,,,,http://авокадо.рф,http://max.ru/avocado_grocery_stores,,,,,,,,,,,,,,,,,,,,https://t.me/avocadoswnn,,,,,,,,,70000001086746329,55.444732,37.328051,4504235282710338,,,687,70000001041565312,Авокадо,минимаркет,Продуктовые магазины,shop,1,0,2026-06-06T04:51:41Z,,0,32,https://2gis.com/firm/70000001086746329,branch,7906,https://2gis.ru/moscow/search/Продуктовые магазины/rubricId/373/filters/sort=name
Авокадо,минимаркет,Продуктовые магазины,"СНТ Кезьмино территория, 49",,143055,Кезьмино,,,Одинцовский городской округ,Московская область,Россия,Пн: 09:00-21:00; Вт: 09:00-21:00; Ср: 09:00-21:00; Чт: 09:00-21:00; Пт: 09:00-21:00; Сб: 09:00-21:00; Вс: 09:00-21:00,+03:00,,,88002007575,,,,,,http://авокадо.рф,http://max.ru/avocado_grocery_stores,,,,,,,,,,,,,,,,,,,,https://t.me/avocadoswnn,,,,,,,,,70000001086746306,55.791446,36.90915,70030076289581017,,,687,70000001041565312,Авокадо,минимаркет,Продуктовые магазины,shop,1,0,2026-07-07T06:47:21Z,,0,32,https://2gis.com/firm/70000001086746306,branch,7906,https://2gis.ru/moscow/search/Продуктовые магазины/rubricId/373/filters/sort=name
Авокадо,минимаркет,Продуктовые магазины,"СНТ Ветераны Столицы территория, 678",,142380,Ветераны Столицы,,,Чехов муниципальный округ,Московская область,Россия,Пн: 08:00-21:00; Вт: 08:00-21:00; Ср: 08:00-21:00; Чт: 08:00-21:00; Пт: 08:00-21:00; Сб: 08:00-21:00; Вс: 08:00-21:00,+03:00,,,88002007575,,,,,,http://авокадо.рф,http://max.ru/avocado_grocery_stores,,,,,,,,,,,,,,,,,,,,https://t.me/avocadoswnn,,,,,,,,,70000001086746127,55.207461,37.5636,70030076286455365,,,687,70000001041565312,Авокадо,минимаркет,Продуктовые магазины,shop,1,0,2026-06-06T04:51:39Z,,0,32,https://2gis.com/firm/70000001086746127,branch,7906,https://2gis.ru/moscow/search/Продуктовые магазины/rubricId/373/filters/sort=name
Авокадо,минимаркет,Продуктовые магазины,"улица Маршала Жукова, 13а",,143010,,,,ЗАТО Власиха городской округ,Московская область,Россия,Пн: 08:00-23:00; Вт: 08:00-23:00; Ср: 08:00-23:00; Чт: 08:00-23:00; Пт: 08:00-23:00; Сб: 09:00-23:00; Вс: 09:00-23:00,+03:00,,,88002007575,,,,,,http://авокадо.рф,http://max.ru/avocado_grocery_stores,,,,,,,,,,,,,,,,,,,,https://t.me/avocadoswnn,,,,,,,,,70000001086746052,55.680184,37.194049,4504235318539447,,,687,70000001041565312,Авокадо,минимаркет,Продуктовые магазины,shop,1,3,2026-06-06T04:51:39Z,,0,32,https://2gis.com/firm/70000001086746052,branch,7906,https://2gis.ru/moscow/search/Продуктовые магазины/rubricId/373/filters/sort=name
Авокадо,минимаркет,Продуктовые магазины,"Рябиновая улица, 1",,143433,,,,Истра муниципальный округ,Московская область,Россия,Пн: 09:00-23:00; Вт: 09:00-23:00; Ср: 09:00-23:00; Чт: 09:00-23:00; Пт: 09:00-23:00; Сб: 09:00-23:00; Вс: 09:00-23:00,+03:00,,,89774953800,,,,,,http://авокадо.рф,http://max.ru/avocado_grocery_stores,,,,,,,,,,,,,,,,,,,,https://t.me/avocadoswnn,,,,,,,,,70000001086745992,55.837337,37.134682,4504235295560113,,,687,70000001041565312,Авокадо,минимаркет,Продуктовые магазины,shop,1,5,2026-07-07T15:16:12Z,,0,32,https://2gis.com/firm/70000001086745992,branch,7906,https://2gis.ru/moscow/search/Продуктовые магазины/rubricId/373/filters/sort=name
Авокадо,минимаркет,Продуктовые магазины,"Иславское село, 150а",,143031,,,,Одинцовский городской округ,Московская область,Россия,Пн: 09:00-20:00; Вт: 09:00-20:00; Ср: 09:00-20:00; Чт: 09:00-20:00; Пт: 09:00-20:00; Сб: 09:00-20:00; Вс: 09:00-20:00,+03:00,3.8,3,88002007575,,,,,,http://авокадо.рф,http://max.ru/avocado_grocery_stores,,,,,,,,,,,,,,,,,,,,https://t.me/avocadoswnn,,,,,,,,,70000001086745965,55.720917,37.003449,4504235326989002,,,687,70000001041565312,Авокадо,минимаркет,Продуктовые магазины,shop,1,0,2026-07-07T06:47:17Z,,0,32,https://2gis.com/firm/70000001086745965,branch,7906,https://2gis.ru/moscow/search/Продуктовые магазины/rubricId/373/filters/sort=name
Авокадо,минимаркет,Продуктовые магазины,"Тимонино деревня, 145",1 этаж,140126,,,,Раменский муниципальный округ,Московская область,Россия,Пн: 08:00-20:00; Вт: 08:00-20:00; Ср: 08:00-20:00; Чт: 08:00-20:00; Пт: 08:00-20:00; Сб: 08:00-20:00; Вс: 08:00-20:00,+03:00,,,88002007575,,,,,,http://авокадо.рф,http://max.ru/avocado_grocery_stores,,,,,,,,,,,,,,,,,,,,https://t.me/avocadoswnn,,,,,,,,,70000001086745870,55.479293,38.185135,4504235283162355,,,687,70000001041565312,Авокадо,минимаркет,Продуктовые магазины,shop,1,3,2026-07-07T06:47:19Z,,0,32,https://2gis.com/firm/70000001086745870,branch,7906,https://2gis.ru/moscow/search/Продуктовые магазины/rubricId/373/filters/sort=name
Авокадо,минимаркет,Продуктовые магазины,"Комсомольская улица, 41/1",,142400,Центральный м-н,,Ногинск,Богородский городской округ,Московская область,Россия,Пн: 06:00-23:00; Вт: 06:00-23:00; Ср: 06:00-23:00; Чт: 06:00-23:00; Пт: 06:00-23:00; Сб: 06:00-23:00; Вс: 06:00-23:00,+03:00,,,84965143854,,,,,,http://авокадо.рф,http://max.ru/avocado_grocery_stores,,,,,,,,,,,,,,,,,,,,https://t.me/avocadoswnn,,,,,,,,,70000001086745809,55.851063,38.442557,4504235283321404,,,687,70000001041565312,Авокадо,минимаркет,Продуктовые магазины,shop,1,5,2026-07-07T07:18:03Z,,0,32,https://2gis.com/firm/70000001086745809,branch,7906,https://2gis.ru/moscow/search/Продуктовые магазины/rubricId/373/filters/sort=name
Авокадо,минимаркет,Продуктовые магазины,"деревня Рассказовка, 49а",,108850,,Внуково,,,Москва,Россия,Пн: 00:00-24:00; Вт: 00:00-24:00; Ср: 00:00-24:00; Чт: 00:00-24:00; Пт: 00:00-24:00; Сб: 00:00-24:00; Вс: 00:00-24:00,+03:00,,,88002007575,,,,,,http://авокадо.рф,http://max.ru/avocado_grocery_stores,,,,,,,,,,,,,,,,,,,,https://t.me/avocadoswnn,,,,,,,,,70000001086745679,55.632248,37.33574,4504235310559529,,,687,70000001041565312,Авокадо,минимаркет,Продуктовые магазины,shop,1,5,2026-07-07T06:47:20Z,,0,32,https://2gis.com/firm/70000001086745679,branch,7906,https://2gis.ru/moscow/search/Продуктовые магазины/rubricId/373/filters/sort=name
Авокадо,минимаркет,Продуктовые магазины,"улица Ленина, 2",,108817,,Внуково,,,Москва,Россия,Пн: 09:00-21:00; Вт: 09:00-21:00; Ср: 09:00-21:00; Чт: 09:00-21:00; Пт: 09:00-21:00; Сб: 09:00-21:00; Вс: 09:00-21:00,+03:00,,,88002007575,,,,,,http://авокадо.рф,http://max.ru/avocado_grocery_stores,,,,,,,,,,,,,,,,,,,,https://t.me/avocadoswnn,,,,,,,,,70000001086745592,55.636975,37.260525,4504235282942358,,,687,70000001041565312,Авокадо,минимаркет,Продуктовые магазины,shop,1,0,2026-06-06T04:51:34Z,,0,32,https://2gis.com/firm/70000001086745592,branch,7906,https://2gis.ru/moscow/search/Продуктовые магазины/rubricId/373/filters/sort=name
Авокадо,минимаркет,Продуктовые магазины,"Октябрьская улица, 25",,140108,,Залинейный район,Раменское,Раменский муниципальный округ,Московская область,Россия,Пн: 08:00-22:00; Вт: 08:00-22:00; Ср: 08:00-22:00; Чт: 08:00-22:00; Пт: 08:00-22:00; Сб: 08:00-22:00; Вс: 08:00-22:00,+03:00,,,88002007575,,,,,,http://авокадо.рф,http://max.ru/avocado_grocery_stores,,,,,,,,,,,,,,,,,,,,https://t.me/avocadoswnn,,,,,,,,,70000001086745568,55.56558,38.223116,70030076210766505,,,687,70000001041565312,Авокадо,минимаркет,Продуктовые магазины,shop,1,0,2026-06-06T04:51:47Z,,0,32,https://2gis.com/firm/70000001086745568,branch,7906,https://2gis.ru/moscow/search/Продуктовые магазины/rubricId/373/filters/sort=name
Авокадо,минимаркет,Продуктовые магазины,"Еремино деревня, 2а",,141051,,,,Мытищи городской округ,Московская область,Россия,Пн: 00:00-24:00; Вт: 00:00-24:00; Ср: 00:00-24:00; Чт: 00:00-24:00; Пт: 00:00-24:00; Сб: 00:00-24:00; Вс: 00:00-24:00,+03:00,,,88002007575,,,,,,http://авокадо.рф,http://max.ru/avocado_grocery_stores,,,,,,,,,,,,,,,,,,,,https://t.me/avocadoswnn,,,,,,,,,70000001086745371,56.005612,37.543156,70030076362877865,,,687,70000001041565312,Авокадо,минимаркет,Продуктовые магазины,shop,1,0,2026-07-07T15:10:04Z,,0,32,https://2gis.com/firm/70000001086745371,branch,7906,https://2gis.ru/moscow/search/Продуктовые магазины/rubricId/373/filters/sort=name
Авокадо,минимаркет,Продуктовые магазины,"Радужная улица, 20",цокольный этаж,143180,Южный м-н,,Звенигород,Одинцовский городской округ,Московская область,Россия,Пн: 09:00-22:00; Вт: 09:00-22:00; Ср: 09:00-22:00; Чт: 09:00-22:00; Пт: 09:00-22:00; Сб: 09:00-22:00; Вс: 09:00-22:00,+03:00,,,88002007575,,,,,,http://авокадо.рф,http://max.ru/avocado_grocery_stores,,,,,,,,,,,,,,,,,,,,https://t.me/avocadoswnn,,,,,,,,,70000001086745331,55.702929,36.865881,4504235283095754,,,687,70000001041565312,Авокадо,минимаркет,Продуктовые магазины,shop,1,2,2026-07-07T06:47:19Z,,0,32,https://2gis.com/firm/70000001086745331,branch,7906,https://2gis.ru/moscow/search/Продуктовые магазины/rubricId/373/filters/sort=name
Авокадо,минимаркет,Продуктовые магазины,"Новошоссейная улица, 2а",,140127,,,,Раменский муниципальный округ,Московская область,Россия,Пн: 08:00-21:00; Вт: 08:00-21:00; Ср: 08:00-21:00; Чт: 08:00-21:00; Пт: 08:00-21:00; Сб: 08:00-21:00; Вс: 08:00-21:00,+03:00,,,88002007575,,,,,,http://авокадо.рф,http://max.ru/avocado_grocery_stores,,,,,,,,,,,,,,,,,,,,https://t.me/avocadoswnn,,,,,,,,,70000001086745239,55.536737,38.325155,4504235283366341,,,687,70000001041565312,Авокадо,минимаркет,Продуктовые магазины,shop,1,0,2026-07-07T06:47:18Z,,0,32,https://2gis.com/firm/70000001086745239,branch,7906,https://2gis.ru/moscow/search/Продуктовые магазины/rubricId/373/filters/sort=name
Авокадо,минимаркет,Продуктовые магазины,"Покровский Городок посёлок, 14а",,143065,,,,Одинцовский городской округ,Московская область,Россия,Пн: 08:00-23:00; Вт: 08:00-23:00; Ср: 08:00-23:00; Чт: 08:00-23:00; Пт: 08:00-23:00; Сб: 08:00-23:00; Вс: 08:00-23:00,+03:00,,,88002007575,,,,,,http://авокадо.рф,http://max.ru/avocado_grocery_stores,,,,,,,,,,,,,,,,,,,,https://t.me/avocadoswnn,,,,,,,,,70000001086745081,55.648365,36.829717,4504235283150976,,,687,70000001041565312,Авокадо,минимаркет,Продуктовые магазины,shop,1,0,2026-07-07T06:47:19Z,,0,32,https://2gis.com/firm/70000001086745081,branch,7906,https://2gis.ru/moscow/search/Продуктовые магазины/rubricId/373/filters/sort=name
Авокадо,минимаркет,Продуктовые магазины,"посёлок санатория Подмосковье, 53",,142072,,,,Домодедово городской округ,Московская область,Россия,Пн: 09:00-23:00; Вт: 09:00-23:00; Ср: 09:00-23:00; Чт: 09:00-23:00; Пт: 09:00-23:00; Сб: 09:00-23:00; Вс: 09:00-23:00,+03:00,5.0,1,89087242516,,,,,,http://авокадо.рф,http://max.ru/avocado_grocery_stores,,,,,,,,,,,,,,,,,,,,https://t.me/avocadoswnn,,,,,,,,,70000001085765422,55.376786,37.769077,4504235282810507,,,687,70000001041565312,Авокадо,минимаркет,Продуктовые магазины,shop,1,0,2026-07-07T06:47:24Z,,0,32,https://2gis.com/firm/70000001085765422,branch,7906,https://2gis.ru/moscow/search/Продуктовые магазины/rubricId/373/filters/sort=name
Авокадо,минимаркет,Продуктовые магазины,"КП Шишкино, 1",,142062,Шишкино коттеджный пос.,,,Домодедово городской округ,Московская область,Россия,Пн: 08:00-20:00; Вт: 08:00-20:00; Ср: 08:00-20:00; Чт: 08:00-20:00; Пт: 08:00-20:00; Сб: 08:00-20:00; Вс: 08:00-20:00,+03:00,,,88002007575,,,,,,http://авокадо.рф,http://max.ru/avocado_grocery_stores,,,,,,,,,,,,,,,,,,,,https://t.me/avocadoswnn,,,,,,,,,70000001085692904,55.272496,37.769361,70030076326126782,,,687,70000001041565312,Авокадо,минимаркет,Продуктовые магазины,shop,1,0,2026-07-07T15:12:53Z,,0,32,https://2gis.com/firm/70000001085692904,branch,7906,https://2gis.ru/moscow/search/Продуктовые магазины/rubricId/373/filters/sort=name
Авокадо,минимаркет,Продуктовые магазины,"улица Советская, 2а",1 этаж,141033,Пироговский м-н,,Мытищи,Мытищи городской округ,Московская область,Россия,Пн: 08:00-23:00; Вт: 08:00-23:00; Ср: 08:00-23:00; Чт: 08:00-23:00; Пт: 08:00-23:00; Сб: 08:00-23:00; Вс: 08:00-23:00,+03:00,,,88002007575,,,,,,http://авокадо.рф,http://max.ru/avocado_grocery_stores,,,,,,,,,,,,,,,,,,,,https://t.me/avocadoswnn,,,,,,,,,70000001085689070,55.977765,37.747042,4504235283039680,,,687,70000001041565312,Авокадо,минимаркет,Продуктовые магазины,shop,1,4,2026-02-10T08:40:13Z,,0,32,https://2gis.com/firm/70000001085689070,branch,7906,https://2gis.ru/moscow/search/Продуктовые магазины/rubricId/373/filters/sort=name
Авокадо,минимаркет,Продуктовые магазины,"улица Мира, 12/2",,140133,,,,Раменский муниципальный округ,Московская область,Россия,Пн: 08:00-20:00; Вт: 08:00-20:00; Ср: 08:00-20:00; Чт: 08:00-20:00; Пт: 08:00-20:00; Сб: 08:00-20:00; Вс: 08:00-20:00,+03:00,,,88002007575,,,,,,http://авокадо.рф,http://max.ru/avocado_grocery_stores,,,,,,,,,,,,,,,,,,,,https://t.me/avocadoswnn,,,,,,,,,70000001085682803,55.612414,38.160195,4504235282911539,,,687,70000001041565312,Авокадо,минимаркет,Продуктовые магазины,shop,1,6,2026-07-07T06:47:28Z,,0,32,https://2gis.com/firm/70000001085682803,branch,7906,https://2gis.ru/moscow/search/Продуктовые магазины/rubricId/373/filters/sort=name
Авокадо,минимаркет,Продуктовые магазины,"Ершово село, 9щ",,143055,,,,Одинцовский городской округ,Московская область,Россия,Пн: 08:00-22:00; Вт: 08:00-22:00; Ср: 08:00-22:00; Чт: 08:00-22:00; Пт: 08:00-22:00; Сб: 08:00-22:00; Вс: 08:00-22:00,+03:00,4.4,8,89998283107,,,,,,http://авокадо.рф,http://max.ru/avocado_grocery_stores,,,,,,,,,,,,,,,,,,,,https://t.me/avocadoswnn,,,,,,,,,70000001085622418,55.76233,36.858321,4504235283144991,,,687,70000001041565312,Авокадо,минимаркет,Продуктовые магазины,shop,1,7,2026-07-07T06:47:21Z,,0,32,https://2gis.com/firm/70000001085622418,branch,7906,https://2gis.ru/moscow/search/Продуктовые магазины/rubricId/373/filters/sort=name
Авокадо,минимаркет,Продуктовые магазины,,,141407,Новые Химки м-н,,Химки,Химки городской округ,Московская область,Россия,Пн: 08:00-23:00; Вт: 08:00-23:00; Ср: 08:00-23:00; Чт: 08:00-23:00; Пт: 08:00-23:00; Сб: 08:00-23:00; Вс: 08:00-23:00,+03:00,1.4,1,88002007575,,,,,,http://авокадо.рф,http://max.ru/avocado_grocery_stores,,,,,,,,,,,,,,,,,,,,https://t.me/avocadoswnn,,,,,,,,,70000001082461523,55.889672,37.417132,4504235301020265,,,687,70000001041565312,Авокадо,минимаркет,Продуктовые магазины,shop,1,4,2026-07-07T06:47:28Z,,0,32,https://2gis.com/firm/70000001082461523,branch,7906,https://2gis.ru/moscow/search/Продуктовые магазины/rubricId/373/filters/sort=name
Авокадо,минимаркет,Продуктовые магазины,"Центральная улица, 13Б",,140225,,,,Воскресенск городской округ,Московская область,Россия,Пн: 08:00-21:00; Вт: 08:00-21:00; Ср: 08:00-21:00; Чт: 08:00-21:00; Пт: 08:00-21:00; Сб: 08:00-21:00; Вс: 08:00-21:00,+03:00,,,88002007575,,,,,,http://авокадо.рф,http://max.ru/avocado_grocery_stores,,,,,,,,,,,,,,,,,,,,https://t.me/avocadoswnn,,,,,,,,,70000001082363617,55.349543,38.66943,70030076571500121,,,687,70000001041565312,Авокадо,минимаркет,Продуктовые магазины,shop,1,2,2026-07-07T06:47:34Z,,0,32,https://2gis.com/firm/70000001082363617,branch,7906,https://2gis.ru/moscow/search/Продуктовые магазины/rubricId/373/filters/sort=name
Авокадо,минимаркет,Продуктовые магазины,"Рыболово село, 200/1",,140166,,,,Раменский муниципальный округ,Московская область,Россия,Пн: 08:30-19:45; Вт: 08:30-19:45; Ср: 08:30-19:45; Чт: 08:30-19:45; Пт: 08:30-19:45; Сб: 08:30-19:45; Вс: 08:30-19:45,+03:00,,,88002007575,,,,,,http://авокадо.рф,http://max.ru/avocado_grocery_stores,,,,,,,,,,,,,,,,,,,,https://t.me/avocadoswnn,,,,,,,,,70000001082363130,55.400813,38.373878,70030076778231989,,,687,70000001041565312,Авокадо,минимаркет,Продуктовые магазины,shop,1,2,2023-12-11T15:44:16Z,,0,32,https://2gis.com/firm/70000001082363130,branch,7906,https://2gis.ru/moscow/search/Продуктовые магазины/rubricId/373/filters/sort=name
Авокадо,минимаркет,Продуктовые магазины,"улица Карла Маркса, 5 к1",1 этаж,140100,,Центральный район,Раменское,Раменский муниципальный округ,Московская область,Россия,Пн: 07:00-20:00; Вт: 07:00-20:00; Ср: 07:00-20:00; Чт: 07:00-20:00; Пт: 07:00-20:00; Сб: 07:00-20:00; Вс: 07:00-20:00,+03:00,4.2,2,89099970030,,,,,,http://авокадо.рф,http://max.ru/avocado_grocery_stores,,,,,,,,,,,,,,,,,,,,https://t.me/avocadoswnn,,,,,,,,,70000001081670631,55.570606,38.217978,4504235283382241,,,687,70000001041565312,Авокадо,минимаркет,Продуктовые магазины,shop,1,4,2026-07-07T07:17:55Z,,0,32,https://2gis.com/firm/70000001081670631,branch,7906,https://2gis.ru/moscow/search/Продуктовые магазины/rubricId/373/filters/sort=name
Авокадо,минимаркет,Продуктовые магазины,"улица Новая, 4а",,140030,Овражки м-н,,,Люберцы городской округ,Московская область,Россия,Пн: 09:00-21:00; Вт: 09:00-21:00; Ср: 09:00-21:00; Чт: 09:00-21:00; Пт: 09:00-21:00; Сб: 09:00-21:00; Вс: 09:00-21:00,+03:00,,,88002007575,,,,,,http://авокадо.рф,http://max.ru/avocado_grocery_stores,,,,,,,,,,,,,,,,,,,,https://t.me/avocadoswnn,,,,,,,,,70000001081670428,55.659814,38.036983,4504235282841586,,,687,70000001041565312,Авокадо,минимаркет,Продуктовые магазины,shop,1,3,2026-07-07T06:47:25Z,,0,32,https://2gis.com/firm/70000001081670428,branch,7906,https://2gis.ru/moscow/search/Продуктовые магазины/rubricId/373/filters/sort=name
Авокадо,минимаркет,Продуктовые магазины,"Школьная улица, 6",,140050,,,,Люберцы городской округ,Московская область,Россия,Пн: 08:00-23:00; Вт: 08:00-23:00; Ср: 08:00-23:00; Чт: 08:00-23:00; Пт: 08:00-23:00; Сб: 08:00-23:00; Вс: 08:00-23:00,+03:00,,,84955572436,,,,,,http://авокадо.рф,http://max.ru/avocado_grocery_stores,,,,,,,,,,,,,,,,,,,,https://t.me/avocadoswnn,,,,,,,,,70000001081579677,55.661775,37.982752,4504235282799726,,,687,70000001041565312,Авокадо,минимаркет,Продуктовые магазины,shop,1,4,2026-07-07T07:18:59Z,,0,32,https://2gis.com/firm/70000001081579677,branch,7906,https://2gis.ru/moscow/search/Продуктовые магазины/rubricId/373/filters/sort=name
Авокадо,минимаркет,Продуктовые магазины,"улица Чехова, 13/2",1 этаж,140051,Коренёво м-н,,,Люберцы городской округ,Московская область,Россия,Пн: 08:00-23:00; Вт: 08:00-23:00; Ср: 08:00-23:00; Чт: 08:00-23:00; Пт: 08:00-23:00; Сб: 09:00-23:00; Вс: 09:00-23:00,+03:00,4.3,5,88002007575,,,,,,http://авокадо.рф,http://max.ru/avocado_grocery_stores,,,,,,,,,,,,,,,,,,,,https://t.me/avocadoswnn,,,,,,,,,70000001081418015,55.671335,38.004233,4504235282800026,,,687,70000001041565312,Авокадо,минимаркет,Продуктовые магазины,shop,1,5,2026-06-06T04:51:47Z,,0,32,https://2gis.com/firm/70000001081418015,branch,7906,https://2gis.ru/moscow/search/Продуктовые магазины/rubricId/373/filters/sort=name
Авокадо,минимаркет,Продуктовые магазины,"улица Рокотова, 2а",1 этаж,117593,,Ясенево,Москва,,Москва,Россия,Пн: 09:00-23:00; Вт: 09:00-23:00; Ср: 09:00-23:00; Чт: 09:00-23:00; Пт: 09:00-23:00; Сб: 09:00-23:00; Вс: 09:00-23:00,+03:00,,,84954255911,,,,,,http://авокадо.рф,http://max.ru/avocado_grocery_stores,,,,,,,,,,,,,,,,,,,,https://t.me/avocadoswnn,,,,,,,,,70000001080842128,55.612172,37.55513,4504235282569050,,,687,70000001041565312,Авокадо,минимаркет,Продуктовые магазины,shop,1,7,2026-07-07T06:51:11Z,,0,32,https://2gis.com/firm/70000001080842128,branch,7906,https://2gis.ru/moscow/search/Продуктовые магазины/rubricId/373/filters/sort=name
Авокадо,минимаркет,Продуктовые магазины,"Кутузовская улица, 17",,143001,Новая Трёхгорка жилой комплекс,,Одинцово,Одинцовский городской округ,Московская область,Россия,Пн: 08:00-24:00; Вт: 08:00-24:00; Ср: 08:00-24:00; Чт: 08:00-24:00; Пт: 08:00-24:00; Сб: 08:00-24:00; Вс: 08:00-24:00,+03:00,1.9,1,88002007575,,,,,,http://авокадо.рф,http://max.ru/avocado_grocery_stores,,,,,,,,,,,,,,,,,,,,https://t.me/avocadoswnn,,,,,,,,,70000001080714695,55.704847,37.326809,4504235282850840,,,687,70000001041565312,Авокадо,минимаркет,Продуктовые магазины,shop,1,6,2026-06-06T04:51:38Z,,0,32,https://2gis.com/firm/70000001080714695,branch,7906,https://2gis.ru/moscow/search/Продуктовые магазины/rubricId/373/filters/sort=name
Авокадо,минимаркет,Продуктовые магазины,"8-я улица Текстильщиков, 19",1 этаж,109129,,Текстильщики,Москва,,Москва,Россия,Пн: 00:00-24:00; Вт: 00:00-24:00; Ср: 00:00-24:00; Чт: 00:00-24:00; Пт: 00:00-24:00; Сб: 00:00-24:00; Вс: 00:00-24:00,+03:00,,,88002007575,,,,,,http://авокадо.рф,http://max.ru/avocado_grocery_stores,,,,,,,,,,,,,,,,,,,,https://t.me/avocadoswnn,,,,,,,,,70000001080689418,55.701972,37.747835,4504235282598018,,,687,70000001041565312,Авокадо,минимаркет,Продуктовые магазины,shop,1,5,2026-07-02T03:36:24Z,,0,32,https://2gis.com/firm/70000001080689418,branch,7906,https://2gis.ru/moscow/search/Продуктовые магазины/rubricId/373/filters/sort=name
Авокадо,минимаркет,Продуктовые магазины; Разливное пиво,"Херсонская улица, 9 к2",1 этаж,117461,,Зюзино,Москва,,Москва,Россия,Пн: 08:00-22:00; Вт: 08:00-22:00; Ср: 08:00-22:00; Чт: 08:00-22:00; Пт: 08:00-22:00; Сб: 08:00-22:00; Вс: 08:00-22:00 (Время продажи алкоголя ограничено.),+03:00,4.6,5,88002007575,,,,,,http://авокадо.рф,http://max.ru/avocado_grocery_stores,,,,,,,,,,,,,,,,,,,,https://t.me/avocadoswnn,,,,,,,,,70000001080615604,55.650742,37.568126,4504235282573202,,,687,70000001041565312,Авокадо,минимаркет,Продуктовые магазины,shop,2,8,2026-06-06T04:51:36Z,,0,32,https://2gis.com/firm/70000001080615604,branch,7906,https://2gis.ru/moscow/search/Продуктовые магазины/rubricId/373/filters/sort=name
Авокадо,минимаркет,Продуктовые магазины,"Новая улица, ст1",,143532,,,,Истра муниципальный округ,Московская область,Россия,Пн: 07:00-22:00; Вт: 07:00-22:00; Ср: 07:00-22:00; Чт: 07:00-22:00; Пт: 07:00-22:00; Сб: 09:00-21:00; Вс: 09:00-21:00,+03:00,1.0,1,88002007575,,,,,,http://авокадо.рф,http://max.ru/avocado_grocery_stores,,,,,,,,,,,,,,,,,,,,https://t.me/avocadoswnn,,,,,,,,,70000001079929774,55.8744,37.105335,4504235283113424,,,687,70000001041565312,Авокадо,минимаркет,Продуктовые магазины,shop,1,2,2026-06-06T04:51:52Z,,0,32,https://2gis.com/firm/70000001079929774,branch,7906,https://2gis.ru/moscow/search/Продуктовые магазины/rubricId/373/filters/sort=name
Авокадо,минимаркет,Продуктовые магазины,"микрорайон Гагарина, 14",,143913,Гагарина м-н,,Балашиха,Балашиха городской округ,Московская область,Россия,Пн: 09:00-21:00; Вт: 09:00-21:00; Ср: 09:00-21:00; Чт: 09:00-21:00; Пт: 09:00-21:00; Сб: 09:00-21:00; Вс: 09:00-21:00,+03:00,,,88002007575,,,,,,http://авокадо.рф,http://max.ru/avocado_grocery_stores,,,,,,,,,,,,,,,,,,,,https://t.me/avocadoswnn,,,,,,,,,70000001079630406,55.826484,37.920086,4504235282616267,,,687,70000001041565312,Авокадо,минимаркет,Продуктовые магазины,shop,1,3,2026-07-09T14:52:31Z,,0,32,https://2gis.com/firm/70000001079630406,branch,7906,https://2gis.ru/moscow/search/Продуктовые магазины/rubricId/373/filters/sort=name
Авокадо,минимаркет,Продуктовые магазины; Разливное пиво,"Первомайская улица, 2",1 этаж,141290,Балсуниха пос.,,Красноармейск,Пушкинский городской округ,Московская область,Россия,Пн: 00:00-24:00; Вт: 00:00-24:00; Ср: 00:00-24:00; Чт: 00:00-24:00; Пт: 00:00-24:00; Сб: 00:00-24:00; Вс: 00:00-24:00 (Время продажи алкоголя ограничено.),+03:00,,,89031230143,,,,,,http://chat.whatsapp.com/GMPWybpLyA4E9DrSaUctHo,http://max.ru/avocado_grocery_stores,,,,,,,,,,,,,,https://wa.me/79031230143,,,,,,https://t.me/avocadoswnn,,,,,,,,,70000001079208407,56.096615,38.119707,4504235282698340,,,687,70000001041565312,Авокадо,минимаркет,Продуктовые магазины,shop,2,7,2026-07-07T06:47:21Z,,0,32,https://2gis.com/firm/70000001079208407,branch,7906,https://2gis.ru/moscow/search/Продуктовые магазины/rubricId/373/filters/sort=name
Авокадо,минимаркет,Продуктовые магазины,"3-я улица Соколиной Горы, 21",,105275,,Соколиная Гора,Москва,,Москва,Россия,Пн: 00:00-24:00; Вт: 00:00-24:00; Ср: 00:00-24:00; Чт: 00:00-24:00; Пт: 00:00-24:00; Сб: 00:00-24:00; Вс: 00:00-24:00,+03:00,,,88002007575,,,,,,http://авокадо.рф,http://max.ru/avocado_grocery_stores,,,,,,,,,,,,,,,,,,,,https://t.me/avocadoswnn,,,,,,,,,70000001077830621,55.762717,37.742277,4504235282552352,,,687,70000001041565312,Авокадо,минимаркет,Продуктовые магазины,shop,1,5,2026-07-07T06:47:24Z,,0,32,https://2gis.com/firm/70000001077830621,branch,7906,https://2gis.ru/moscow/search/Продуктовые магазины/rubricId/373/filters/sort=name
Авокадо,минимаркет,Продуктовые магазины,"улица Саморядово-3, 27а",,141865,,,,Дмитровский муниципальный округ,Московская область,Россия,Пн: 09:00-21:00; Вт: 09:00-21:00; Ср: 09:00-21:00; Чт: 09:00-21:00; Пт: 09:00-21:00; Сб: 09:00-22:00; Вс: 09:00-22:00,+03:00,,,88002007575,,,,,,http://авокадо.рф,http://max.ru/avocado_grocery_stores,,,,,,,,,,,,,,,,,,,,https://t.me/avocadoswnn,,,,,,,,,70000001076313076,56.104297,37.452982,4504235283249039,,,687,70000001041565312,Авокадо,минимаркет,Продуктовые магазины,shop,1,4,2026-07-07T06:47:36Z,,0,32,https://2gis.com/firm/70000001076313076,branch,7906,https://2gis.ru/moscow/search/Продуктовые магазины/rubricId/373/filters/sort=name
Авокадо,минимаркет,Продуктовые магазины,"Дмитровское шоссе, 169 к9",,127204,,Северный,Москва,,Москва,Россия,Пн: 09:00-23:00; Вт: 09:00-23:00; Ср: 09:00-23:00; Чт: 09:00-23:00; Пт: 09:00-23:00; Сб: 09:00-23:00; Вс: 09:00-23:00,+03:00,1.1,3,89661111099,,,,,,http://авокадо.рф,http://max.ru/avocado_grocery_stores,,,,,,,,,,,,,,,,,,,,https://t.me/avocadoswnn,,,,,,,,,70000001076134703,55.930708,37.541478,4504235305284565,,,687,70000001041565312,Авокадо,минимаркет,Продуктовые магазины,shop,1,7,2026-07-07T06:47:28Z,,0,32,https://2gis.com/firm/70000001076134703,branch,7906,https://2gis.ru/moscow/search/Продуктовые магазины/rubricId/373/filters/sort=name
Авокадо,минимаркет,Продуктовые магазины,"Татьянин Парк улица, 17 к1",1 этаж,119618,,Солнцево,Москва,,Москва,Россия,Пн: 09:00-23:00; Вт: 09:00-23:00; Ср: 09:00-23:00; Чт: 09:00-23:00; Пт: 09:00-23:00; Сб: 09:00-23:00; Вс: 09:00-23:00,+03:00,5.0,1,88002007575,,,,,,http://авокадо.рф,http://max.ru/avocado_grocery_stores,,,,,,,,,,,,,,,,,,,,https://t.me/avocadoswnn,,,,,,,,,70000001075547088,55.657559,37.424888,4504235295543666,,,687,70000001041565312,Авокадо,минимаркет,Продуктовые магазины,shop,1,7,2026-07-07T06:47:33Z,,0,32,https://2gis.com/firm/70000001075547088,branch,7906,https://2gis.ru/moscow/search/Продуктовые магазины/rubricId/373/filters/sort=name
Авокадо,минимаркет,Продуктовые магазины,"Приозёрный микрорайон, 1а",,108830,Приозёрный м-н,Вороново,,,Москва,Россия,Пн: 08:00-22:00; Вт: 08:00-22:00; Ср: 08:00-22:00; Чт: 08:00-22:00; Пт: 08:00-22:00; Сб: 08:00-22:00; Вс: 08:00-22:00,+03:00,,,88002007575,,,,,,http://авокадо.рф,http://max.ru/avocado_grocery_stores,,,,,,,,,,,,,,,,,,,,https://t.me/avocadoswnn,,,,,,,,,70000001075544911,55.310333,37.189744,4504235283105827,,,687,70000001041565312,Авокадо,минимаркет,Продуктовые магазины,shop,1,4,2023-06-06T08:53:42Z,,0,32,https://2gis.com/firm/70000001075544911,branch,7906,https://2gis.ru/moscow/search/Продуктовые магазины/rubricId/373/filters/sort=name
Авокадо,минимаркет,Продуктовые магазины,,,143080,,,,Одинцовский городской округ,Московская область,Россия,Пн: 09:00-21:00; Вт: 09:00-21:00; Ср: 09:00-21:00; Чт: 09:00-21:00; Пт: 09:00-21:00; Сб: 09:00-21:00; Вс: 09:00-21:00,+03:00,4.9,15,89254445853,,,,,,http://авокадо.рф,http://max.ru/avocado_grocery_stores,,,,,,,,,,,,,,,,,,,,https://t.me/avocadoswnn,,,,,,,,,70000001075481992,55.629523,37.208719,70030076217325531,,,687,70000001041565312,Авокадо,минимаркет,Продуктовые магазины,shop,1,6,2026-07-07T06:47:19Z,,0,32,https://2gis.com/firm/70000001075481992,branch,7906,https://2gis.ru/moscow/search/Продуктовые магазины/rubricId/373/filters/sort=name
Авокадо,минимаркет,Продуктовые магазины,"проспект Королёва, 1",18 помещение; 1 этаж,141077,Новые Подлипки м-н,,Королёв,Королёв городской округ,Московская область,Россия,Пн: 00:00-24:00; Вт: 00:00-24:00; Ср: 00:00-24:00; Чт: 00:00-24:00; Пт: 00:00-24:00; Сб: 00:00-24:00; Вс: 00:00-24:00,+03:00,5.0,2,88002007575,,,,,,http://авокадо.рф,http://max.ru/avocado_grocery_stores,,,,,,,,,,,,,,,,,,,,https://t.me/avocadoswnn,,,,,,,,,70000001075481604,55.921025,37.836327,4504235282642436,,,687,70000001041565312,Авокадо,минимаркет,Продуктовые магазины,shop,1,5,2026-05-06T03:55:48Z,,0,32,https://2gis.com/firm/70000001075481604,branch,7906,https://2gis.ru/moscow/search/Продуктовые магазины/rubricId/373/filters/sort=name
Авокадо,минимаркет,Продуктовые магазины,"улица Горячева, 11а",,140140,,,,Раменский муниципальный округ,Московская область,Россия,Пн: 08:00-23:00; Вт: 08:00-23:00; Ср: 08:00-23:00; Чт: 08:00-23:00; Пт: 08:00-23:00; Сб: 08:00-23:00; Вс: 08:00-23:00,+03:00,,,88002007575,,,,,,http://авокадо.рф,http://max.ru/avocado_grocery_stores,,,,,,,,,,,,,,,,,,,,https://t.me/avocadoswnn,,,,,,,,,70000001075465252,55.632301,38.04231,4504235282881463,,,687,70000001041565312,Авокадо,минимаркет,Продуктовые магазины,shop,1,4,2026-06-06T04:51:43Z,,0,32,https://2gis.com/firm/70000001075465252,branch,7906,https://2gis.ru/moscow/search/Продуктовые магазины/rubricId/373/filters/sort=name
Авокадо,минимаркет,Продуктовые магазины,"Рябиновая улица, 32",1 этаж,121471,,Очаково-Матвеевское,Москва,,Москва,Россия,Пн: 10:00-21:00; Вт: 10:00-21:00; Ср: 10:00-21:00; Чт: 10:00-21:00; Пт: 10:00-21:00; Сб: 10:00-21:00; Вс: 10:00-21:00,+03:00,3.7,3,89055542905,89502396845,,,,,http://авокадо.рф,http://max.ru/avocado_grocery_stores,,,,,,,,,,,,,,https://wa.me/79055542905,https://wa.me/79502396845,,,,,https://t.me/avocadoswnn,,,,,,,,,70000001075410578,55.69107,37.420385,4504235282699957,,,687,70000001041565312,Авокадо,минимаркет,Продуктовые магазины,shop,1,3,2026-07-07T06:47:19Z,,0,32,https://2gis.com/firm/70000001075410578,branch,7906,https://2gis.ru/moscow/search/Продуктовые магазины/rubricId/373/filters/sort=name
Авокадо,минимаркет,Продуктовые магазины,"Центральная усадьба улица, 18в",,108807,,Филимонковский,,,Москва,Россия,Пн: 08:00-23:00; Вт: 08:00-23:00; Ср: 08:00-23:00; Чт: 08:00-23:00; Пт: 08:00-23:00; Сб: 08:00-23:00; Вс: 08:00-23:00,+03:00,5.0,1,89267985920,,,,,,http://авокадо.рф,http://max.ru/avocado_grocery_stores,,,,,,,,,,,,,,,,,,,,https://t.me/avocadoswnn,,,,,,,,,70000001075347095,55.515023,37.225876,4504235282853573,,,687,70000001041565312,Авокадо,минимаркет,Продуктовые магазины,shop,1,3,2026-07-07T06:47:18Z,,0,32,https://2gis.com/firm/70000001075347095,branch,7906,https://2gis.ru/moscow/search/Продуктовые магазины/rubricId/373/filters/sort=name
Авокадо,минимаркет,Продуктовые магазины,,,140070,,,,Люберцы городской округ,Московская область,Россия,Пн: 09:00-20:00; Вт: 09:00-20:00; Ср: 09:00-20:00; Чт: 09:00-20:00; Пт: 09:00-20:00; Сб: 09:00-20:00; Вс: 09:00-20:00,+03:00,,,88002007575,,,,,,http://авокадо.рф,http://max.ru/avocado_grocery_stores,,,,,,,,,,,,,,,,,,,,https://t.me/avocadoswnn,,,,,,,,,70000001075315846,55.667195,37.950898,4504235283141221,,,687,70000001041565312,Авокадо,минимаркет,Продуктовые магазины,shop,1,4,2026-06-06T04:51:55Z,,0,32,https://2gis.com/firm/70000001075315846,branch,7906,https://2gis.ru/moscow/search/Продуктовые магазины/rubricId/373/filters/sort=name
Авокадо,минимаркет,Продуктовые магазины,,,140051,Коренёво м-н,,,Люберцы городской округ,Московская область,Россия,Пн: 09:00-19:00; Вт: 09:00-19:00; Ср: 09:00-19:00; Чт: 09:00-19:00; Пт: 09:00-19:00; Сб: 09:00-19:00; Вс: 09:00-19:00,+03:00,5.0,1,88002007575,,,,,,http://авокадо.рф,http://max.ru/avocado_grocery_stores,,,,,,,,,,,,,,,,,,,,https://t.me/avocadoswnn,,,,,,,,,70000001074647964,55.676186,37.990617,70030076601831871,,,687,70000001041565312,Авокадо,минимаркет,Продуктовые магазины,shop,1,4,2026-06-06T04:51:47Z,,0,32,https://2gis.com/firm/70000001074647964,branch,7906,https://2gis.ru/moscow/search/Продуктовые магазины/rubricId/373/filters/sort=name
Авокадо,минимаркет,Продуктовые магазины,"Полевая улица, 1",1 этаж,140150,,,,Раменский муниципальный округ,Московская область,Россия,Пн: 08:00-20:00; Вт: 08:00-20:00; Ср: 08:00-20:00; Чт: 08:00-20:00; Пт: 08:00-20:00; Сб: 08:00-20:00; Вс: 08:00-20:00,+03:00,,,88002007575,,,,,,http://авокадо.рф,http://max.ru/avocado_grocery_stores,,,,,,,,,,,,,,,,,,,,https://t.me/avocadoswnn,,,,,,,,,70000001074597827,55.622987,38.075323,4504235282661759,,,687,70000001041565312,Авокадо,минимаркет,Продуктовые магазины,shop,1,5,2026-07-07T06:47:19Z,,0,32,https://2gis.com/firm/70000001074597827,branch,7906,https://2gis.ru/moscow/search/Продуктовые магазины/rubricId/373/filters/sort=name
Авокадо,минимаркет,Продуктовые магазины,"Нагатинская набережная, 22 к2",1 этаж,115533,,Нагатино-Садовники,Москва,,Москва,Россия,Пн: 07:00-24:00; Вт: 07:00-24:00; Ср: 07:00-24:00; Чт: 07:00-24:00; Пт: 07:00-24:00; Сб: 07:00-24:00; Вс: 07:00-24:00,+03:00,2.4,3,88002007575,,,,,,http://авокадо.рф,http://max.ru/avocado_grocery_stores,,,,,,,,,,,,,,,,,,,,https://t.me/avocadoswnn,,,,,,,,,70000001072688653,55.681816,37.654481,4504235282606321,,,687,70000001041565312,Авокадо,минимаркет,Продуктовые магазины,shop,1,8,2026-07-07T07:18:58Z,,0,32,https://2gis.com/firm/70000001072688653,branch,7906,https://2gis.ru/moscow/search/Продуктовые магазины/rubricId/373/filters/sort=name
Авокадо,минимаркет,Продуктовые магазины,"улица Маяковского, вл2",,143185,,,Звенигород,Одинцовский городской округ,Московская область,Россия,Пн: 00:00-24:00; Вт: 00:00-24:00; Ср: 00:00-24:00; Чт: 00:00-24:00; Пт: 00:00-24:00; Сб: 00:00-24:00; Вс: 00:00-24:00,+03:00,,,88002007575,,,,,,http://авокадо.рф,http://max.ru/avocado_grocery_stores,,,,,,,,,,,,,,,,,,,,https://t.me/avocadoswnn,,,,,,,,,70000001070939177,55.74021,36.860805,4504235283107357,,,687,70000001041565312,Авокадо,минимаркет,Продуктовые магазины,shop,1,3,2026-06-06T04:51:42Z,,0,32,https://2gis.com/firm/70000001070939177,branch,7906,https://2gis.ru/moscow/search/Продуктовые магазины/rubricId/373/filters/sort=name
Авокадо,минимаркет,Продуктовые магазины,"улица Гагарина, 2/2",,140152,,,,Раменский муниципальный округ,Московская область,Россия,Пн: 08:00-21:00; Вт: 08:00-21:00; Ср: 08:00-21:00; Чт: 08:00-21:00; Пт: 08:00-21:00; Сб: 08:00-21:00; Вс: 08:00-21:00,+03:00,,,88002007575,,,,,,http://авокадо.рф,http://max.ru/avocado_grocery_stores,,,,,,,,,,,,,,,,,,,,https://t.me/avocadoswnn,,,,,,,,,70000001069153115,55.501615,38.342386,4504235283358811,,,687,70000001041565312,Авокадо,минимаркет,Продуктовые магазины,shop,1,4,2026-07-07T15:13:02Z,,0,32,https://2gis.com/firm/70000001069153115,branch,7906,https://2gis.ru/moscow/search/Продуктовые магазины/rubricId/373/filters/sort=name
Авокадо,минимаркет,Продуктовые магазины,"улица Гурьева, 12а",1 этаж,140109,Центральный м-н,Центральный район,Раменское,Раменский муниципальный округ,Московская область,Россия,Пн: 08:00-22:00; Вт: 08:00-22:00; Ср: 08:00-22:00; Чт: 08:00-22:00; Пт: 08:00-22:00; Сб: 08:00-22:00; Вс: 08:00-22:00,+03:00,4.8,17,89771224395,,,,,,http://авокадо.рф,http://max.ru/avocado_grocery_stores,,,,,,,,,,,,,,,,,,,,https://t.me/avocadoswnn,,,,,,,,,70000001069052413,55.570061,38.237208,4504235283352381,ТЦ Трио,,687,70000001041565312,Авокадо,минимаркет,Продуктовые магазины,shop,1,4,2026-07-07T06:47:20Z,,0,32,https://2gis.com/firm/70000001069052413,branch,7906,https://2gis.ru/moscow/search/Продуктовые магазины/rubricId/373/filters/sort=name
Авокадо,минимаркет,Продуктовые магазины,"улица Ухтомского, ст24а",,140081,1-й м-н,,Лыткарино,Лыткарино городской округ,Московская область,Россия,Пн: 08:00-22:00; Вт: 08:00-22:00; Ср: 08:00-22:00; Чт: 08:00-22:00; Пт: 08:00-22:00; Сб: 08:00-22:00; Вс: 08:00-22:00,+03:00,4.8,12,89032406863,84955521653,84955520332,,,,http://авокадо.рф,http://max.ru/avocado_grocery_stores,,,,,,,,,,,,,,,,,,,,https://t.me/avocadoswnn,,,,,,,,,70000001067125082,55.575429,37.902686,4504235282660106,,,687,70000001041565312,Авокадо,минимаркет,Продуктовые магазины,shop,1,3,2026-07-07T07:18:06Z,,0,32,https://2gis.com/firm/70000001067125082,branch,7906,https://2gis.ru/moscow/search/Продуктовые магазины/rubricId/373/filters/sort=name
Авокадо,минимаркет,Продуктовые магазины,"Вокзальная площадь, 4",,142116,Центральный м-н,,Подольск,Подольск городской округ,Московская область,Россия,Пн: 00:00-24:00; Вт: 00:00-24:00; Ср: 00:00-24:00; Чт: 00:00-24:00; Пт: 00:00-24:00; Сб: 00:00-24:00; Вс: 00:00-24:00,+03:00,4.2,13,89299993354,,,,,,http://авокадо.рф,http://max.ru/avocado_grocery_stores,,,,,,,,,,,,,,,,,,,,https://t.me/avocadoswnn,,,,,,,,,70000001066988579,55.431545,37.564296,4504235282678152,,,687,70000001041565312,Авокадо,минимаркет,Продуктовые магазины,shop,1,4,2026-07-07T06:47:24Z,,0,32,https://2gis.com/firm/70000001066988579,branch,7906,https://2gis.ru/moscow/search/Продуктовые магазины/rubricId/373/filters/sort=name
Авокадо,минимаркет,Продуктовые магазины,"СНТ Шарль Азнавур, 10",,143441,Шарль Азнавур,,Москва,Красногорск городской округ,Москва,Россия,Пн: 09:00-21:00; Вт: 09:00-21:00; Ср: 09:00-21:00; Чт: 09:00-21:00; Пт: 09:00-21:00; Сб: 09:00-21:00; Вс: 09:00-21:00,+03:00,3.7,3,88002007575,,,,,,http://авокадо.рф,http://max.ru/avocado_grocery_stores,,,,,,,,,,,,,,,,,,,,https://t.me/avocadoswnn,,,,,,,,,70000001066421217,55.876424,37.382095,70030076203819456,,,687,70000001041565312,Авокадо,минимаркет,Продуктовые магазины,shop,1,2,2026-07-07T15:16:42Z,,0,32,https://2gis.com/firm/70000001066421217,branch,7906,https://2gis.ru/moscow/search/Продуктовые магазины/rubricId/373/filters/sort=name
Авокадо,минимаркет,Продуктовые магазины,"Крымская улица, 7",1 этаж,142720,Восточное Бутово м-н,,,Ленинский городской округ,Московская область,Россия,Пн: 09:00-22:00; Вт: 09:00-22:00; Ср: 09:00-22:00; Чт: 09:00-22:00; Пт: 09:00-22:00; Сб: 09:00-22:00; Вс: 09:00-22:00,+03:00,,,89661418558,,,,,,http://авокадо.рф,http://max.ru/avocado_grocery_stores,,,,,,,,,,,,,,,,,,,,https://t.me/avocadoswnn,,,,,,,,,70000001066103440,55.535483,37.613816,70030076149220532,,,687,70000001041565312,Авокадо,минимаркет,Продуктовые магазины,shop,1,5,2026-07-07T07:19:06Z,,0,32,https://2gis.com/firm/70000001066103440,branch,7906,https://2gis.ru/moscow/search/Продуктовые магазины/rubricId/373/filters/sort=name
Авокадо,минимаркет,Продуктовые магазины,"Лесная улица, 2",1 этаж,142720,Восточное Бутово м-н,,,Ленинский городской округ,Московская область,Россия,Пн: 08:00-23:00; Вт: 08:00-23:00; Ср: 08:00-23:00; Чт: 08:00-23:00; Пт: 08:00-23:00; Сб: 08:00-23:00; Вс: 08:00-23:00,+03:00,5.0,1,89254878927,89250330055,,,,,http://авокадо.рф,http://max.ru/avocado_grocery_stores,,,,,,,,,,,,,,https://wa.me/79250330055,,,,,,https://t.me/avocadoswnn,,,,,,,,,70000001066103409,55.538394,37.615649,70030076193275978,,,687,70000001041565312,Авокадо,минимаркет,Продуктовые магазины,shop,1,6,2026-07-07T06:47:29Z,,0,32,https://2gis.com/firm/70000001066103409,branch,7906,https://2gis.ru/moscow/search/Продуктовые магазины/rubricId/373/filters/sort=name
Авокадо,минимаркет,Продуктовые магазины; Табачные изделия и товары для курения,"деревня Марьино, 10Б",,108815,,Филимонковский,,,Москва,Россия,Пн: 08:00-22:00; Вт: 08:00-22:00; Ср: 08:00-22:00; Чт: 08:00-22:00; Пт: 08:00-22:00; Сб: 08:00-22:00; Вс: 08:00-22:00,+03:00,,,88002007575,,,,,,http://авокадо.рф,http://max.ru/avocado_grocery_stores,,,,,,,,,,,,,,,,,,,,https://t.me/avocadoswnn,,,,,,,,,70000001065502470,55.556793,37.328649,4504235282724679,,,687,70000001041565312,Авокадо,минимаркет,Продуктовые магазины,common_store,2,5,2026-07-07T06:47:33Z,,0,32,https://2gis.com/firm/70000001065502470,branch,7906,https://2gis.ru/moscow/search/Продуктовые магазины/rubricId/373/filters/sort=name
Авокадо,минимаркет,Продуктовые магазины,"Новое Бисерово-2, к15",,142451,Новое Бисерово-2 м-н,,,Богородский городской округ,Московская область,Россия,Пн: 09:00-21:00; Вт: 09:00-21:00; Ср: 09:00-21:00; Чт: 09:00-21:00; Пт: 09:00-21:00; Сб: 09:00-21:00; Вс: 09:00-21:00,+03:00,1.4,1,88002007575,,,,,,http://авокадо.рф,http://max.ru/avocado_grocery_stores,,,,,,,,,,,,,,,,,,,,https://t.me/avocadoswnn,,,,,,,,,70000001065405603,55.784617,38.122614,70030076142215826,,,687,70000001041565312,Авокадо,минимаркет,Продуктовые магазины,shop,1,3,2026-06-06T04:51:55Z,,0,32,https://2gis.com/firm/70000001065405603,branch,7906,https://2gis.ru/moscow/search/Продуктовые магазины/rubricId/373/filters/sort=name
Авокадо,минимаркет,Продуктовые магазины,"посёлок городского типа Измайлово, 20а ст1",,142718,,,,Ленинский городской округ,Московская область,Россия,Пн: 00:00-24:00; Вт: 00:00-24:00; Ср: 00:00-24:00; Чт: 00:00-24:00; Пт: 00:00-24:00; Сб: 00:00-24:00; Вс: 00:00-24:00,+03:00,,,89175577141,,,,,,http://авокадо.рф,http://max.ru/avocado_grocery_stores,,,,,,,,,,,,,,https://wa.me/79175577141,,,,,,https://t.me/avocadoswnn,,,,,,,,,70000001064896445,55.56389,37.645029,70030076284182239,,,687,70000001041565312,Авокадо,минимаркет,Продуктовые магазины,shop,1,5,2026-07-07T06:47:36Z,,0,32,https://2gis.com/firm/70000001064896445,branch,7906,https://2gis.ru/moscow/search/Продуктовые магазины/rubricId/373/filters/sort=name
Авокадо,минимаркет,Продуктовые магазины,"СНТ Каскад территория, 1",,140250,Каскад,,,Раменский муниципальный округ,Московская область,Россия,Пн: 10:00-21:00; Вт: 10:00-21:00; Ср: 10:00-21:00; Чт: 10:00-21:00; Пт: 10:00-21:00; Сб: 10:00-21:00; Вс: 10:00-21:00,+03:00,,,88002007575,,,,,,http://авокадо.рф,http://max.ru/avocado_grocery_stores,,,,,,,,,,,,,,,,,,,,https://t.me/avocadoswnn,,,,,,,,,70000001064624097,55.455468,38.343517,70030076288875072,,,687,70000001041565312,Авокадо,минимаркет,Продуктовые магазины,shop,1,0,2026-06-06T04:51:43Z,,0,32,https://2gis.com/firm/70000001064624097,branch,7906,https://2gis.ru/moscow/search/Продуктовые магазины/rubricId/373/filters/sort=name
Авокадо,минимаркет,Продуктовые магазины,"Сиреневая улица, 15",,141035,,,,Мытищи городской округ,Московская область,Россия,Пн: 08:00-23:00; Вт: 08:00-23:00; Ср: 08:00-23:00; Чт: 08:00-23:00; Пт: 08:00-23:00; Сб: 08:00-23:00; Вс: 08:00-23:00,+03:00,,,89169280123,,,,,,http://авокадо.рф,http://max.ru/avocado_grocery_stores,,,,,,,,,,,,,,,,,,,,https://t.me/avocadoswnn,,,,,,,,,70000001064624087,56.00074,37.718421,70030076278100286,,,687,70000001041565312,Авокадо,минимаркет,Продуктовые магазины,shop,1,0,2026-07-07T06:47:19Z,,0,32,https://2gis.com/firm/70000001064624087,branch,7906,https://2gis.ru/moscow/search/Продуктовые магазины/rubricId/373/filters/sort=name
Авокадо,минимаркет,Продуктовые магазины,"Тишково село, 3",,141232,,,,Пушкинский городской округ,Московская область,Россия,Пн: 09:00-21:00; Вт: 09:00-21:00; Ср: 09:00-21:00; Чт: 09:00-21:00; Пт: 09:00-21:00; Сб: 09:00-21:00; Вс: 09:00-21:00,+03:00,,,88002007575,,,,,,http://авокадо.рф,http://max.ru/avocado_grocery_stores,,,,,,,,,,,,,,,,,,,,https://t.me/avocadoswnn,,,,,,,,,70000001064624074,56.087185,37.737618,70030076278014720,,,687,70000001041565312,Авокадо,минимаркет,Продуктовые магазины,shop,1,2,2026-07-07T06:47:28Z,,0,32,https://2gis.com/firm/70000001064624074,branch,7906,https://2gis.ru/moscow/search/Продуктовые магазины/rubricId/373/filters/sort=name
Авокадо,минимаркет,Продуктовые магазины,"деревня Фуньково, 8",,143055,,,,Одинцовский городской округ,Московская область,Россия,Пн: 09:00-22:00; Вт: 09:00-22:00; Ср: 09:00-22:00; Чт: 09:00-22:00; Пт: 09:00-22:00; Сб: 09:00-22:00; Вс: 09:00-22:00,+03:00,5.0,1,88002007575,,,,,,http://авокадо.рф,http://max.ru/avocado_grocery_stores,,,,,,,,,,,,,,,,,,,,https://t.me/avocadoswnn,,,,,,,,,70000001064624057,55.791332,36.84159,70030076268279482,,,687,70000001041565312,Авокадо,минимаркет,Продуктовые магазины,shop,1,1,2022-10-18T08:40:31Z,,0,32,https://2gis.com/firm/70000001064624057,branch,7906,https://2gis.ru/moscow/search/Продуктовые магазины/rubricId/373/filters/sort=name
Авокадо,минимаркет,Продуктовые магазины,"Строительная улица, ст11м",,141580,,,,Химки городской округ,Московская область,Россия,Пн: 08:00-22:00; Вт: 08:00-22:00; Ср: 08:00-22:00; Чт: 08:00-22:00; Пт: 08:00-22:00; Сб: 08:00-22:00; Вс: 08:00-22:00,+03:00,,,89653958126,,,,,,http://авокадо.рф,http://max.ru/avocado_grocery_stores,,,,,,,,,,,,,,,,,,,,https://t.me/avocadoswnn,,,,,,,,,70000001064624034,55.999107,37.369206,70030076213622198,,,687,70000001041565312,Авокадо,минимаркет,Продуктовые магазины,shop,1,0,2026-07-07T06:47:34Z,,0,32,https://2gis.com/firm/70000001064624034,branch,7906,https://2gis.ru/moscow/search/Продуктовые магазины/rubricId/373/filters/sort=name
Авокадо,минимаркет,Продуктовые магазины,"Железнодорожная улица, 9а",,142256,,,,Серпухов городской округ,Московская область,Россия,Пн: 08:00-20:00; Вт: 08:00-20:00; Ср: 08:00-20:00; Чт: 08:00-20:00; Пт: 08:00-20:00; Сб: 08:00-20:00; Вс: 08:00-20:00,+03:00,,,89261717433,,,,,,http://авокадо.рф,http://max.ru/avocado_grocery_stores,,,,,,,,,,,,,,,,,,,,https://t.me/avocadoswnn,,,,,,,,,70000001064623916,55.040602,37.475583,4504235283291672,,,687,70000001041565312,Авокадо,минимаркет,Продуктовые магазины,shop,1,0,2026-07-07T06:47:26Z,,0,32,https://2gis.com/firm/70000001064623916,branch,7906,https://2gis.ru/moscow/search/Продуктовые магазины/rubricId/373/filters/sort=name
Авокадо,минимаркет,Продуктовые магазины,"Центральная улица, ст91",,141051,,,,Мытищи городской округ,Московская область,Россия,Пн: 09:00-23:00; Вт: 09:00-23:00; Ср: 09:00-23:00; Чт: 09:00-23:00; Пт: 09:00-23:00; Сб: 09:00-23:00; Вс: 09:00-23:00,+03:00,,,88002007575,,,,,,http://авокадо.рф,http://max.ru/avocado_grocery_stores,,,,,,,,,,,,,,,,,,,,https://t.me/avocadoswnn,,,,,,,,,70000001064623827,56.007867,37.585697,4504235282875319,,,687,70000001041565312,Авокадо,минимаркет,Продуктовые магазины,shop,1,0,2026-06-06T04:51:55Z,,0,32,https://2gis.com/firm/70000001064623827,branch,7906,https://2gis.ru/moscow/search/Продуктовые магазины/rubricId/373/filters/sort=name
Авокадо,минимаркет,Продуктовые магазины,"Центральная улица, 22",,141035,,,,Мытищи городской округ,Московская область,Россия,Пн: 09:00-22:00; Вт: 09:00-22:00; Ср: 09:00-22:00; Чт: 09:00-22:00; Пт: 09:00-22:00; Сб: 09:00-22:00; Вс: 09:00-21:00,+03:00,3.6,2,84955838200,,,,,,http://авокадо.рф,http://max.ru/avocado_grocery_stores,,,,,,,,,,,,,,,,,,,,https://t.me/avocadoswnn,,,,,,,,,70000001064623820,56.044707,37.671924,4504235282868255,,,687,70000001041565312,Авокадо,минимаркет,Продуктовые магазины,shop,1,0,2026-07-07T06:47:20Z,,0,32,https://2gis.com/firm/70000001064623820,branch,7906,https://2gis.ru/moscow/search/Продуктовые магазины/rubricId/373/filters/sort=name
Авокадо,минимаркет,Продуктовые магазины,"Советская улица, 2",,140102,,,,Раменский муниципальный округ,Московская область,Россия,Пн: 08:00-22:00; Вт: 08:00-22:00; Ср: 08:00-22:00; Чт: 08:00-22:00; Пт: 08:00-22:00; Сб: 08:00-22:00; Вс: 08:00-22:00,+03:00,,,89265957174,,,,,,http://авокадо.рф,http://max.ru/avocado_grocery_stores,,,,,,,,,,,,,,,,,,,,https://t.me/avocadoswnn,,,,,,,,,70000001064623793,55.542358,38.197768,4504235282811525,,,687,70000001041565312,Авокадо,минимаркет,Продуктовые магазины,shop,1,0,2026-07-07T06:47:24Z,,0,32,https://2gis.com/firm/70000001064623793,branch,7906,https://2gis.ru/moscow/search/Продуктовые магазины/rubricId/373/filters/sort=name
Авокадо,минимаркет,Продуктовые магазины,"Советская улица, 12а",,141143,,,,Щёлково городской округ,Московская область,Россия,Пн: 07:00-24:00; Вт: 07:00-24:00; Ср: 07:00-24:00; Чт: 07:00-24:00; Пт: 07:00-24:00; Сб: 07:00-24:00; Вс: 07:00-24:00,+03:00,,,89162376598,89856824868,,,,,http://авокадо.рф,http://max.ru/avocado_grocery_stores,,,,,,,,,,,,,,https://wa.me/79856824868,https://wa.me/79162376598,,,,,https://t.me/avocadoswnn,,,,,,,,,70000001064533802,55.856805,37.975877,4504235282821396,,,687,70000001041565312,Авокадо,минимаркет,Продуктовые магазины,shop,1,4,2026-07-07T07:19:01Z,,0,32,https://2gis.com/firm/70000001064533802,branch,7906,https://2gis.ru/moscow/search/Продуктовые магазины/rubricId/373/filters/sort=name
Авокадо,минимаркет,Продуктовые магазины,"Дмитровская улица, 2а",,141051,,,,Мытищи городской округ,Московская область,Россия,Пн: 00:00-24:00; Вт: 00:00-24:00; Ср: 00:00-24:00; Чт: 00:00-24:00; Пт: 00:00-24:00; Сб: 00:00-24:00; Вс: 00:00-24:00,+03:00,,,88002007575,,,,,,http://авокадо.рф,http://max.ru/avocado_grocery_stores,,,,,,,,,,,,,,,,,,,,https://t.me/avocadoswnn,,,,,,,,,70000001064423799,56.004896,37.541132,4504235283167077,,,687,70000001041565312,Авокадо,минимаркет,Продуктовые магазины,shop,1,3,2022-09-20T15:03:54Z,,0,32,https://2gis.com/firm/70000001064423799,branch,7906,https://2gis.ru/moscow/search/Продуктовые магазины/rubricId/373/filters/sort=name
Авокадо,минимаркет,Продуктовые магазины,"улица Беляева, 16Б",,141104,Щёлково-4 м-н,,Щёлково,Щёлково городской округ,Московская область,Россия,Пн: 08:00-23:00; Вт: 08:00-23:00; Ср: 08:00-23:00; Чт: 08:00-23:00; Пт: 08:00-23:00; Сб: 08:00-23:00; Вс: 08:00-23:00,+03:00,3.0,1,89037393190,,,,,,http://авокадо.рф,http://max.ru/avocado_grocery_stores,,,,,,,,,,,,,,,,,,,,https://t.me/avocadoswnn,,,,,,,,,70000001063949258,55.876475,38.088319,4504235282668737,,,687,70000001041565312,Авокадо,минимаркет,Продуктовые магазины,shop,1,5,2026-07-07T06:47:21Z,,0,32,https://2gis.com/firm/70000001063949258,branch,7906,https://2gis.ru/moscow/search/Продуктовые магазины/rubricId/373/filters/sort=name
Авокадо,минимаркет,Продуктовые магазины,"Зеленая Слобода село, ст3",,140125,,,,Раменский муниципальный округ,Московская область,Россия,Пн: 00:00-24:00; Вт: 00:00-24:00; Ср: 00:00-24:00; Чт: 00:00-24:00; Пт: 00:00-24:00; Сб: 00:00-24:00; Вс: 00:00-24:00,+03:00,1.0,2,88002007575,,,,,,http://авокадо.рф,http://max.ru/avocado_grocery_stores,,,,,,,,,,,,,,,,,,,,https://t.me/avocadoswnn,,,,,,,,,70000001086746852,55.532353,37.998135,4504235282780296,,,687,70000001041565312,Авокадо,минимаркет,Продуктовые магазины,shop,1,0,2026-06-06T04:51:46Z,,0,32,https://2gis.com/firm/70000001086746852,branch,7906,https://2gis.ru/moscow/search/Продуктовые магазины/rubricId/373/filters/sort=name
Авокадо,минимаркет,Продуктовые магазины,"Валищево деревня, 11",,142184,,,,Подольск городской округ,Московская область,Россия,Пн: 09:00-22:00; Вт: 09:00-22:00; Ср: 09:00-22:00; Чт: 09:00-22:00; Пт: 09:00-22:00; Сб: 09:00-22:00; Вс: 09:00-22:00,+03:00,3.7,8,88002007575,,,,,,http://авокадо.рф,http://max.ru/avocado_grocery_stores,,,,,,,,,,,,,,,,,,,,https://t.me/avocadoswnn,,,,,,,,,70000001086746841,55.323675,37.677078,70030076284222249,,,687,70000001041565312,Авокадо,минимаркет,Продуктовые магазины,shop,1,0,2026-07-07T15:09:31Z,,0,32,https://2gis.com/firm/70000001086746841,branch,7906,https://2gis.ru/moscow/search/Продуктовые магазины/rubricId/373/filters/sort=name
Авокадо,минимаркет,Продуктовые магазины,"деревня Акиньшино, 1а",,108809,,Филимонковский,,,Москва,Россия,Пн: 08:00-22:00; Вт: 08:00-22:00; Ср: 08:00-22:00; Чт: 08:00-22:00; Пт: 08:00-22:00; Сб: 08:00-22:00; Вс: 08:00-22:00,+03:00,,,88002007575,,,,,,http://авокадо.рф,http://max.ru/avocado_grocery_stores,,,,,,,,,,,,,,,,,,,,https://t.me/avocadoswnn,,,,,,,,,70000001086746668,55.559967,37.237115,4504235282874251,,,687,70000001041565312,Авокадо,минимаркет,Продуктовые магазины,shop,1,0,2026-07-07T06:47:24Z,,0,32,https://2gis.com/firm/70000001086746668,branch,7906,https://2gis.ru/moscow/search/Продуктовые магазины/rubricId/373/filters/sort=name
Авокадо,минимаркет,Продуктовые магазины,"Грязь деревня, вл1",,143031,,,,Одинцовский городской округ,Московская область,Россия,Пн: 08:00-20:00; Вт: 08:00-20:00; Ср: 08:00-20:00; Чт: 08:00-20:00; Пт: 08:00-20:00; Сб: 08:00-20:00; Вс: 08:00-20:00,+03:00,1.0,1,88002007575,,,,,,http://авокадо.рф,http://max.ru/avocado_grocery_stores,,,,,,,,,,,,,,,,,,,,https://t.me/avocadoswnn,,,,,,,,,70000001086746537,55.744274,36.935067,4504235283101124,,,687,70000001041565312,Авокадо,минимаркет,Продуктовые магазины,shop,1,0,2026-07-07T15:13:35Z,,0,32,https://2gis.com/firm/70000001086746537,branch,7906,https://2gis.ru/moscow/search/Продуктовые магазины/rubricId/373/filters/sort=name
Авокадо,минимаркет,Продуктовые магазины,"Бегичево деревня, 1 ст1",,142341,,,,Чехов муниципальный округ,Московская область,Россия,Пн: 08:00-20:00; Вт: 08:00-20:00; Ср: 08:00-20:00; Чт: 08:00-20:00; Пт: 08:00-20:00; Сб: 08:00-20:00; Вс: 08:00-20:00,+03:00,,,88002007575,,,,,,http://авокадо.рф,http://max.ru/avocado_grocery_stores,,,,,,,,,,,,,,,,,,,,https://t.me/avocadoswnn,,,,,,,,,70000001086746475,55.102917,37.10745,4504235283239913,,,687,70000001041565312,Авокадо,минимаркет,Продуктовые магазины,shop,1,0,2026-07-07T06:47:28Z,,0,32,https://2gis.com/firm/70000001086746475,branch,7906,https://2gis.ru/moscow/search/Продуктовые магазины/rubricId/373/filters/sort=name
Авокадо,минимаркет,Продуктовые магазины,"Центральная улица, вл3 ст1",,141051,,,,Мытищи городской округ,Московская область,Россия,Пн: 07:00-24:00; Вт: 07:00-24:00; Ср: 07:00-24:00; Чт: 07:00-24:00; Пт: 07:00-24:00; Сб: 07:00-24:00; Вс: 07:00-24:00,+03:00,,,88002007575,,,,,,http://авокадо.рф,http://max.ru/avocado_grocery_stores,,,,,,,,,,,,,,,,,,,,https://t.me/avocadoswnn,,,,,,,,,70000001086746353,55.996822,37.544063,4504235282898979,,,687,70000001041565312,Авокадо,минимаркет,Продуктовые магазины,shop,1,2,2026-07-07T06:47:22Z,,0,32,https://2gis.com/firm/70000001086746353,branch,7906,https://2gis.ru/moscow/search/Продуктовые магазины/rubricId/373/filters/sort=name
Авокадо,минимаркет,Продуктовые магазины,"посёлок подсобного хозяйства Минзаг, 1",,108828,,Краснопахорский,,,Москва,Россия,Пн: 09:00-21:00; Вт: 09:00-21:00; Ср: 09:00-21:00; Чт: 09:00-21:00; Пт: 09:00-21:00; Сб: 09:00-21:00; Вс: 09:00-21:00,+03:00,,,88002007575,,,,,,http://авокадо.рф,http://max.ru/avocado_grocery_stores,,,,,,,,,,,,,,,,,,,,https://t.me/avocadoswnn,,,,,,,,,70000001086746329,55.444732,37.328051,4504235282710338,,,687,70000001041565312,Авокадо,минимаркет,Продуктовые магазины,shop,1,0,2026-06-06T04:51:41Z,,0,32,https://2gis.com/firm/70000001086746329,branch,7906,https://2gis.ru/moscow/search/Продуктовые магазины/rubricId/373/filters/sort=name
Авокадо,минимаркет,Продуктовые магазины,"СНТ Кезьмино территория, 49",,143055,Кезьмино,,,Одинцовский городской округ,Московская область,Россия,Пн: 09:00-21:00; Вт: 09:00-21:00; Ср: 09:00-21:00; Чт: 09:00-21:00; Пт: 09:00-21:00; Сб: 09:00-21:00; Вс: 09:00-21:00,+03:00,,,88002007575,,,,,,http://авокадо.рф,http://max.ru/avocado_grocery_stores,,,,,,,,,,,,,,,,,,,,https://t.me/avocadoswnn,,,,,,,,,70000001086746306,55.791446,36.90915,70030076289581017,,,687,70000001041565312,Авокадо,минимаркет,Продуктовые магазины,shop,1,0,2026-07-07T06:47:21Z,,0,32,https://2gis.com/firm/70000001086746306,branch,7906,https://2gis.ru/moscow/search/Продуктовые магазины/rubricId/373/filters/sort=name
Авокадо,минимаркет,Продуктовые магазины,"СНТ Ветераны Столицы территория, 678",,142380,Ветераны Столицы,,,Чехов муниципальный округ,Московская область,Россия,Пн: 08:00-21:00; Вт: 08:00-21:00; Ср: 08:00-21:00; Чт: 08:00-21:00; Пт: 08:00-21:00; Сб: 08:00-21:00; Вс: 08:00-21:00,+03:00,,,88002007575,,,,,,http://авокадо.рф,http://max.ru/avocado_grocery_stores,,,,,,,,,,,,,,,,,,,,https://t.me/avocadoswnn,,,,,,,,,70000001086746127,55.207461,37.5636,70030076286455365,,,687,70000001041565312,Авокадо,минимаркет,Продуктовые магазины,shop,1,0,2026-06-06T04:51:39Z,,0,32,https://2gis.com/firm/70000001086746127,branch,7906,https://2gis.ru/moscow/search/Продуктовые магазины/rubricId/373/filters/sort=name
Авокадо,минимаркет,Продуктовые магазины,"улица Маршала Жукова, 13а",,143010,,,,ЗАТО Власиха городской округ,Московская область,Россия,Пн: 08:00-23:00; Вт: 08:00-23:00; Ср: 08:00-23:00; Чт: 08:00-23:00; Пт: 08:00-23:00; Сб: 09:00-23:00; Вс: 09:00-23:00,+03:00,,,88002007575,,,,,,http://авокадо.рф,http://max.ru/avocado_grocery_stores,,,,,,,,,,,,,,,,,,,,https://t.me/avocadoswnn,,,,,,,,,70000001086746052,55.680184,37.194049,4504235318539447,,,687,70000001041565312,Авокадо,минимаркет,Продуктовые магазины,shop,1,3,2026-06-06T04:51:39Z,,0,32,https://2gis.com/firm/70000001086746052,branch,7906,https://2gis.ru/moscow/search/Продуктовые магазины/rubricId/373/filters/sort=name
Авокадо,минимаркет,Продуктовые магазины,"Рябиновая улица, 1",,143433,,,,Истра муниципальный округ,Московская область,Россия,Пн: 09:00-23:00; Вт: 09:00-23:00; Ср: 09:00-23:00; Чт: 09:00-23:00; Пт: 09:00-23:00; Сб: 09:00-23:00; Вс: 09:00-23:00,+03:00,,,89774953800,,,,,,http://авокадо.рф,http://max.ru/avocado_grocery_stores,,,,,,,,,,,,,,,,,,,,https://t.me/avocadoswnn,,,,,,,,,70000001086745992,55.837337,37.134682,4504235295560113,,,687,70000001041565312,Авокадо,минимаркет,Продуктовые магазины,shop,1,5,2026-07-07T15:16:12Z,,0,32,https://2gis.com/firm/70000001086745992,branch,7906,https://2gis.ru/moscow/search/Продуктовые магазины/rubricId/373/filters/sort=name
Авокадо,минимаркет,Продуктовые магазины,"Иславское село, 150а",,143031,,,,Одинцовский городской округ,Московская область,Россия,Пн: 09:00-20:00; Вт: 09:00-20:00; Ср: 09:00-20:00; Чт: 09:00-20:00; Пт: 09:00-20:00; Сб: 09:00-20:00; Вс: 09:00-20:00,+03:00,3.8,3,88002007575,,,,,,http://авокадо.рф,http://max.ru/avocado_grocery_stores,,,,,,,,,,,,,,,,,,,,https://t.me/avocadoswnn,,,,,,,,,70000001086745965,55.720917,37.003449,4504235326989002,,,687,70000001041565312,Авокадо,минимаркет,Продуктовые магазины,shop,1,0,2026-07-07T06:47:17Z,,0,32,https://2gis.com/firm/70000001086745965,branch,7906,https://2gis.ru/moscow/search/Продуктовые магазины/rubricId/373/filters/sort=name
Авокадо,минимаркет,Продуктовые магазины,"Центральная улица, 5",,142438,,,,Богородский городской округ,Московская область,Россия,Пн: 09:00-22:00; Вт: 09:00-22:00; Ср: 09:00-22:00; Чт: 09:00-22:00; Пт: 09:00-22:00; Сб: 09:00-22:00; Вс: 09:00-22:00,+03:00,,,88002007575,,,,,,http://авокадо.рф,http://max.ru/avocado_grocery_stores,,,,,,,,,,,,,,,,,,,,https://t.me/avocadoswnn,,,,,,,,,70000001086780397,55.862994,38.587594,4504235283374432,,,687,70000001041565312,Авокадо,минимаркет,Продуктовые магазины,shop,1,0,2026-07-07T07:18:08Z,,0,32,https://2gis.com/firm/70000001086780397,branch,7906,https://2gis.ru/moscow/search/Продуктовые магазины/rubricId/373/filters/sort=name
Авокадо,минимаркет,Продуктовые магазины,"Кулаково деревня, 94г",,142321,,,,Чехов муниципальный округ,Московская область,Россия,Пн: 08:00-22:00; Вт: 08:00-22:00; Ср: 08:00-22:00; Чт: 08:00-22:00; Пт: 08:00-22:00; Сб: 08:00-22:00; Вс: 08:00-22:00,+03:00,,,88002007575,,,,,,http://авокадо.рф,http://max.ru/avocado_grocery_stores,,,,,,,,,,,,,,,,,,,,https://t.me/avocadoswnn,,,,,,,,,70000001086779675,55.093367,37.462644,4504235283251990,,,687,70000001041565312,Авокадо,минимаркет,Продуктовые магазины,shop,1,0,2026-07-07T06:47:20Z,,0,32,https://2gis.com/firm/70000001086779675,branch,7906,https://2gis.ru/moscow/search/Продуктовые магазины/rubricId/373/filters/sort=name
Авокадо,минимаркет,Продуктовые магазины,"улица Вачевская, 18",,142500,,,Павловский Посад,Павлово-Посадский городской округ,Московская область,Россия,Пн: 08:00-22:00; Вт: 08:00-22:00; Ср: 08:00-22:00; Чт: 08:00-22:00; Пт: 08:00-22:00; Сб: 08:00-22:00; Вс: 08:00-22:00,+03:00,,,88002007575,,,,,,http://авокадо.рф,http://max.ru/avocado_grocery_stores,,,,,,,,,,,,,,,,,,,,https://t.me/avocadoswnn,,,,,,,,,70000001086779346,55.767101,38.635399,4504235283264405,,,687,70000001041565312,Авокадо,минимаркет,Продуктовые магазины,shop,1,0,2026-07-07T07:17:58Z,,0,32,https://2gis.com/firm/70000001086779346,branch,7906,https://2gis.ru/moscow/search/Продуктовые магазины/rubricId/373/filters/sort=name
Авокадо,минимаркет,Продуктовые магазины,"Рождественская улица, 10",,142006,Востряково м-н,,Домодедово,Домодедово городской округ,Московская область,Россия,Пн: 09:00-21:00; Вт: 09:00-21:00; Ср: 09:00-21:00; Чт: 09:00-21:00; Пт: 09:00-21:00; Сб: 09:00-21:00; Вс: 09:00-21:00,+03:00,,,88002007575,,,,,,http://авокадо.рф,http://max.ru/avocado_grocery_stores,,,,,,,,,,,,,,,,,,,,https://t.me/avocadoswnn,,,,,,,,,70000001086779271,55.386897,37.791873,4504235283034426,,,687,70000001041565312,Авокадо,минимаркет,Продуктовые магазины,shop,1,2,2026-06-06T04:51:50Z,,0,32,https://2gis.com/firm/70000001086779271,branch,7906,https://2gis.ru/moscow/search/Продуктовые магазины/rubricId/373/filters/sort=name
Авокадо,минимаркет,Продуктовые магазины,"улица Шишкина Гора, ст61",,141196,,,,Щёлково городской округ,Московская область,Россия,Пн: 08:00-21:00; Вт: 08:00-21:00; Ср: 08:00-21:00; Чт: 08:00-21:00; Пт: 08:00-21:00; Сб: 08:00-21:00; Вс: 08:00-21:00,+03:00,,,88002007575,,,,,,http://авокадо.рф,http://max.ru/avocado_grocery_stores,,,,,,,,,,,,,,,,,,,,https://t.me/avocadoswnn,,,,,,,,,70000001086778833,55.94084,38.097948,4504235282740341,,,687,70000001041565312,Авокадо,минимаркет,Продуктовые магазины,shop,1,0,2026-06-06T04:51:34Z,,0,32,https://2gis.com/firm/70000001086778833,branch,7906,https://2gis.ru/moscow/search/Продуктовые магазины/rubricId/373/filters/sort=name
Авокадо,минимаркет,Продуктовые магазины,"Граничная улица, 4Б",,143914,Салтыковка м-н,,Балашиха,Балашиха городской округ,Московская область,Россия,Пн: 09:00-21:30; Вт: 09:00-21:30; Ср: 09:00-21:30; Чт: 09:00-21:30; Пт: 09:00-21:30; Сб: 09:00-21:30; Вс: 09:00-21:30,+03:00,,,88002007575,,,,,,http://авокадо.рф,http://max.ru/avocado_grocery_stores,,,,,,,,,,,,,,,,,,,,https://t.me/avocadoswnn,,,,,,,,,70000001086778820,55.762808,37.908027,4504235282898327,,,687,70000001041565312,Авокадо,минимаркет,Продуктовые магазины,shop,1,0,2026-06-06T04:51:55Z,,0,32,https://2gis.com/firm/70000001086778820,branch,7906,https://2gis.ru/moscow/search/Продуктовые магазины/rubricId/373/filters/sort=name
Авокадо,минимаркет,Продуктовые магазины,"Центральная улица, 14а",,142671,,,Ликино-Дулёво,Орехово-Зуевский городской округ,Московская область,Россия,Пн: 08:00-17:00; Вт: 08:00-17:00; Ср: 08:00-17:00; Чт: 08:00-17:00; Пт: 08:00-17:00; Сб: 08:00-17:00; Вс: 08:00-17:00,+03:00,,,88002007575,,,,,,http://авокадо.рф,http://max.ru/avocado_grocery_stores,,,,,,,,,,,,,,,,,,,,https://t.me/avocadoswnn,,,,,,,,,70000001086778782,55.734635,38.941098,4504235283367990,,,687,70000001041565312,Авокадо,минимаркет,Продуктовые магазины,shop,1,0,2026-06-06T04:51:50Z,,0,32,https://2gis.com/firm/70000001086778782,branch,7906,https://2gis.ru/moscow/search/Продуктовые магазины/rubricId/373/filters/sort=name
Авокадо,минимаркет,Продуктовые магазины,"микрорайон Софрино-1, 45",,141271,Софрино-1 городок,,,Пушкинский городской округ,Московская область,Россия,Пн: 09:00-23:00; Вт: 09:00-23:00; Ср: 09:00-23:00; Чт: 09:00-23:00; Пт: 09:00-23:00; Сб: 09:00-23:00; Вс: 09:00-23:00,+03:00,,,89175827692,,,,,,http://авокадо.рф,http://max.ru/avocado_grocery_stores,,,,,,,,,,,,,,,,,,,,https://t.me/avocadoswnn,,,,,,,,,70000001086778587,56.145036,37.83416,4504235283307026,,,687,70000001041565312,Авокадо,минимаркет,Продуктовые магазины,shop,1,0,2026-07-07T07:19:11Z,,0,32,https://2gis.com/firm/70000001086778587,branch,7906,https://2gis.ru/moscow/search/Продуктовые магазины/rubricId/373/filters/sort=name
Авокадо,минимаркет,Продуктовые магазины,"Дорожная улица, с29",,142321,,,,Чехов муниципальный округ,Московская область,Россия,Пн: 08:00-21:00; Вт: 08:00-21:00; Ср: 08:00-21:00; Чт: 08:00-21:00; Пт: 08:00-23:00; Сб: 08:00-23:00; Вс: 08:00-21:00,+03:00,,,88002007575,,,,,,http://авокадо.рф,http://max.ru/avocado_grocery_stores,,,,,,,,,,,,,,,,,,,,https://t.me/avocadoswnn,,,,,,,,,70000001086778505,55.08516,37.391995,4504235283253475,,,687,70000001041565312,Авокадо,минимаркет,Продуктовые магазины,shop,1,0,2026-07-07T06:47:35Z,,0,32,https://2gis.com/firm/70000001086778505,branch,7906,https://2gis.ru/moscow/search/Продуктовые магазины/rubricId/373/filters/sort=name
Авокадо,минимаркет,Продуктовые магазины,"Красковское шоссе, 54",,140030,,,,Люберцы городской округ,Московская область,Россия,Пн: 10:00-21:30; Вт: 10:00-21:30; Ср: 10:00-21:30; Чт: 10:00-21:30; Пт: 10:00-21:30; Сб: 10:00-21:30; Вс: 10:00-21:30,+03:00,,,88002007575,,,,,,http://авокадо.рф,http://max.ru/avocado_grocery_stores,,,,,,,,,,,,,,,,,,,,https://t.me/avocadoswnn,,,,,,,,,70000001086778373,55.65472,37.992332,4504235282837232,,,687,70000001041565312,Авокадо,минимаркет,Продуктовые магазины,shop,1,0,2026-07-07T06:47:19Z,,0,32,https://2gis.com/firm/70000001086778373,branch,7906,https://2gis.ru/moscow/search/Продуктовые магазины/rubricId/373/filters/sort=name
Авокадо,минимаркет,Продуктовые магазины,"улица Морозова, 7",1 этаж,141290,,,Красноармейск,Пушкинский городской округ,Московская область,Россия,Пн: 09:00-20:00; Вт: 09:00-20:00; Ср: 09:00-20:00; Чт: 09:00-20:00; Пт: 09:00-20:00; Сб: 09:00-20:00; Вс: 09:00-19:00,+03:00,4.7,3,88002007575,,,,,,http://авокадо.рф,http://max.ru/avocado_grocery_stores,,,,,,,,,,,,,,,,,,,,https://t.me/avocadoswnn,,,,,,,,,70000001086778302,56.099182,38.121623,4504235282616023,,,687,70000001041565312,Авокадо,минимаркет,Продуктовые магазины,shop,1,5,2026-07-02T03:36:24Z,,0,32,https://2gis.com/firm/70000001086778302,branch,7906,https://2gis.ru/moscow/search/Продуктовые магазины/rubricId/373/filters/sort=name
Авокадо,минимаркет,Продуктовые магазины,"115-й квартал, 1",,108821,Благодать коттеджный пос.,Филимонковский,,,Москва,Россия,Пн: 08:00-22:00; Вт: 08:00-22:00; Ср: 08:00-22:00; Чт: 08:00-22:00; Пт: 08:00-22:00; Сб: 08:00-22:00; Вс: 08:00-22:00,+03:00,1.4,1,88002007575,,,,,,http://авокадо.рф,http://max.ru/avocado_grocery_stores,,,,,,,,,,,,,,,,,,,,https://t.me/avocadoswnn,,,,,,,,,70000001086778250,55.563268,37.3425,4504235290688160,,,687,70000001041565312,Авокадо,минимаркет,Продуктовые магазины,shop,1,0,2026-07-07T15:13:40Z,,0,32,https://2gis.com/firm/70000001086778250,branch,7906,https://2gis.ru/moscow/search/Продуктовые магазины/rubricId/373/filters/sort=name
Авокадо,минимаркет,Продуктовые магазины,"СНТ Шарль Азнавур, 10",,143441,Шарль Азнавур,,Москва,Красногорск городской округ,Москва,Россия,Пн: 09:00-21:00; Вт: 09:00-21:00; Ср: 09:00-21:00; Чт: 09:00-21:00; Пт: 09:00-21:00; Сб: 09:00-21:00; Вс: 09:00-21:00,+03:00,3.7,3,88002007575,,,,,,http://авокадо.рф,http://max.ru/avocado_grocery_stores,,,,,,,,,,,,,,,,,,,,https://t.me/avocadoswnn,,,,,,,,,70000001066421217,55.876424,37.382095,70030076203819456,,,687,70000001041565312,Авокадо,минимаркет,Продуктовые магазины,shop,1,2,2026-07-07T15:16:42Z,,0,32,https://2gis.com/firm/70000001066421217,branch,7906,https://2gis.ru/moscow/search/Продуктовые магазины/rubricId/373/filters/sort=name
Авокадо,минимаркет,Продуктовые магазины,"Крымская улица, 7",1 этаж,142720,Восточное Бутово м-н,,,Ленинский городской округ,Московская область,Россия,Пн: 09:00-22:00; Вт: 09:00-22:00; Ср: 09:00-22:00; Чт: 09:00-22:00; Пт: 09:00-22:00; Сб: 09:00-22:00; Вс: 09:00-22:00,+03:00,,,89661418558,,,,,,http://авокадо.рф,http://max.ru/avocado_grocery_stores,,,,,,,,,,,,,,,,,,,,https://t.me/avocadoswnn,,,,,,,,,70000001066103440,55.535483,37.613816,70030076149220532,,,687,70000001041565312,Авокадо,минимаркет,Продуктовые магазины,shop,1,5,2026-07-07T07:19:06Z,,0,32,https://2gis.com/firm/70000001066103440,branch,7906,https://2gis.ru/moscow/search/Продуктовые магазины/rubricId/373/filters/sort=name
Авокадо,минимаркет,Продуктовые магазины,"Лесная улица, 2",1 этаж,142720,Восточное Бутово м-н,,,Ленинский городской округ,Московская область,Россия,Пн: 08:00-23:00; Вт: 08:00-23:00; Ср: 08:00-23:00; Чт: 08:00-23:00; Пт: 08:00-23:00; Сб: 08:00-23:00; Вс: 08:00-23:00,+03:00,5.0,1,89254878927,89250330055,,,,,http://авокадо.рф,http://max.ru/avocado_grocery_stores,,,,,,,,,,,,,,https://wa.me/79250330055,,,,,,https://t.me/avocadoswnn,,,,,,,,,70000001066103409,55.538394,37.615649,70030076193275978,,,687,70000001041565312,Авокадо,минимаркет,Продуктовые магазины,shop,1,6,2026-07-07T06:47:29Z,,0,32,https://2gis.com/firm/70000001066103409,branch,7906,https://2gis.ru/moscow/search/Продуктовые магазины/rubricId/373/filters/sort=name
Авокадо,минимаркет,Продуктовые магазины; Табачные изделия и товары для курения,"деревня Марьино, 10Б",,108815,,Филимонковский,,,Москва,Россия,Пн: 08:00-22:00; Вт: 08:00-22:00; Ср: 08:00-22:00; Чт: 08:00-22:00; Пт: 08:00-22:00; Сб: 08:00-22:00; Вс: 08:00-22:00,+03:00,,,88002007575,,,,,,http://авокадо.рф,http://max.ru/avocado_grocery_stores,,,,,,,,,,,,,,,,,,,,https://t.me/avocadoswnn,,,,,,,,,70000001065502470,55.556793,37.328649,4504235282724679,,,687,70000001041565312,Авокадо,минимаркет,Продуктовые магазины,common_store,2,5,2026-07-07T06:47:33Z,,0,32,https://2gis.com/firm/70000001065502470,branch,7906,https://2gis.ru/moscow/search/Продуктовые магазины/rubricId/373/filters/sort=name
Авокадо,минимаркет,Продуктовые магазины,"Новое Бисерово-2, к15",,142451,Новое Бисерово-2 м-н,,,Богородский городской округ,Московская область,Россия,Пн: 09:00-21:00; Вт: 09:00-21:00; Ср: 09:00-21:00; Чт: 09:00-21:00; Пт: 09:00-21:00; Сб: 09:00-21:00; Вс: 09:00-21:00,+03:00,1.4,1,88002007575,,,,,,http://авокадо.рф,http://max.ru/avocado_grocery_stores,,,,,,,,,,,,,,,,,,,,https://t.me/avocadoswnn,,,,,,,,,70000001065405603,55.784617,38.122614,70030076142215826,,,687,70000001041565312,Авокадо,минимаркет,Продуктовые магазины,shop,1,3,2026-06-06T04:51:55Z,,0,32,https://2gis.com/firm/70000001065405603,branch,7906,https://2gis.ru/moscow/search/Продуктовые магазины/rubricId/373/filters/sort=name
Авокадо,минимаркет,Продуктовые магазины,"посёлок городского типа Измайлово, 20а ст1",,142718,,,,Ленинский городской округ,Московская область,Россия,Пн: 00:00-24:00; Вт: 00:00-24:00; Ср: 00:00-24:00; Чт: 00:00-24:00; Пт: 00:00-24:00; Сб: 00:00-24:00; Вс: 00:00-24:00,+03:00,,,89175577141,,,,,,http://авокадо.рф,http://max.ru/avocado_grocery_stores,,,,,,,,,,,,,,https://wa.me/79175577141,,,,,,https://t.me/avocadoswnn,,,,,,,,,70000001064896445,55.56389,37.645029,70030076284182239,,,687,70000001041565312,Авокадо,минимаркет,Продуктовые магазины,shop,1,5,2026-07-07T06:47:36Z,,0,32,https://2gis.com/firm/70000001064896445,branch,7906,https://2gis.ru/moscow/search/Продуктовые магазины/rubricId/373/filters/sort=name
Авокадо,минимаркет,Продуктовые магазины,"СНТ Каскад территория, 1",,140250,Каскад,,,Раменский муниципальный округ,Московская область,Россия,Пн: 10:00-21:00; Вт: 10:00-21:00; Ср: 10:00-21:00; Чт: 10:00-21:00; Пт: 10:00-21:00; Сб: 10:00-21:00; Вс: 10:00-21:00,+03:00,,,88002007575,,,,,,http://авокадо.рф,http://max.ru/avocado_grocery_stores,,,,,,,,,,,,,,,,,,,,https://t.me/avocadoswnn,,,,,,,,,70000001064624097,55.455468,38.343517,70030076288875072,,,687,70000001041565312,Авокадо,минимаркет,Продуктовые магазины,shop,1,0,2026-06-06T04:51:43Z,,0,32,https://2gis.com/firm/70000001064624097,branch,7906,https://2gis.ru/moscow/search/Продуктовые магазины/rubricId/373/filters/sort=name
Авокадо,минимаркет,Продуктовые магазины,"Сиреневая улица, 15",,141035,,,,Мытищи городской округ,Московская область,Россия,Пн: 08:00-23:00; Вт: 08:00-23:00; Ср: 08:00-23:00; Чт: 08:00-23:00; Пт: 08:00-23:00; Сб: 08:00-23:00; Вс: 08:00-23:00,+03:00,,,89169280123,,,,,,http://авокадо.рф,http://max.ru/avocado_grocery_stores,,,,,,,,,,,,,,,,,,,,https://t.me/avocadoswnn,,,,,,,,,70000001064624087,56.00074,37.718421,70030076278100286,,,687,70000001041565312,Авокадо,минимаркет,Продуктовые магазины,shop,1,0,2026-07-07T06:47:19Z,,0,32,https://2gis.com/firm/70000001064624087,branch,7906,https://2gis.ru/moscow/search/Продуктовые магазины/rubricId/373/filters/sort=name
Авокадо,минимаркет,Продуктовые магазины,"Тишково село, 3",,141232,,,,Пушкинский городской округ,Московская область,Россия,Пн: 09:00-21:00; Вт: 09:00-21:00; Ср: 09:00-21:00; Чт: 09:00-21:00; Пт: 09:00-21:00; Сб: 09:00-21:00; Вс: 09:00-21:00,+03:00,,,88002007575,,,,,,http://авокадо.рф,http://max.ru/avocado_grocery_stores,,,,,,,,,,,,,,,,,,,,https://t.me/avocadoswnn,,,,,,,,,70000001064624074,56.087185,37.737618,70030076278014720,,,687,70000001041565312,Авокадо,минимаркет,Продуктовые магазины,shop,1,2,2026-07-07T06:47:28Z,,0,32,https://2gis.com/firm/70000001064624074,branch,7906,https://2gis.ru/moscow/search/Продуктовые магазины/rubricId/373/filters/sort=name
Авокадо,минимаркет,Продуктовые магазины,,,141271,,,,Пушкинский городской округ,Московская область,Россия,Пн: 10:00-22:00; Вт: 10:00-22:00; Ср: 10:00-22:00; Чт: 10:00-22:00; Пт: 10:00-22:00; Сб: 10:00-22:00; Вс: 10:00-22:00,+03:00,,,88002007575,,,,,,http://авокадо.рф,http://max.ru/avocado_grocery_stores,,,,,,,,,,,,,,,,,,,,https://t.me/avocadoswnn,,,,,,,,,70000001064624064,56.157957,37.834797,4504235283307916,,,687,70000001041565312,Авокадо,минимаркет,Продуктовые магазины,shop,1,3,2026-07-07T15:16:04Z,,0,32,https://2gis.com/firm/70000001064624064,branch,7906,https://2gis.ru/moscow/search/Продуктовые магазины/rubricId/373/filters/sort=name
Авокадо,минимаркет,Продуктовые магазины,"деревня Фуньково, 8",,143055,,,,Одинцовский городской округ,Московская область,Россия,Пн: 09:00-22:00; Вт: 09:00-22:00; Ср: 09:00-22:00; Чт: 09:00-22:00; Пт: 09:00-22:00; Сб: 09:00-22:00; Вс: 09:00-22:00,+03:00,5.0,1,88002007575,,,,,,http://авокадо.рф,http://max.ru/avocado_grocery_stores,,,,,,,,,,,,,,,,,,,,https://t.me/avocadoswnn,,,,,,,,,70000001064624057,55.791332,36.84159,70030076268279482,,,687,70000001041565312,Авокадо,минимаркет,Продуктовые магазины,shop,1,1,2022-10-18T08:40:31Z,,0,32,https://2gis.com/firm/70000001064624057,branch,7906,https://2gis.ru/moscow/search/Продуктовые магазины/rubricId/373/filters/sort=name
Авокадо,минимаркет,Продуктовые магазины,"Строительная улица, ст11м",,141580,,,,Химки городской округ,Московская область,Россия,Пн: 08:00-22:00; Вт: 08:00-22:00; Ср: 08:00-22:00; Чт: 08:00-22:00; Пт: 08:00-22:00; Сб: 08:00-22:00; Вс: 08:00-22:00,+03:00,,,89653958126,,,,,,http://авокадо.рф,http://max.ru/avocado_grocery_stores,,,,,,,,,,,,,,,,,,,,https://t.me/avocadoswnn,,,,,,,,,70000001064624034,55.999107,37.369206,70030076213622198,,,687,70000001041565312,Авокадо,минимаркет,Продуктовые магазины,shop,1,0,2026-07-07T06:47:34Z,,0,32,https://2gis.com/firm/70000001064624034,branch,7906,https://2gis.ru/moscow/search/Продуктовые магазины/rubricId/373/filters/sort=name
Авокадо,минимаркет,Продуктовые магазины,"Рябиновая улица, 32",1 этаж,121471,,Очаково-Матвеевское,Москва,,Москва,Россия,Пн: 10:00-21:00; Вт: 10:00-21:00; Ср: 10:00-21:00; Чт: 10:00-21:00; Пт: 10:00-21:00; Сб: 10:00-21:00; Вс: 10:00-21:00,+03:00,3.7,3,89055542905,89502396845,,,,,http://авокадо.рф,http://max.ru/avocado_grocery_stores,,,,,,,,,,,,,,https://wa.me/79055542905,https://wa.me/79502396845,,,,,https://t.me/avocadoswnn,,,,,,,,,70000001075410578,55.69107,37.420385,4504235282699957,,,687,70000001041565312,Авокадо,минимаркет,Продуктовые магазины,shop,1,3,2026-07-07T06:47:19Z,,0,32,https://2gis.com/firm/70000001075410578,branch,7906,https://2gis.ru/moscow/search/Продуктовые магазины/rubricId/373/filters/sort=name
Авокадо,минимаркет,Продуктовые магазины,"Центральная усадьба улица, 18в",,108807,,Филимонковский,,,Москва,Россия,Пн: 08:00-23:00; Вт: 08:00-23:00; Ср: 08:00-23:00; Чт: 08:00-23:00; Пт: 08:00-23:00; Сб: 08:00-23:00; Вс: 08:00-23:00,+03:00,5.0,1,89267985920,,,,,,http://авокадо.рф,http://max.ru/avocado_grocery_stores,,,,,,,,,,,,,,,,,,,,https://t.me/avocadoswnn,,,,,,,,,70000001075347095,55.515023,37.225876,4504235282853573,,,687,70000001041565312,Авокадо,минимаркет,Продуктовые магазины,shop,1,3,2026-07-07T06:47:18Z,,0,32,https://2gis.com/firm/70000001075347095,branch,7906,https://2gis.ru/moscow/search/Продуктовые магазины/rubricId/373/filters/sort=name
Авокадо,минимаркет,Продуктовые магазины,,,140070,,,,Люберцы городской округ,Московская область,Россия,Пн: 09:00-20:00; Вт: 09:00-20:00; Ср: 09:00-20:00; Чт: 09:00-20:00; Пт: 09:00-20:00; Сб: 09:00-20:00; Вс: 09:00-20:00,+03:00,,,88002007575,,,,,,http://авокадо.рф,http://max.ru/avocado_grocery_stores,,,,,,,,,,,,,,,,,,,,https://t.me/avocadoswnn,,,,,,,,,70000001075315846,55.667195,37.950898,4504235283141221,,,687,70000001041565312,Авокадо,минимаркет,Продуктовые магазины,shop,1,4,2026-06-06T04:51:55Z,,0,32,https://2gis.com/firm/70000001075315846,branch,7906,https://2gis.ru/moscow/search/Продуктовые магазины/rubricId/373/filters/sort=name
Авокадо,минимаркет,Продуктовые магазины,,,140051,Коренёво м-н,,,Люберцы городской округ,Московская область,Россия,Пн: 09:00-19:00; Вт: 09:00-19:00; Ср: 09:00-19:00; Чт: 09:00-19:00; Пт: 09:00-19:00; Сб: 09:00-19:00; Вс: 09:00-19:00,+03:00,5.0,1,88002007575,,,,,,http://авокадо.рф,http://max.ru/avocado_grocery_stores,,,,,,,,,,,,,,,,,,,,https://t.me/avocadoswnn,,,,,,,,,70000001074647964,55.676186,37.990617,70030076601831871,,,687,70000001041565312,Авокадо,минимаркет,Продуктовые магазины,shop,1,4,2026-06-06T04:51:47Z,,0,32,https://2gis.com/firm/70000001074647964,branch,7906,https://2gis.ru/moscow/search/Продуктовые магазины/rubricId/373/filters/sort=name
Авокадо,минимаркет,Продуктовые магазины,"Полевая улица, 1",1 этаж,140150,,,,Раменский муниципальный округ,Московская область,Россия,Пн: 08:00-20:00; Вт: 08:00-20:00; Ср: 08:00-20:00; Чт: 08:00-20:00; Пт: 08:00-20:00; Сб: 08:00-20:00; Вс: 08:00-20:00,+03:00,,,88002007575,,,,,,http://авокадо.рф,http://max.ru/avocado_grocery_stores,,,,,,,,,,,,,,,,,,,,https://t.me/avocadoswnn,,,,,,,,,70000001074597827,55.622987,38.075323,4504235282661759,,,687,70000001041565312,Авокадо,минимаркет,Продуктовые магазины,shop,1,5,2026-07-07T06:47:19Z,,0,32,https://2gis.com/firm/70000001074597827,branch,7906,https://2gis.ru/moscow/search/Продуктовые магазины/rubricId/373/filters/sort=name
Авокадо,минимаркет,Продуктовые магазины,"Нагатинская набережная, 22 к2",1 этаж,115533,,Нагатино-Садовники,Москва,,Москва,Россия,Пн: 07:00-24:00; Вт: 07:00-24:00; Ср: 07:00-24:00; Чт: 07:00-24:00; Пт: 07:00-24:00; Сб: 07:00-24:00; Вс: 07:00-24:00,+03:00,2.4,3,88002007575,,,,,,http://авокадо.рф,http://max.ru/avocado_grocery_stores,,,,,,,,,,,,,,,,,,,,https://t.me/avocadoswnn,,,,,,,,,70000001072688653,55.681816,37.654481,4504235282606321,,,687,70000001041565312,Авокадо,минимаркет,Продуктовые магазины,shop,1,8,2026-07-07T07:18:58Z,,0,32,https://2gis.com/firm/70000001072688653,branch,7906,https://2gis.ru/moscow/search/Продуктовые магазины/rubricId/373/filters/sort=name
Авокадо,минимаркет,Продуктовые магазины,"улица Маяковского, вл2",,143185,,,Звенигород,Одинцовский городской округ,Московская область,Россия,Пн: 00:00-24:00; Вт: 00:00-24:00; Ср: 00:00-24:00; Чт: 00:00-24:00; Пт: 00:00-24:00; Сб: 00:00-24:00; Вс: 00:00-24:00,+03:00,,,88002007575,,,,,,http://авокадо.рф,http://max.ru/avocado_grocery_stores,,,,,,,,,,,,,,,,,,,,https://t.me/avocadoswnn,,,,,,,,,70000001070939177,55.74021,36.860805,4504235283107357,,,687,70000001041565312,Авокадо,минимаркет,Продуктовые магазины,shop,1,3,2026-06-06T04:51:42Z,,0,32,https://2gis.com/firm/70000001070939177,branch,7906,https://2gis.ru/moscow/search/Продуктовые магазины/rubricId/373/filters/sort=name
Авокадо,минимаркет,Продуктовые магазины,"улица Гагарина, 2/2",,140152,,,,Раменский муниципальный округ,Московская область,Россия,Пн: 08:00-21:00; Вт: 08:00-21:00; Ср: 08:00-21:00; Чт: 08:00-21:00; Пт: 08:00-21:00; Сб: 08:00-21:00; Вс: 08:00-21:00,+03:00,,,88002007575,,,,,,http://авокадо.рф,http://max.ru/avocado_grocery_stores,,,,,,,,,,,,,,,,,,,,https://t.me/avocadoswnn,,,,,,,,,70000001069153115,55.501615,38.342386,4504235283358811,,,687,70000001041565312,Авокадо,минимаркет,Продуктовые магазины,shop,1,4,2026-07-07T15:13:02Z,,0,32,https://2gis.com/firm/70000001069153115,branch,7906,https://2gis.ru/moscow/search/Продуктовые магазины/rubricId/373/filters/sort=name
Авокадо,минимаркет,Продуктовые магазины,"улица Гурьева, 12а",1 этаж,140109,Центральный м-н,Центральный район,Раменское,Раменский муниципальный округ,Московская область,Россия,Пн: 08:00-22:00; Вт: 08:00-22:00; Ср: 08:00-22:00; Чт: 08:00-22:00; Пт: 08:00-22:00; Сб: 08:00-22:00; Вс: 08:00-22:00,+03:00,4.8,17,89771224395,,,,,,http://авокадо.рф,http://max.ru/avocado_grocery_stores,,,,,,,,,,,,,,,,,,,,https://t.me/avocadoswnn,,,,,,,,,70000001069052413,55.570061,38.237208,4504235283352381,ТЦ Трио,,687,70000001041565312,Авокадо,минимаркет,Продуктовые магазины,shop,1,4,2026-07-07T06:47:20Z,,0,32,https://2gis.com/firm/70000001069052413,branch,7906,https://2gis.ru/moscow/search/Продуктовые магазины/rubricId/373/filters/sort=name
Авокадо,минимаркет,Продуктовые магазины,"улица Ухтомского, ст24а",,140081,1-й м-н,,Лыткарино,Лыткарино городской округ,Московская область,Россия,Пн: 08:00-22:00; Вт: 08:00-22:00; Ср: 08:00-22:00; Чт: 08:00-22:00; Пт: 08:00-22:00; Сб: 08:00-22:00; Вс: 08:00-22:00,+03:00,4.8,12,89032406863,84955521653,84955520332,,,,http://авокадо.рф,http://max.ru/avocado_grocery_stores,,,,,,,,,,,,,,,,,,,,https://t.me/avocadoswnn,,,,,,,,,70000001067125082,55.575429,37.902686,4504235282660106,,,687,70000001041565312,Авокадо,минимаркет,Продуктовые магазины,shop,1,3,2026-07-07T07:18:06Z,,0,32,https://2gis.com/firm/70000001067125082,branch,7906,https://2gis.ru/moscow/search/Продуктовые магазины/rubricId/373/filters/sort=name
Авокадо,минимаркет,Продуктовые магазины,"Вокзальная площадь, 4",,142116,Центральный м-н,,Подольск,Подольск городской округ,Московская область,Россия,Пн: 00:00-24:00; Вт: 00:00-24:00; Ср: 00:00-24:00; Чт: 00:00-24:00; Пт: 00:00-24:00; Сб: 00:00-24:00; Вс: 00:00-24:00,+03:00,4.2,13,89299993354,,,,,,http://авокадо.рф,http://max.ru/avocado_grocery_stores,,,,,,,,,,,,,,,,,,,,https://t.me/avocadoswnn,,,,,,,,,70000001066988579,55.431545,37.564296,4504235282678152,,,687,70000001041565312,Авокадо,минимаркет,Продуктовые магазины,shop,1,4,2026-07-07T06:47:24Z,,0,32,https://2gis.com/firm/70000001066988579,branch,7906,https://2gis.ru/moscow/search/Продуктовые магазины/rubricId/373/filters/sort=name
Авокадо,минимаркет,Продуктовые магазины,"Новая улица, 19Б",,601010,Пищепром м-н,,Киржач,Киржачский район,Владимирская область,Россия,Пн: 08:00-22:00; Вт: 08:00-22:00; Ср: 08:00-22:00; Чт: 08:00-22:00; Пт: 08:00-22:00; Сб: 08:00-22:00; Вс: 08:00-22:00,+03:00,,,88002007575,,,,,,http://авокадо.рф,http://max.ru/avocado_grocery_stores,,,,,,,,,,,,,,,,,,,,https://t.me/avocadoswnn,,,,,,,,,70000001066761561,56.172196,38.866828,4504235283258076,,,687,70000001041565312,Авокадо,минимаркет,Продуктовые магазины,shop,1,3,2026-06-06T04:51:47Z,,0,32,https://2gis.com/firm/70000001066761561,branch,7906,https://2gis.ru/moscow/search/Продуктовые магазины/rubricId/373/filters/sort=name
Авокадо,минимаркет,Продуктовые магазины,"улица 60 лет Октября, 2Б",,601023,,,,Киржачский район,Владимирская область,Россия,Пн: 08:30-21:00; Вт: 08:30-21:00; Ср: 08:30-21:00; Чт: 08:30-21:00; Пт: 08:30-21:00; Сб: 08:30-21:00; Вс: 08:30-21:00 (зимний период: пн-вс 8:30-21:00),+03:00,,,88002007575,,,,,,http://авокадо.рф,http://max.ru/avocado_grocery_stores,,,,,,,,,,,,,,,,,,,,https://t.me/avocadoswnn,,,,,,,,,70000001066761026,56.135596,38.731543,4504235283263409,,,687,70000001041565312,Авокадо,минимаркет,Продуктовые магазины,shop,1,4,2026-07-07T06:47:30Z,,0,32,https://2gis.com/firm/70000001066761026,branch,7906,https://2gis.ru/moscow/search/Продуктовые магазины/rubricId/373/filters/sort=name
Авокадо,минимаркет,Продуктовые магазины,"Комсомольская улица, 4",1 этаж,601023,,,,Киржачский район,Владимирская область,Россия,Пн: 08:00-20:00; Вт: 08:00-20:00; Ср: 08:00-20:00; Чт: 08:00-20:00; Пт: 08:00-20:00; Сб: 08:00-20:00; Вс: 08:00-20:00,+03:00,,,88002007575,,,,,,http://авокадо.рф,http://max.ru/avocado_grocery_stores,,,,,,,,,,,,,,,,,,,,https://t.me/avocadoswnn,,,,,,,,,70000001066761025,56.136539,38.73682,4504235283283336,,,687,70000001041565312,Авокадо,минимаркет,Продуктовые магазины,shop,1,4,2026-06-06T04:51:40Z,,0,32,https://2gis.com/firm/70000001066761025,branch,7906,https://2gis.ru/moscow/search/Продуктовые магазины/rubricId/373/filters/sort=name
Авокадо,минимаркет,Продуктовые магазины,"улица Островского, 18а",,601012,Шёлккомбинат пос.,,Киржач,Киржачский район,Владимирская область,Россия,Пн: 08:00-21:00; Вт: 08:00-21:00; Ср: 08:00-21:00; Чт: 08:00-21:00; Пт: 08:00-21:00; Сб: 08:00-21:00; Вс: 08:00-21:00,+03:00,,,84923725882,,,,,,http://авокадо.рф,http://max.ru/avocado_grocery_stores,,,,,,,,,,,,,,,,,,,,https://t.me/avocadoswnn,,,,,,,,,70000001066730200,56.140691,38.874527,4504235283253513,,,687,70000001041565312,Авокадо,минимаркет,Продуктовые магазины,shop,1,5,2026-07-07T06:47:23Z,,0,32,https://2gis.com/firm/70000001066730200,branch,7906,https://2gis.ru/moscow/search/Продуктовые магазины/rubricId/373/filters/sort=name
Авокадо,минимаркет,Продуктовые магазины,"СНТ Шарль Азнавур, 10",,143441,Шарль Азнавур,,Москва,Красногорск городской округ,Москва,Россия,Пн: 09:00-21:00; Вт: 09:00-21:00; Ср: 09:00-21:00; Чт: 09:00-21:00; Пт: 09:00-21:00; Сб: 09:00-21:00; Вс: 09:00-21:00,+03:00,3.7,3,88002007575,,,,,,http://авокадо.рф,http://max.ru/avocado_grocery_stores,,,,,,,,,,,,,,,,,,,,https://t.me/avocadoswnn,,,,,,,,,70000001066421217,55.876424,37.382095,70030076203819456,,,687,70000001041565312,Авокадо,минимаркет,Продуктовые магазины,shop,1,2,2026-07-07T15:16:42Z,,0,32,https://2gis.com/firm/70000001066421217,branch,7906,https://2gis.ru/moscow/search/Продуктовые магазины/rubricId/373/filters/sort=name
Авокадо,минимаркет,Продуктовые магазины,"Крымская улица, 7",1 этаж,142720,Восточное Бутово м-н,,,Ленинский городской округ,Московская область,Россия,Пн: 09:00-22:00; Вт: 09:00-22:00; Ср: 09:00-22:00; Чт: 09:00-22:00; Пт: 09:00-22:00; Сб: 09:00-22:00; Вс: 09:00-22:00,+03:00,,,89661418558,,,,,,http://авокадо.рф,http://max.ru/avocado_grocery_stores,,,,,,,,,,,,,,,,,,,,https://t.me/avocadoswnn,,,,,,,,,70000001066103440,55.535483,37.613816,70030076149220532,,,687,70000001041565312,Авокадо,минимаркет,Продуктовые магазины,shop,1,5,2026-07-07T07:19:06Z,,0,32,https://2gis.com/firm/70000001066103440,branch,7906,https://2gis.ru/moscow/search/Продуктовые магазины/rubricId/373/filters/sort=name
Авокадо,минимаркет,Продуктовые магазины,"Лесная улица, 2",1 этаж,142720,Восточное Бутово м-н,,,Ленинский городской округ,Московская область,Россия,Пн: 08:00-23:00; Вт: 08:00-23:00; Ср: 08:00-23:00; Чт: 08:00-23:00; Пт: 08:00-23:00; Сб: 08:00-23:00; Вс: 08:00-23:00,+03:00,5.0,1,89254878927,89250330055,,,,,http://авокадо.рф,http://max.ru/avocado_grocery_stores,,,,,,,,,,,,,,https://wa.me/79250330055,,,,,,https://t.me/avocadoswnn,,,,,,,,,70000001066103409,55.538394,37.615649,70030076193275978,,,687,70000001041565312,Авокадо,минимаркет,Продуктовые магазины,shop,1,6,2026-07-07T06:47:29Z,,0,32,https://2gis.com/firm/70000001066103409,branch,7906,https://2gis.ru/moscow/search/Продуктовые магазины/rubricId/373/filters/sort=name
Авокадо,минимаркет,Продуктовые магазины; Табачные изделия и товары для курения,"деревня Марьино, 10Б",,108815,,Филимонковский,,,Москва,Россия,Пн: 08:00-22:00; Вт: 08:00-22:00; Ср: 08:00-22:00; Чт: 08:00-22:00; Пт: 08:00-22:00; Сб: 08:00-22:00; Вс: 08:00-22:00,+03:00,,,88002007575,,,,,,http://авокадо.рф,http://max.ru/avocado_grocery_stores,,,,,,,,,,,,,,,,,,,,https://t.me/avocadoswnn,,,,,,,,,70000001065502470,55.556793,37.328649,4504235282724679,,,687,70000001041565312,Авокадо,минимаркет,Продуктовые магазины,common_store,2,5,2026-07-07T06:47:33Z,,0,32,https://2gis.com/firm/70000001065502470,branch,7906,https://2gis.ru/moscow/search/Продуктовые магазины/rubricId/373/filters/sort=name
Авокадо,минимаркет,Продуктовые магазины,"Новое Бисерово-2, к15",,142451,Новое Бисерово-2 м-н,,,Богородский городской округ,Московская область,Россия,Пн: 09:00-21:00; Вт: 09:00-21:00; Ср: 09:00-21:00; Чт: 09:00-21:00; Пт: 09:00-21:00; Сб: 09:00-21:00; Вс: 09:00-21:00,+03:00,1.4,1,88002007575,,,,,,http://авокадо.рф,http://max.ru/avocado_grocery_stores,,,,,,,,,,,,,,,,,,,,https://t.me/avocadoswnn,,,,,,,,,70000001065405603,55.784617,38.122614,70030076142215826,,,687,70000001041565312,Авокадо,минимаркет,Продуктовые магазины,shop,1,3,2026-06-06T04:51:55Z,,0,32,https://2gis.com/firm/70000001065405603,branch,7906,https://2gis.ru/moscow/search/Продуктовые магазины/rubricId/373/filters/sort=name
Авокадо,минимаркет,Продуктовые магазины,"посёлок городского типа Измайлово, 20а ст1",,142718,,,,Ленинский городской округ,Московская область,Россия,Пн: 00:00-24:00; Вт: 00:00-24:00; Ср: 00:00-24:00; Чт: 00:00-24:00; Пт: 00:00-24:00; Сб: 00:00-24:00; Вс: 00:00-24:00,+03:00,,,89175577141,,,,,,http://авокадо.рф,http://max.ru/avocado_grocery_stores,,,,,,,,,,,,,,https://wa.me/79175577141,,,,,,https://t.me/avocadoswnn,,,,,,,,,70000001064896445,55.56389,37.645029,70030076284182239,,,687,70000001041565312,Авокадо,минимаркет,Продуктовые магазины,shop,1,5,2026-07-07T06:47:36Z,,0,32,https://2gis.com/firm/70000001064896445,branch,7906,https://2gis.ru/moscow/search/Продуктовые магазины/rubricId/373/filters/sort=name
Авокадо,минимаркет,Продуктовые магазины,"СНТ Каскад территория, 1",,140250,Каскад,,,Раменский муниципальный округ,Московская область,Россия,Пн: 10:00-21:00; Вт: 10:00-21:00; Ср: 10:00-21:00; Чт: 10:00-21:00; Пт: 10:00-21:00; Сб: 10:00-21:00; Вс: 10:00-21:00,+03:00,,,88002007575,,,,,,http://авокадо.рф,http://max.ru/avocado_grocery_stores,,,,,,,,,,,,,,,,,,,,https://t.me/avocadoswnn,,,,,,,,,70000001064624097,55.455468,38.343517,70030076288875072,,,687,70000001041565312,Авокадо,минимаркет,Продуктовые магазины,shop,1,0,2026-06-06T04:51:43Z,,0,32,https://2gis.com/firm/70000001064624097,branch,7906,https://2gis.ru/moscow/search/Продуктовые магазины/rubricId/373/filters/sort=name
Авокадо,минимаркет,Продуктовые магазины,"Сиреневая улица, 15",,141035,,,,Мытищи городской округ,Московская область,Россия,Пн: 08:00-23:00; Вт: 08:00-23:00; Ср: 08:00-23:00; Чт: 08:00-23:00; Пт: 08:00-23:00; Сб: 08:00-23:00; Вс: 08:00-23:00,+03:00,,,89169280123,,,,,,http://авокадо.рф,http://max.ru/avocado_grocery_stores,,,,,,,,,,,,,,,,,,,,https://t.me/avocadoswnn,,,,,,,,,70000001064624087,56.00074,37.718421,70030076278100286,,,687,70000001041565312,Авокадо,минимаркет,Продуктовые магазины,shop,1,0,2026-07-07T06:47:19Z,,0,32,https://2gis.com/firm/70000001064624087,branch,7906,https://2gis.ru/moscow/search/Продуктовые магазины/rubricId/373/filters/sort=name
Авокадо,минимаркет,Продуктовые магазины,"Тишково село, 3",,141232,,,,Пушкинский городской округ,Московская область,Россия,Пн: 09:00-21:00; Вт: 09:00-21:00; Ср: 09:00-21:00; Чт: 09:00-21:00; Пт: 09:00-21:00; Сб: 09:00-21:00; Вс: 09:00-21:00,+03:00,,,88002007575,,,,,,http://авокадо.рф,http://max.ru/avocado_grocery_stores,,,,,,,,,,,,,,,,,,,,https://t.me/avocadoswnn,,,,,,,,,70000001064624074,56.087185,37.737618,70030076278014720,,,687,70000001041565312,Авокадо,минимаркет,Продуктовые магазины,shop,1,2,2026-07-07T06:47:28Z,,0,32,https://2gis.com/firm/70000001064624074,branch,7906,https://2gis.ru/moscow/search/Продуктовые магазины/rubricId/373/filters/sort=name
Авокадо,минимаркет,Продуктовые магазины,"Смолёво село, 13",,142643,,,,Орехово-Зуевский городской округ,Московская область,Россия,Пн: 08:00-18:00; Вт: 08:00-18:00; Ср: 08:00-18:00; Чт: 08:00-18:00; Пт: 08:00-18:00; Сб: 08:00-18:00; Вс: 08:00-18:00,+03:00,,,89099872771,,,,,,http://авокадо.рф,http://max.ru/avocado_grocery_stores,,,,,,,,,,,,,,,,,,,,https://t.me/avocadoswnn,,,,,,,,,70000001064624071,55.63332,38.948659,70030076277984013,,,687,70000001041565312,Авокадо,минимаркет,Продуктовые магазины,shop,1,0,2025-04-16T13:30:37Z,,0,32,https://2gis.com/firm/70000001064624071,branch,7906,https://2gis.ru/moscow/search/Продуктовые магазины/rubricId/373/filters/sort=name
Авокадо,минимаркет,Продуктовые магазины,,,141271,,,,Пушкинский городской округ,Московская область,Россия,Пн: 10:00-22:00; Вт: 10:00-22:00; Ср: 10:00-22:00; Чт: 10:00-22:00; Пт: 10:00-22:00; Сб: 10:00-22:00; Вс: 10:00-22:00,+03:00,,,88002007575,,,,,,http://авокадо.рф,http://max.ru/avocado_grocery_stores,,,,,,,,,,,,,,,,,,,,https://t.me/avocadoswnn,,,,,,,,,70000001064624064,56.157957,37.834797,4504235283307916,,,687,70000001041565312,Авокадо,минимаркет,Продуктовые магазины,shop,1,3,2026-07-07T15:16:04Z,,0,32,https://2gis.com/firm/70000001064624064,branch,7906,https://2gis.ru/moscow/search/Продуктовые магазины/rubricId/373/filters/sort=name
Авокадо,минимаркет,Продуктовые магазины,"деревня Фуньково, 8",,143055,,,,Одинцовский городской округ,Московская область,Россия,Пн: 09:00-22:00; Вт: 09:00-22:00; Ср: 09:00-22:00; Чт: 09:00-22:00; Пт: 09:00-22:00; Сб: 09:00-22:00; Вс: 09:00-22:00,+03:00,5.0,1,88002007575,,,,,,http://авокадо.рф,http://max.ru/avocado_grocery_stores,,,,,,,,,,,,,,,,,,,,https://t.me/avocadoswnn,,,,,,,,,70000001064624057,55.791332,36.84159,70030076268279482,,,687,70000001041565312,Авокадо,минимаркет,Продуктовые магазины,shop,1,1,2022-10-18T08:40:31Z,,0,32,https://2gis.com/firm/70000001064624057,branch,7906,https://2gis.ru/moscow/search/Продуктовые магазины/rubricId/373/filters/sort=name
Авокадо,минимаркет,Продуктовые магазины,"Строительная улица, ст11м",,141580,,,,Химки городской округ,Московская область,Россия,Пн: 08:00-22:00; Вт: 08:00-22:00; Ср: 08:00-22:00; Чт: 08:00-22:00; Пт: 08:00-22:00; Сб: 08:00-22:00; Вс: 08:00-22:00,+03:00,,,89653958126,,,,,,http://авокадо.рф,http://max.ru/avocado_grocery_stores,,,,,,,,,,,,,,,,,,,,https://t.me/avocadoswnn,,,,,,,,,70000001064624034,55.999107,37.369206,70030076213622198,,,687,70000001041565312,Авокадо,минимаркет,Продуктовые магазины,shop,1,0,2026-07-07T06:47:34Z,,0,32,https://2gis.com/firm/70000001064624034,branch,7906,https://2gis.ru/moscow/search/Продуктовые магазины/rubricId/373/filters/sort=name
Авокадо,минимаркет,Продуктовые магазины,"Полевая улица, 4",,140200,Медведка м-н,,Воскресенск,Воскресенск городской округ,Московская область,Россия,Пн: 09:00-21:00; Вт: 09:00-21:00; Ср: 09:00-21:00; Чт: 09:00-21:00; Пт: 09:00-21:00; Сб: 09:00-21:00; Вс: 09:00-21:00,+03:00,,,89162200061,,,,,,http://авокадо.рф,http://max.ru/avocado_grocery_stores,,,,,,,,,,,,,,,,,,,,https://t.me/avocadoswnn,,,,,,,,,70000001064624031,55.299402,38.729911,70030076206671759,,,687,70000001041565312,Авокадо,минимаркет,Продуктовые магазины,shop,1,2,2022-10-18T08:54:50Z,,0,32,https://2gis.com/firm/70000001064624031,branch,7906,https://2gis.ru/moscow/search/Продуктовые магазины/rubricId/373/filters/sort=name
Авокадо,минимаркет,Продуктовые магазины,"Воздвиженское село, 24",,141362,,,,Сергиево-Посадский городской округ,Московская область,Россия,Пн: 08:00-23:00; Вт: 08:00-23:00; Ср: 08:00-23:00; Чт: 08:00-23:00; Пт: 08:00-23:00; Сб: 08:00-23:00; Вс: 09:00-21:00,+03:00,,,89104158931,,,,,,http://авокадо.рф,http://max.ru/avocado_grocery_stores,,,,,,,,,,,,,,,,,,,,https://t.me/avocadoswnn,,,,,,,,,70000001064623977,56.19839,38.061995,4504235283384596,,,687,70000001041565312,Авокадо,минимаркет,Продуктовые магазины,shop,1,3,2026-07-07T06:47:33Z,,0,32,https://2gis.com/firm/70000001064623977,branch,7906,https://2gis.ru/moscow/search/Продуктовые магазины/rubricId/373/filters/sort=name
Авокадо,минимаркет,Продуктовые магазины,"деревня Малая Дубна, 15г",1 этаж,142631,,,,Орехово-Зуевский городской округ,Московская область,Россия,Пн: 08:00-19:00; Вт: 08:00-19:00; Ср: 08:00-19:00; Чт: 08:00-19:00; Пт: 08:00-19:00; Сб: 08:00-18:00; Вс: 08:00-18:00,+03:00,,,89255991090,,,,,,http://авокадо.рф,http://max.ru/avocado_grocery_stores,,,,,,,,,,,,,,,,,,,,https://t.me/avocadoswnn,,,,,,,,,70000001064623967,55.876997,38.957408,4504235283380933,,,687,70000001041565312,Авокадо,минимаркет,Продуктовые магазины,shop,1,3,2026-07-07T06:47:22Z,,0,32,https://2gis.com/firm/70000001064623967,branch,7906,https://2gis.ru/moscow/search/Продуктовые магазины/rubricId/373/filters/sort=name
Авокадо,минимаркет,Продуктовые магазины,"Гришино деревня, 29",,141862,,,,Дмитровский муниципальный округ,Московская область,Россия,Пн: 09:00-21:00; Вт: 09:00-21:00; Ср: 09:00-21:00; Чт: 09:00-21:00; Пт: 09:00-21:00; Сб: 09:00-21:00; Вс: 09:00-21:00,+03:00,4.5,2,88002007575,,,,,,http://авокадо.рф,http://max.ru/avocado_grocery_stores,,,,,,,,,,,,,,,,,,,,https://t.me/avocadoswnn,,,,,,,,,70000001064623943,56.215,37.66095,4504235283300512,,,687,70000001041565312,Авокадо,минимаркет,Продуктовые магазины,shop,1,0,2026-07-07T06:47:18Z,,0,32,https://2gis.com/firm/70000001064623943,branch,7906,https://2gis.ru/moscow/search/Продуктовые магазины/rubricId/373/filters/sort=name
Авокадо,минимаркет,Продуктовые магазины,"Западный микрорайон, 7",цокольный этаж,141270,Западный м-н,,,Пушкинский городской округ,Московская область,Россия,Пн: 08:00-22:00; Вт: 08:00-22:00; Ср: 08:00-22:00; Чт: 08:00-22:00; Пт: 08:00-22:00; Сб: 08:00-22:00; Вс: 08:00-22:00,+03:00,,,89164282538,,,,,,http://авокадо.рф,http://max.ru/avocado_grocery_stores,,,,,,,,,,,,,,,,,,,,https://t.me/avocadoswnn,,,,,,,,,70000001064623939,56.140575,37.925233,4504235283275106,,,687,70000001041565312,Авокадо,минимаркет,Продуктовые магазины,shop,1,5,2026-07-07T07:18:38Z,,0,32,https://2gis.com/firm/70000001064623939,branch,7906,https://2gis.ru/moscow/search/Продуктовые магазины/rubricId/373/filters/sort=name
Авокадо,минимаркет,Продуктовые магазины,"Центральная улица, 2Б",,141271,,,,Пушкинский городской округ,Московская область,Россия,Пн: 10:00-21:00; Вт: 10:00-21:00; Ср: 10:00-21:00; Чт: 10:00-21:00; Пт: 10:00-21:00; Сб: 10:00-21:00; Вс: 10:00-21:00,+03:00,,,89168478990,,,,,,http://авокадо.рф,http://max.ru/avocado_grocery_stores,,,,,,,,,,,,,,,,,,,,https://t.me/avocadoswnn,,,,,,,,,70000001064623887,56.143631,37.865861,4504235283238190,,,687,70000001041565312,Авокадо,минимаркет,Продуктовые магазины,shop,1,0,2026-07-07T06:47:24Z,,0,32,https://2gis.com/firm/70000001064623887,branch,7906,https://2gis.ru/moscow/search/Продуктовые магазины/rubricId/373/filters/sort=name
Авокадо,минимаркет,Продуктовые магазины,"Центральная улица, ст91",,141051,,,,Мытищи городской округ,Московская область,Россия,Пн: 09:00-23:00; Вт: 09:00-23:00; Ср: 09:00-23:00; Чт: 09:00-23:00; Пт: 09:00-23:00; Сб: 09:00-23:00; Вс: 09:00-23:00,+03:00,,,88002007575,,,,,,http://авокадо.рф,http://max.ru/avocado_grocery_stores,,,,,,,,,,,,,,,,,,,,https://t.me/avocadoswnn,,,,,,,,,70000001064623827,56.007867,37.585697,4504235282875319,,,687,70000001041565312,Авокадо,минимаркет,Продуктовые магазины,shop,1,0,2026-06-06T04:51:55Z,,0,32,https://2gis.com/firm/70000001064623827,branch,7906,https://2gis.ru/moscow/search/Продуктовые магазины/rubricId/373/filters/sort=name
Авокадо,минимаркет,Продуктовые магазины,"Центральная улица, 22",,141035,,,,Мытищи городской округ,Московская область,Россия,Пн: 09:00-22:00; Вт: 09:00-22:00; Ср: 09:00-22:00; Чт: 09:00-22:00; Пт: 09:00-22:00; Сб: 09:00-22:00; Вс: 09:00-21:00,+03:00,3.6,2,84955838200,,,,,,http://авокадо.рф,http://max.ru/avocado_grocery_stores,,,,,,,,,,,,,,,,,,,,https://t.me/avocadoswnn,,,,,,,,,70000001064623820,56.044707,37.671924,4504235282868255,,,687,70000001041565312,Авокадо,минимаркет,Продуктовые магазины,shop,1,0,2026-07-07T06:47:20Z,,0,32,https://2gis.com/firm/70000001064623820,branch,7906,https://2gis.ru/moscow/search/Продуктовые магазины/rubricId/373/filters/sort=name
Авокадо,минимаркет,Продуктовые магазины,"Советская улица, 2",,140102,,,,Раменский муниципальный округ,Московская область,Россия,Пн: 08:00-22:00; Вт: 08:00-22:00; Ср: 08:00-22:00; Чт: 08:00-22:00; Пт: 08:00-22:00; Сб: 08:00-22:00; Вс: 08:00-22:00,+03:00,,,89265957174,,,,,,http://авокадо.рф,http://max.ru/avocado_grocery_stores,,,,,,,,,,,,,,,,,,,,https://t.me/avocadoswnn,,,,,,,,,70000001064623793,55.542358,38.197768,4504235282811525,,,687,70000001041565312,Авокадо,минимаркет,Продуктовые магазины,shop,1,0,2026-07-07T06:47:24Z,,0,32,https://2gis.com/firm/70000001064623793,branch,7906,https://2gis.ru/moscow/search/Продуктовые магазины/rubricId/373/filters/sort=name
Авокадо,минимаркет,Продуктовые магазины,"Советская улица, 12а",,141143,,,,Щёлково городской округ,Московская область,Россия,Пн: 07:00-24:00; Вт: 07:00-24:00; Ср: 07:00-24:00; Чт: 07:00-24:00; Пт: 07:00-24:00; Сб: 07:00-24:00; Вс: 07:00-24:00,+03:00,,,89162376598,89856824868,,,,,http://авокадо.рф,http://max.ru/avocado_grocery_stores,,,,,,,,,,,,,,https://wa.me/79856824868,https://wa.me/79162376598,,,,,https://t.me/avocadoswnn,,,,,,,,,70000001064533802,55.856805,37.975877,4504235282821396,,,687,70000001041565312,Авокадо,минимаркет,Продуктовые магазины,shop,1,4,2026-07-07T07:19:01Z,,0,32,https://2gis.com/firm/70000001064533802,branch,7906,https://2gis.ru/moscow/search/Продуктовые магазины/rubricId/373/filters/sort=name
Авокадо,минимаркет,Продуктовые магазины,"Дмитровская улица, 2а",,141051,,,,Мытищи городской округ,Московская область,Россия,Пн: 00:00-24:00; Вт: 00:00-24:00; Ср: 00:00-24:00; Чт: 00:00-24:00; Пт: 00:00-24:00; Сб: 00:00-24:00; Вс: 00:00-24:00,+03:00,,,88002007575,,,,,,http://авокадо.рф,http://max.ru/avocado_grocery_stores,,,,,,,,,,,,,,,,,,,,https://t.me/avocadoswnn,,,,,,,,,70000001064423799,56.004896,37.541132,4504235283167077,,,687,70000001041565312,Авокадо,минимаркет,Продуктовые магазины,shop,1,3,2022-09-20T15:03:54Z,,0,32,https://2gis.com/firm/70000001064423799,branch,7906,https://2gis.ru/moscow/search/Продуктовые магазины/rubricId/373/filters/sort=name
Авокадо,минимаркет,Продуктовые магазины,"улица Беляева, 16Б",,141104,Щёлково-4 м-н,,Щёлково,Щёлково городской округ,Московская область,Россия,Пн: 08:00-23:00; Вт: 08:00-23:00; Ср: 08:00-23:00; Чт: 08:00-23:00; Пт: 08:00-23:00; Сб: 08:00-23:00; Вс: 08:00-23:00,+03:00,3.0,1,89037393190,,,,,,http://авокадо.рф,http://max.ru/avocado_grocery_stores,,,,,,,,,,,,,,,,,,,,https://t.me/avocadoswnn,,,,,,,,,70000001063949258,55.876475,38.088319,4504235282668737,,,687,70000001041565312,Авокадо,минимаркет,Продуктовые магазины,shop,1,5,2026-07-07T06:47:21Z,,0,32,https://2gis.com/firm/70000001063949258,branch,7906,https://2gis.ru/moscow/search/Продуктовые магазины/rubricId/373/filters/sort=name
Авокадо,минимаркет,Продуктовые магазины,"Железнодорожная улица, 2Б ст9",,141250,,,,Пушкинский городской округ,Московская область,Россия,Пн: 08:00-21:00; Вт: 08:00-21:00; Ср: 08:00-21:00; Чт: 08:00-21:00; Пт: 08:00-21:00; Сб: 08:00-21:00; Вс: 08:00-21:00,+03:00,,,88002007575,,,,,,http://авокадо.рф,http://max.ru/avocado_grocery_stores,,,,,,,,,,,,,,,,,,,,https://t.me/avocadoswnn,,,,,,,,,70000001063570244,56.161932,37.946394,4504235283271247,,,687,70000001041565312,Авокадо,минимаркет,Продуктовые магазины,shop,1,2,2026-07-07T06:47:30Z,,0,32,https://2gis.com/firm/70000001063570244,branch,7906,https://2gis.ru/moscow/search/Продуктовые магазины/rubricId/373/filters/sort=name
Авокадо,минимаркет,Продуктовые магазины,"улица Ленина, 9а",2 этаж,141212,,,,Пушкинский городской округ,Московская область,Россия,Пн: 00:00-24:00; Вт: 00:00-24:00; Ср: 00:00-24:00; Чт: 00:00-24:00; Пт: 00:00-24:00; Сб: 00:00-24:00; Вс: 00:00-24:00,+03:00,,,88002007575,,,,,,http://авокадо.рф,http://max.ru/avocado_grocery_stores,,,,,,,,,,,,,,,,,,,,https://t.me/avocadoswnn,,,,,,,,,70000001063396947,55.957797,37.86069,4504235282653168,,,687,70000001041565312,Авокадо,минимаркет,Продуктовые магазины,shop,1,4,2026-07-07T06:47:28Z,,0,32,https://2gis.com/firm/70000001063396947,branch,7906,https://2gis.ru/moscow/search/Продуктовые магазины/rubricId/373/filters/sort=name
Авокадо,минимаркет,Продуктовые магазины,"Пушкинская улица, 54",1 этаж,141230,Клязьма м-н,,Пушкино,Пушкинский городской округ,Московская область,Россия,Пн: 08:00-23:00; Вт: 08:00-23:00; Ср: 08:00-23:00; Чт: 08:00-23:00; Пт: 08:00-23:00; Сб: 08:00-23:00; Вс: 08:00-23:00,+03:00,2.3,2,88002007575,,,,,,http://авокадо.рф,http://max.ru/avocado_grocery_stores,,,,,,,,,,,,,,,,,,,,https://t.me/avocadoswnn,,,,,,,,,70000001063390293,55.979472,37.84613,4504235282783962,,,687,70000001041565312,Авокадо,минимаркет,Продуктовые магазины,shop,1,5,2026-06-06T04:51:45Z,,0,32,https://2gis.com/firm/70000001063390293,branch,7906,https://2gis.ru/moscow/search/Продуктовые магазины/rubricId/373/filters/sort=name
Авокадо,минимаркет,Продуктовые магазины,"Военно-Морская улица, ст1",,141560,Адмиралтейский м-н,,,Солнечногорск городской округ,Московская область,Россия,Пн: 00:00-24:00; Вт: 00:00-24:00; Ср: 00:00-24:00; Чт: 00:00-24:00; Пт: 00:00-24:00; Сб: 00:00-24:00; Вс: 00:00-24:00,+03:00,,,89057481079,,,,,,http://авокадо.рф,http://max.ru/avocado_grocery_stores,,,,,,,,,,,,,,,,,,,,https://t.me/avocadoswnn,,,,,,,,,70000001063168949,55.998217,37.128257,4504235326600051,,,687,70000001041565312,Авокадо,минимаркет,Продуктовые магазины,shop,1,2,2025-10-17T08:50:32Z,,0,32,https://2gis.com/firm/70000001063168949,branch,7906,https://2gis.ru/moscow/search/Продуктовые магазины/rubricId/373/filters/sort=name
Авокадо,минимаркет,Продуктовые магазины,"Военно-Морская улица, 1Б",,141560,Адмиралтейский м-н,,,Солнечногорск городской округ,Московская область,Россия,Пн: 00:00-24:00; Вт: 00:00-24:00; Ср: 00:00-24:00; Чт: 00:00-24:00; Пт: 00:00-24:00; Сб: 00:00-24:00; Вс: 00:00-24:00,+03:00,,,88002007575,,,,,,http://авокадо.рф,http://max.ru/avocado_grocery_stores,,,,,,,,,,,,,,,,,,,,https://t.me/avocadoswnn,,,,,,,,,70000001063128571,55.998441,37.127876,4504235282884461,,,687,70000001041565312,Авокадо,минимаркет,Продуктовые магазины,shop,1,2,2026-07-07T06:47:34Z,,0,32,https://2gis.com/firm/70000001063128571,branch,7906,https://2gis.ru/moscow/search/Продуктовые магазины/rubricId/373/filters/sort=name
Авокадо,минимаркет,Продуктовые магазины,"улица Мичурина, 7",1 этаж,141076,,,Королёв,Королёв городской округ,Московская область,Россия,Пн: 09:00-22:00; Вт: 09:00-22:00; Ср: 09:00-22:00; Чт: 09:00-22:00; Пт: 09:00-22:00; Сб: 09:00-22:00; Вс: 09:00-22:00,+03:00,4.3,7,89652145454,,,,,,http://авокадо.рф,http://max.ru/avocado_grocery_stores,,,,,,,,,,,,,,,,,,,,https://t.me/avocadoswnn,,,,,,,,,70000001062981395,55.906659,37.847671,4504235282614136,,,687,70000001041565312,Авокадо,минимаркет,Продуктовые магазины,shop,1,4,2026-07-07T06:47:30Z,,0,32,https://2gis.com/firm/70000001062981395,branch,7906,https://2gis.ru/moscow/search/Продуктовые магазины/rubricId/373/filters/sort=name
Авокадо,минимаркет,Продуктовые магазины,"проезд Шокальского, 33",1 этаж,127221,,Северное Медведково,Москва,,Москва,Россия,Пн: 08:00-22:00; Вт: 08:00-22:00; Ср: 08:00-22:00; Чт: 08:00-22:00; Пт: 08:00-22:00; Сб: 08:00-22:00; Вс: 08:00-22:00,+03:00,3.3,2,89851820008,,,,,,,,,,,,,,,,,,,,,,,,,,,,,,,,,,,,70000001062980517,55.882735,37.648222,70030076164525529,,,1,70000001062980516,Авокадо,минимаркет,Продуктовые магазины,shop,1,7,2026-07-07T06:47:30Z,,0,32,https://2gis.com/firm/70000001062980517,branch,7906,https://2gis.ru/moscow/search/Продуктовые магазины/rubricId/373/filters/sort=name
Авокадо,минимаркет,Продуктовые магазины,"улица Воровского, 14",1 этаж,140105,,Западный район,Раменское,Раменский муниципальный округ,Московская область,Россия,Пн: 08:00-22:00; Вт: 08:00-22:00; Ср: 08:00-22:00; Чт: 08:00-22:00; Пт: 08:00-22:00; Сб: 08:00-22:00; Вс: 08:00-22:00,+03:00,,,88002007575,,,,,,http://авокадо.рф,http://max.ru/avocado_grocery_stores,,,,,,,,,,,,,,,,,,,,https://t.me/avocadoswnn,,,,,,,,,70000001062923352,55.573557,38.209017,4504235282664672,,,687,70000001041565312,Авокадо,минимаркет,Продуктовые магазины,shop,1,6,2026-07-07T06:47:22Z,,0,32,https://2gis.com/firm/70000001062923352,branch,7906,https://2gis.ru/moscow/search/Продуктовые магазины/rubricId/373/filters/sort=name
Авокадо,минимаркет,Продуктовые магазины,"Первомайская улица, 1/2",1 этаж,140152,,,,Раменский муниципальный округ,Московская область,Россия,Пн: 08:00-21:00; Вт: 08:00-21:00; Ср: 08:00-21:00; Чт: 08:00-21:00; Пт: 08:00-21:00; Сб: 08:00-21:00; Вс: 08:00-21:00,+03:00,,,88002007575,,,,,,http://авокадо.рф,http://max.ru/avocado_grocery_stores,,,,,,,,,,,,,,,,,,,,https://t.me/avocadoswnn,,,,,,,,,70000001062521689,55.510513,38.342217,4504235283357888,,,687,70000001041565312,Авокадо,минимаркет,Продуктовые магазины,shop,1,4,2026-06-06T04:51:55Z,,0,32,https://2gis.com/firm/70000001062521689,branch,7906,https://2gis.ru/moscow/search/Продуктовые магазины/rubricId/373/filters/sort=name
Авокадо,минимаркет,Продуктовые магазины,"бульвар Генерала Ремезова, 4",,143040,,,Голицыно,Одинцовский городской округ,Московская область,Россия,Пн: 08:00-22:00; Вт: 08:00-22:00; Ср: 08:00-22:00; Чт: 08:00-22:00; Пт: 08:00-22:00; Сб: 08:00-22:00; Вс: 08:00-22:00,+03:00,1.0,1,88002007575,,,,,,http://авокадо.рф,http://max.ru/avocado_grocery_stores,,,,,,,,,,,,,,,,,,,,https://t.me/avocadoswnn,,,,,,,,,70000001062521649,55.618434,36.981678,4504235283099116,,,687,70000001041565312,Авокадо,минимаркет,Продуктовые магазины,shop,1,4,2026-07-07T06:47:22Z,,0,32,https://2gis.com/firm/70000001062521649,branch,7906,https://2gis.ru/moscow/search/Продуктовые магазины/rubricId/373/filters/sort=name
Авокадо,минимаркет,Продуктовые магазины,,,140152,,,,Раменский муниципальный округ,Московская область,Россия,Пн: 07:00-23:00; Вт: 07:00-23:00; Ср: 07:00-23:00; Чт: 07:00-23:00; Пт: 07:00-23:00; Сб: 07:00-23:00; Вс: 07:00-23:00,+03:00,,,89031685045,,,,,,http://авокадо.рф,http://max.ru/avocado_grocery_stores,,,,,,,,,,,,,,,,,,,,https://t.me/avocadoswnn,,,,,,,,,70000001062442611,55.498466,38.365157,70030076165287855,,,687,70000001041565312,Авокадо,минимаркет,Продуктовые магазины,shop,1,4,2026-07-07T07:18:50Z,,0,32,https://2gis.com/firm/70000001062442611,branch,7906,https://2gis.ru/moscow/search/Продуктовые магазины/rubricId/373/filters/sort=name
Авокадо,минимаркет,Продуктовые магазины,"Голубинская улица, 32/2",1 этаж,117463,,Ясенево,Москва,,Москва,Россия,Пн: 08:00-22:00; Вт: 08:00-22:00; Ср: 08:00-22:00; Чт: 08:00-22:00; Пт: 08:00-22:00; Сб: 08:00-22:00; Вс: 08:00-22:00,+03:00,4.0,1,88002007575,,,,,,http://авокадо.рф,http://max.ru/avocado_grocery_stores,,,,,,,,,,,,,,,,,,,,https://t.me/avocadoswnn,,,,,,,,,70000001062304484,55.594643,37.544446,4504235282557498,,,687,70000001041565312,Авокадо,минимаркет,Продуктовые магазины,shop,1,5,2026-07-07T07:19:13Z,,0,32,https://2gis.com/firm/70000001062304484,branch,7906,https://2gis.ru/moscow/search/Продуктовые магазины/rubricId/373/filters/sort=name
Авокадо,минимаркет,Продуктовые магазины,"Домодедовское шоссе, 23а",1 этаж,142116,Залинейный м-н,,Подольск,Подольск городской округ,Московская область,Россия,Пн: 00:00-24:00; Вт: 00:00-24:00; Ср: 00:00-24:00; Чт: 00:00-24:00; Пт: 00:00-24:00; Сб: 00:00-24:00; Вс: 00:00-24:00,+03:00,4.9,1,88002007575,,,,,,http://авокадо.рф,http://max.ru/avocado_grocery_stores,,,,,,,,,,,,,,,,,,,,https://t.me/avocadoswnn,,,,,,,,,70000001061954301,55.439032,37.582321,4504235282806885,,,687,70000001041565312,Авокадо,минимаркет,Продуктовые магазины,shop,1,3,2026-07-07T06:47:34Z,,0,32,https://2gis.com/firm/70000001061954301,branch,7906,https://2gis.ru/moscow/search/Продуктовые магазины/rubricId/373/filters/sort=name
Авокадо,минимаркет,Продуктовые магазины,"Верея деревня, 406Б",,140153,,,,Раменский муниципальный округ,Московская область,Россия,Пн: 08:00-22:00; Вт: 08:00-22:00; Ср: 08:00-22:00; Чт: 08:00-22:00; Пт: 08:00-22:00; Сб: 08:00-22:00; Вс: 08:00-22:00,+03:00,,,88002007575,,,,,,http://авокадо.рф,http://max.ru/avocado_grocery_stores,,,,,,,,,,,,,,,,,,,,https://t.me/avocadoswnn,,,,,,,,,70000001061950865,55.614372,38.041111,70030076143142285,,,687,70000001041565312,Авокадо,минимаркет,Продуктовые магазины,shop,1,2,2026-06-06T04:51:54Z,,0,32,https://2gis.com/firm/70000001061950865,branch,7906,https://2gis.ru/moscow/search/Продуктовые магазины/rubricId/373/filters/sort=name
Авокадо,минимаркет,Продуктовые магазины,"улица Электропосёлок, 3а",,140033,,,,Люберцы городской округ,Московская область,Россия,Пн: 08:00-22:00; Вт: 08:00-22:00; Ср: 08:00-22:00; Чт: 08:00-22:00; Пт: 08:00-22:00; Сб: 08:00-22:00; Вс: 08:00-22:00,+03:00,5.0,1,89777295321,,,,,,http://авокадо.рф,http://max.ru/avocado_grocery_stores,,,,,,,,,,,,,,,,,,,,https://t.me/avocadoswnn,,,,,,,,,70000001061600813,55.632559,38.018311,4504235282661547,,,687,70000001041565312,Авокадо,минимаркет,Продуктовые магазины,shop,1,6,2026-07-07T08:55:15Z,,0,32,https://2gis.com/firm/70000001061600813,branch,7906,https://2gis.ru/moscow/search/Продуктовые магазины/rubricId/373/filters/sort=name
Авокадо,минимаркет,Продуктовые магазины,"Зеленоград, к522",,124536,5А МЖК м-н,Савёлки,Зеленоград,,Москва,Россия,Пн: 09:00-22:00; Вт: 09:00-22:00; Ср: 09:00-22:00; Чт: 09:00-22:00; Пт: 09:00-22:00; Сб: 09:00-22:00; Вс: 09:00-22:00,+03:00,3.1,4,88002007575,,,,,,http://авокадо.рф,http://max.ru/avocado_grocery_stores,,,,,,,,,,,,,,,,,,,,https://t.me/avocadoswnn,,,,,,,,,70000001061377003,55.992303,37.253202,4504235282937034,,,687,70000001041565312,Авокадо,минимаркет,Продуктовые магазины,shop,1,4,2026-07-07T06:47:34Z,,0,32,https://2gis.com/firm/70000001061377003,branch,7906,https://2gis.ru/moscow/search/Продуктовые магазины/rubricId/373/filters/sort=name
Авокадо,минимаркет,Продуктовые магазины,"Заводской проезд, 4",15 помещение; 1 этаж,143903,Балашиха-3 м-н,,Балашиха,Балашиха городской округ,Московская область,Россия,Пн: 08:00-21:00; Вт: 08:00-21:00; Ср: 08:00-21:00; Чт: 08:00-21:00; Пт: 08:00-21:00; Сб: 08:00-21:00; Вс: 08:00-21:00,+03:00,5.0,1,88002007575,,,,,,http://авокадо.рф,http://max.ru/avocado_grocery_stores,,,,,,,,,,,,,,,,,,,,https://t.me/avocadoswnn,,,,,,,,,70000001061266085,55.805385,37.981933,4504235282620390,,,687,70000001041565312,Авокадо,минимаркет,Продуктовые магазины,shop,1,4,2025-10-28T13:11:57Z,,0,32,https://2gis.com/firm/70000001061266085,branch,7906,https://2gis.ru/moscow/search/Продуктовые магазины/rubricId/373/filters/sort=name
Авокадо,минимаркет,Продуктовые магазины; Хозтовары,"Новая улица, 8",,140170,,,,Раменский муниципальный округ,Московская область,Россия,Пн: 08:00-21:00; Вт: 08:00-21:00; Ср: 08:00-21:00; Чт: 08:00-21:00; Пт: 08:00-21:00; Сб: 08:00-21:00; Вс: 08:00-21:00,+03:00,,,88002007575,,,,,,http://авокадо.рф,http://max.ru/avocado_grocery_stores,,,,,,,,,,,,,,,,,,,,https://t.me/avocadoswnn,,,,,,,,,70000001060736727,55.388289,38.189795,70030076276013026,,,687,70000001041565312,Авокадо,минимаркет,Продуктовые магазины,common_store,2,2,2026-07-07T06:47:27Z,,0,32,https://2gis.com/firm/70000001060736727,branch,7906,https://2gis.ru/moscow/search/Продуктовые магазины/rubricId/373/filters/sort=name
Авокадо,минимаркет,Продуктовые магазины,"Первомайская улица, 7а",,143540,,,,Истра муниципальный округ,Московская область,Россия,Пн: 08:00-22:00; Вт: 08:00-22:00; Ср: 08:00-22:00; Чт: 08:00-22:00; Пт: 08:00-22:00; Сб: 08:00-22:00; Вс: 08:00-22:00,+03:00,,,88002007575,,,,,,http://авокадо.рф,http://max.ru/avocado_grocery_stores,,,,,,,,,,,,,,,,,,,,https://t.me/avocadoswnn,,,,,,,,,70000001060551166,55.890967,36.927898,70030076126770185,,,687,70000001041565312,Авокадо,минимаркет,Продуктовые магазины,shop,1,0,2026-06-06T04:51:42Z,,0,32,https://2gis.com/firm/70000001060551166,branch,7906,https://2gis.ru/moscow/search/Продуктовые магазины/rubricId/373/filters/sort=name
Авокадо,минимаркет,Продуктовые магазины; Табачные изделия и товары для курения,"Сельскохозяйственная улица, 18 к1",1 этаж,129226,,Ростокино,Москва,,Москва,Россия,Пн: 08:00-23:00; Вт: 08:00-23:00; Ср: 08:00-23:00; Чт: 08:00-23:00; Пт: 08:00-23:00; Сб: 08:00-23:00; Вс: 08:00-23:00,+03:00,3.2,2,88002007575,,,,,,http://авокадо.рф,http://max.ru/avocado_grocery_stores,,,,,,,,,,,,,,,,,,,,https://t.me/avocadoswnn,,,,,,,,,70000001060205110,55.837338,37.643818,4504235295677910,,,687,70000001041565312,Авокадо,минимаркет,Продуктовые магазины,common_store,2,6,2026-07-07T06:47:21Z,,0,32,https://2gis.com/firm/70000001060205110,branch,7906,https://2gis.ru/moscow/search/Продуктовые магазины/rubricId/373/filters/sort=name
Авокадо,минимаркет,Продуктовые магазины,"улица Свободы, ст9а",,143983,Керамик м-н,,Балашиха,Балашиха городской округ,Московская область,Россия,Пн: 08:00-23:00; Вт: 08:00-23:00; Ср: 08:00-23:00; Чт: 08:00-23:00; Пт: 08:00-23:00; Сб: 08:00-23:00; Вс: 08:00-23:00,+03:00,4.0,4,88002007575,,,,,,http://авокадо.рф,http://max.ru/avocado_grocery_stores,,,,,,,,,,,,,,,,,,,,https://t.me/avocadoswnn,,,,,,,,,70000001060006835,55.746574,37.967561,4504235282622811,,,687,70000001041565312,Авокадо,минимаркет,Продуктовые магазины,shop,1,5,2026-06-06T04:51:45Z,,0,32,https://2gis.com/firm/70000001060006835,branch,7906,https://2gis.ru/moscow/search/Продуктовые магазины/rubricId/373/filters/sort=name
Авокадо,минимаркет,Продуктовые магазины,"Речная улица, 9",1 этаж,143981,Кучино м-н,,Балашиха,Балашиха городской округ,Московская область,Россия,Пн: 09:30-22:00; Вт: 09:30-22:00; Ср: 09:30-22:00; Чт: 09:30-22:00; Пт: 09:30-22:00; Сб: 09:30-22:00; Вс: 09:30-22:00,+03:00,4.0,1,89259850100,,,,,,http://авокадо.рф,http://max.ru/avocado_grocery_stores,,,,,,,,,,,,,,,,,,,,https://t.me/avocadoswnn,,,,,,,,,70000001059649610,55.745999,37.961627,4504235283031939,,,687,70000001041565312,Авокадо,минимаркет,Продуктовые магазины,shop,1,4,2026-07-07T06:47:31Z,,0,32,https://2gis.com/firm/70000001059649610,branch,7906,https://2gis.ru/moscow/search/Продуктовые магазины/rubricId/373/filters/sort=name
Авокадо,минимаркет,Продуктовые магазины,"Нагатинская набережная, 46",1 этаж,115470,,Нагатинский Затон,Москва,,Москва,Россия,Пн: 09:00-23:00; Вт: 09:00-23:00; Ср: 09:00-23:00; Чт: 09:00-23:00; Пт: 09:00-23:00; Сб: 09:00-23:00; Вс: 09:00-23:00,+03:00,1.9,1,88002007575,,,,,,http://авокадо.рф,http://max.ru/avocado_grocery_stores,,,,,,,,,,,,,,,,,,,,https://t.me/avocadoswnn,,,,,,,,,70000001058945236,55.686458,37.676994,4504235282605416,,,687,70000001041565312,Авокадо,минимаркет,Продуктовые магазины,shop,1,6,2026-07-07T06:47:21Z,,0,32,https://2gis.com/firm/70000001058945236,branch,7906,https://2gis.ru/moscow/search/Продуктовые магазины/rubricId/373/filters/sort=name
Авокадо,минимаркет,Продуктовые магазины,"Больничный проезд, 7Б",,601010,,,Киржач,Киржачский район,Владимирская область,Россия,Пн: 07:00-21:00; Вт: 07:00-21:00; Ср: 07:00-21:00; Чт: 07:00-21:00; Пт: 07:00-21:00; Сб: 07:00-21:00; Вс: 07:00-21:00,+03:00,1.0,1,84923724008,,,,,,http://авокадо.рф,http://max.ru/avocado_grocery_stores,,,,,,,,,,,,,,,,,,,,https://t.me/avocadoswnn,,,,,,,,,70000001057666490,56.168305,38.893737,4504235283255592,,,687,70000001041565312,Авокадо,минимаркет,Продуктовые магазины,shop,1,3,2026-07-07T06:47:20Z,,0,32,https://2gis.com/firm/70000001057666490,branch,7906,https://2gis.ru/moscow/search/Продуктовые магазины/rubricId/373/filters/sort=name
Авокадо,минимаркет,Продуктовые магазины,"улица Томаровича, 2а",,601010,,,Киржач,Киржачский район,Владимирская область,Россия,Пн: 09:00-20:00; Вт: 09:00-20:00; Ср: 09:00-20:00; Чт: 09:00-20:00; Пт: 09:00-21:00; Сб: 09:00-21:00; Вс: 09:00-20:00,+03:00,,,88002007575,,,,,,http://авокадо.рф,http://max.ru/avocado_grocery_stores,,,,,,,,,,,,,,,,,,,,https://t.me/avocadoswnn,,,,,,,,,70000001057644097,56.167108,38.831723,4504235283261789,,,687,70000001041565312,Авокадо,минимаркет,Продуктовые магазины,shop,1,4,2026-06-06T04:51:54Z,,0,32,https://2gis.com/firm/70000001057644097,branch,7906,https://2gis.ru/moscow/search/Продуктовые магазины/rubricId/373/filters/sort=name
Авокадо,минимаркет,Продуктовые магазины,"Центральная улица, 56а",,143002,,,,Одинцовский городской округ,Московская область,Россия,Пн: 08:00-23:00; Вт: 08:00-23:00; Ср: 08:00-23:00; Чт: 08:00-23:00; Пт: 08:00-23:00; Сб: 08:00-23:00; Вс: 08:00-23:00,+03:00,,,88002007575,,,,,,http://авокадо.рф,http://max.ru/avocado_grocery_stores,,,,,,,,,,,,,,,,,,,,https://t.me/avocadoswnn,,,,,,,,,70000001057551895,55.661849,37.233927,4504235282818212,,,687,70000001041565312,Авокадо,минимаркет,Продуктовые магазины,shop,1,3,2022-08-08T10:40:22Z,,0,32,https://2gis.com/firm/70000001057551895,branch,7906,https://2gis.ru/moscow/search/Продуктовые магазины/rubricId/373/filters/sort=name
Авокадо,минимаркет,Продуктовые магазины,"Ленинский проспект, 69",цокольный этаж,119296,,Гагаринский,Москва,,Москва,Россия,Пн: 08:00-22:00; Вт: 08:00-22:00; Ср: 08:00-22:00; Чт: 08:00-22:00; Пт: 08:00-22:00; Сб: 08:00-22:00; Вс: 08:00-22:00,+03:00,5.0,1,88002007575,,,,,,http://авокадо.рф,http://max.ru/avocado_grocery_stores,,,,,,,,,,,,,,,,,,,,https://t.me/avocadoswnn,,,,,,,,,70000001057313398,55.689559,37.550095,4504235282606373,,,687,70000001041565312,Авокадо,минимаркет,Продуктовые магазины,shop,1,4,2026-07-07T06:47:28Z,,0,32,https://2gis.com/firm/70000001057313398,branch,7906,https://2gis.ru/moscow/search/Продуктовые магазины/rubricId/373/filters/sort=name
Авокадо,минимаркет,Продуктовые магазины,"улица Талалихина, 35",1 этаж,109316,,Таганский,Москва,,Москва,Россия,Пн: 00:00-24:00; Вт: 00:00-24:00; Ср: 00:00-24:00; Чт: 00:00-24:00; Пт: 00:00-24:00; Сб: 00:00-24:00; Вс: 00:00-24:00,+03:00,4.3,12,88002007575,,,,,,http://авокадо.рф,http://max.ru/avocado_grocery_stores,,,,,,,,,,,,,,,,,,,,https://t.me/avocadoswnn,,,,,,,,,70000001056036013,55.729437,37.680507,4504235282654811,,,687,70000001041565312,Авокадо,минимаркет,Продуктовые магазины,shop,1,4,2026-07-07T06:47:19Z,,0,32,https://2gis.com/firm/70000001056036013,branch,7906,https://2gis.ru/moscow/search/Продуктовые магазины/rubricId/373/filters/sort=name
Авокадо,минимаркет,Продуктовые магазины,"посёлок городского типа Калининец, ст400",,143370,,,,Наро-Фоминский городской округ,Московская область,Россия,Пн: 09:00-22:00; Вт: 09:00-22:00; Ср: 09:00-22:00; Чт: 09:00-22:00; Пт: 09:00-22:00; Сб: 09:00-22:00; Вс: 09:00-22:00,+03:00,4.8,6,88002007575,,,,,,http://авокадо.рф,http://max.ru/avocado_grocery_stores,,,,,,,,,,,,,,,,,,,,https://t.me/avocadoswnn,,,,,,,,,70000001056020021,55.566871,36.996103,70030076127194451,,,687,70000001041565312,Авокадо,минимаркет,Продуктовые магазины,shop,1,6,2026-07-08T13:20:59Z,,0,32,https://2gis.com/firm/70000001056020021,branch,7906,https://2gis.ru/moscow/search/Продуктовые магазины/rubricId/373/filters/sort=name
Авокадо,минимаркет,Продуктовые магазины,"Антоново деревня, 75",,140155,,,,Раменский муниципальный округ,Московская область,Россия,Пн: 08:00-22:00; Вт: 08:00-22:00; Ср: 08:00-22:00; Чт: 08:00-22:00; Пт: 08:00-22:00; Сб: 08:00-22:00; Вс: 08:00-22:00,+03:00,,,88002007575,,,,,,http://авокадо.рф,http://max.ru/avocado_grocery_stores,,,,,,,,,,,,,,,,,,,,https://t.me/avocadoswnn,,,,,,,,,70000001055240533,55.577253,38.580067,4504235283305127,,,687,70000001041565312,Авокадо,минимаркет,Продуктовые магазины,shop,1,3,2026-06-06T04:51:52Z,,0,32,https://2gis.com/firm/70000001055240533,branch,7906,https://2gis.ru/moscow/search/Продуктовые магазины/rubricId/373/filters/sort=name
Авокадо,минимаркет,Продуктовые магазины,"2-я Вольская улица, 6",,111674,Некрасовка пос.,Некрасовка,Москва,,Москва,Россия,Пн: 08:00-23:00; Вт: 08:00-23:00; Ср: 08:00-23:00; Чт: 08:00-23:00; Пт: 08:00-23:00; Сб: 08:00-23:00; Вс: 08:00-23:00,+03:00,,,88002007575,,,,,,http://авокадо.рф,http://max.ru/avocado_grocery_stores,,,,,,,,,,,,,,,,,,,,https://t.me/avocadoswnn,,,,,,,,,70000001054843976,55.685382,37.922044,4504235283033857,,,687,70000001041565312,Авокадо,минимаркет,Продуктовые магазины,shop,1,6,2026-07-07T06:47:26Z,,0,32,https://2gis.com/firm/70000001054843976,branch,7906,https://2gis.ru/moscow/search/Продуктовые магазины/rubricId/373/filters/sort=name
Авокадо,минимаркет,Продуктовые магазины,"Спортивная улица, 3/1",,142370,,,,Чехов муниципальный округ,Московская область,Россия,Пн: 09:00-21:00; Вт: 09:00-21:00; Ср: 09:00-21:00; Чт: 09:00-21:00; Пт: 09:00-21:00; Сб: 09:00-21:00; Вс: 09:00-21:00,+03:00,,,88002007575,,,,,,http://авокадо.рф,http://max.ru/avocado_grocery_stores,,,,,,,,,,,,,,,,,,,,https://t.me/avocadoswnn,,,,,,,,,70000001054843727,55.215612,37.680617,4504235283165449,,,687,70000001041565312,Авокадо,минимаркет,Продуктовые магазины,shop,1,2,2026-07-07T06:47:31Z,,0,32,https://2gis.com/firm/70000001054843727,branch,7906,https://2gis.ru/moscow/search/Продуктовые магазины/rubricId/373/filters/sort=name
Авокадо,минимаркет,Продуктовые магазины,"Волжский бульвар, 26 к1",1 этаж,109129,,Текстильщики,Москва,,Москва,Россия,Пн: 08:00-22:00; Вт: 08:00-22:00; Ср: 08:00-22:00; Чт: 08:00-22:00; Пт: 08:00-22:00; Сб: 08:00-22:00; Вс: 08:00-22:00,+03:00,,,88002007575,,,,,,http://авокадо.рф,http://max.ru/avocado_grocery_stores,,,,,,,,,,,,,,,,,,,,https://t.me/avocadoswnn,,,,,,,,,70000001054780485,55.707068,37.745418,4504235282597994,,,687,70000001041565312,Авокадо,минимаркет,Продуктовые магазины,shop,1,4,2026-06-06T04:52:01Z,,0,32,https://2gis.com/firm/70000001054780485,branch,7906,https://2gis.ru/moscow/search/Продуктовые магазины/rubricId/373/filters/sort=name
Авокадо,минимаркет,Продуктовые магазины,"Высоково деревня, 1а",,141034,,,,Мытищи городской округ,Московская область,Россия,Пн: 09:00-23:00; Вт: 09:00-23:00; Ср: 09:00-23:00; Чт: 09:00-23:00; Пт: 09:00-23:00; Сб: 09:00-23:00; Вс: 09:00-23:00,+03:00,,,89166122689,,,,,,http://авокадо.рф,http://max.ru/avocado_grocery_stores,,,,,,,,,,,,,,,,,,,,https://t.me/avocadoswnn,,,,,,,,,70000001053840000,55.960673,37.747646,4504235282876023,,,687,70000001041565312,Авокадо,минимаркет,Продуктовые магазины,shop,1,4,2026-07-07T06:47:26Z,,0,32,https://2gis.com/firm/70000001053840000,branch,7906,https://2gis.ru/moscow/search/Продуктовые магазины/rubricId/373/filters/sort=name
Авокадо,минимаркет,Продуктовые магазины,"2-й Северный проезд, 2а",,141426,,,Химки,Химки городской округ,Московская область,Россия,Пн: 08:00-23:00; Вт: 08:00-23:00; Ср: 08:00-23:00; Чт: 08:00-23:00; Пт: 08:00-23:00; Сб: 08:00-23:00; Вс: 08:00-23:00,+03:00,3.3,2,88002007575,,,,,,http://авокадо.рф,http://max.ru/avocado_grocery_stores,,,,,,,,,,,,,,,,,,,,https://t.me/avocadoswnn,,,,,,,,,70000001053783783,55.991307,37.417045,4504235282896528,,,687,70000001041565312,Авокадо,минимаркет,Продуктовые магазины,shop,1,5,2026-07-07T06:47:22Z,,0,32,https://2gis.com/firm/70000001053783783,branch,7906,https://2gis.ru/moscow/search/Продуктовые магазины/rubricId/373/filters/sort=name
Авокадо,минимаркет,Продуктовые магазины,"улица 8 Марта, 17",1 этаж,141112,Жегалово м-н,,Щёлково,Щёлково городской округ,Московская область,Россия,Пн: 09:00-21:00; Вт: 09:00-21:00; Ср: 09:00-21:00; Чт: 09:00-21:00; Пт: 09:00-21:00; Сб: 09:00-21:00; Вс: 09:00-21:00,+03:00,5.0,1,89099818702,,,,,,http://авокадо.рф,http://max.ru/avocado_grocery_stores,,,,,,,,,,,,,,,,,,,,https://t.me/avocadoswnn,,,,,,,,,70000001053034347,55.906751,37.988648,4504235282636512,,,687,70000001041565312,Авокадо,минимаркет,Продуктовые магазины,shop,1,4,2026-07-08T06:06:29Z,,0,32,https://2gis.com/firm/70000001053034347,branch,7906,https://2gis.ru/moscow/search/Продуктовые магазины/rubricId/373/filters/sort=name
Авокадо,минимаркет,Продуктовые магазины,"Советский проезд, 4",1 этаж,142700,,,Видное,Ленинский городской округ,Московская область,Россия,Пн: 09:00-23:00; Вт: 09:00-23:00; Ср: 09:00-23:00; Чт: 09:00-23:00; Пт: 09:00-23:00; Сб: 09:00-23:00; Вс: 09:00-23:00,+03:00,4.3,10,88002007575,,,,,,http://авокадо.рф,http://max.ru/avocado_grocery_stores,,,,,,,,,,,,,,,,,,,,https://t.me/avocadoswnn,,,,,,,,,70000001052362239,55.555308,37.709098,4504235283024977,,,687,70000001041565312,Авокадо,минимаркет,Продуктовые магазины,shop,1,5,2026-07-07T06:47:35Z,,0,32,https://2gis.com/firm/70000001052362239,branch,7906,https://2gis.ru/moscow/search/Продуктовые магазины/rubricId/373/filters/sort=name
Авокадо,минимаркет,Продуктовые магазины,"улица Шаталова, 2",цокольный этаж,142105,Шепчинки м-н,,Подольск,Подольск городской округ,Московская область,Россия,Пн: 07:00-23:00; Вт: 07:00-23:00; Ср: 07:00-23:00; Чт: 07:00-23:00; Пт: 07:00-23:00; Сб: 07:00-23:00; Вс: 07:00-23:00,+03:00,4.9,44,88002007575,,,,,,http://авокадо.рф,http://max.ru/avocado_grocery_stores,,,,,,,,,,,,,,,,,,,,https://t.me/avocadoswnn,,,,,,,,,70000001052183876,55.403763,37.536826,4504235283180211,,,687,70000001041565312,Авокадо,минимаркет,Продуктовые магазины,shop,1,6,2026-06-06T04:51:43Z,,0,32,https://2gis.com/firm/70000001052183876,branch,7906,https://2gis.ru/moscow/search/Продуктовые магазины/rubricId/373/filters/sort=name
Авокадо,минимаркет,Продуктовые магазины,"Школьная улица, 11",1 этаж,143081,,,,Одинцовский городской округ,Московская область,Россия,Пн: 09:00-22:00; Вт: 09:00-22:00; Ср: 09:00-22:00; Чт: 09:00-22:00; Пт: 09:00-22:00; Сб: 09:00-22:00; Вс: 09:00-22:00,+03:00,4.7,3,88002007575,,,,,,http://авокадо.рф,http://max.ru/avocado_grocery_stores,,,,,,,,,,,,,,,,,,,,https://t.me/avocadoswnn,,,,,,,,,70000001052083695,55.667973,37.181545,4504235282870886,,,687,70000001041565312,Авокадо,минимаркет,Продуктовые магазины,shop,1,3,2026-06-06T04:51:38Z,,0,32,https://2gis.com/firm/70000001052083695,branch,7906,https://2gis.ru/moscow/search/Продуктовые магазины/rubricId/373/filters/sort=name
Авокадо,минимаркет,Продуктовые магазины,"Набережная улица, 48а",,601012,Селиваново пос.,,Киржач,Киржачский район,Владимирская область,Россия,Пн: 09:00-21:00; Вт: 09:00-21:00; Ср: 09:00-21:00; Чт: 09:00-21:00; Пт: 09:00-21:00; Сб: 09:00-21:00; Вс: 09:00-21:00,+03:00,,,88002007575,,,,,,http://авокадо.рф,http://max.ru/avocado_grocery_stores,,,,,,,,,,,,,,,,,,,,https://t.me/avocadoswnn,,,,,,,,,70000001051990032,56.149186,38.866335,4504235283262838,,,687,70000001041565312,Авокадо,минимаркет,Продуктовые магазины,shop,1,5,2026-06-06T04:51:57Z,,0,32,https://2gis.com/firm/70000001051990032,branch,7906,https://2gis.ru/moscow/search/Продуктовые магазины/rubricId/373/filters/sort=name
