Наименование,Описание,Рубрики,Адрес,Комментарий к адресу,Почтовый индекс,Микрорайон,Район,Город,Округ,Регион,Страна,Часы работы,Часовой пояс,Рейтинг,Количество отзывов,Телефон 1,Телефон 2,Телефон 3,E-mail 1,E-mail 2,E-mail 3,Веб-сайт 1,Веб-сайт 2,Веб-сайт 3,Instagram 1,Instagram 2,Instagram 3,Twitter 1,Twitter 2,Twitter 3,Facebook 1,Facebook 2,Facebook 3,ВКонтакте 1,ВКонтакте 2,ВКонтакте 3,WhatsApp 1,WhatsApp 2,WhatsApp 3,Viber 1,Viber 2,Viber 3,Telegram 1,Telegram 2,Telegram 3,YouTube 1,YouTube 2,YouTube 3,Skype 1,Skype 2,Skype 3,ID объекта,Широта,Долгота,ID здания,Название здания,ID этажа,Количество филиалов,ID сети,Название сети,Специализация сети,Главная рубрика,POI-категория,Кол-во рубрик,Кол-во атрибутов,Дата обновления,Удалён,ID сегмента,ID региона,2GIS URL,Тип,Ожидаемое кол-во (2GIS),Ссылка запроса
Красное&Белое,продуктовый магазин,Продуктовые магазины; Алкогольные напитки,"квартал 2, 5 ст1",1 этаж,108820,,Коммунарка,Москва,,Москва,Россия,Пн: 09:00-22:05; Вт: 09:00-22:05; Ср: 09:00-22:05; Чт: 09:00-22:05; Пт: 09:00-22:05; Сб: 09:00-22:05; Вс: 09:00-22:05 (Время продажи алкоголя ограничено.),+03:00,4.6,2,89097555854,89265753519,,,,,http://krasnoeibeloe.ru,http://zen.yandex.ru/id/5dde5c1021552277da47ba4b,http://max.ru/krasnoebeloe,,,,,,,,,,https://vk.com/krasnoebeloe,,,,,,,,,https://t.me/krasnoeibeloe,,,,,,,,,70000001097312719,55.633574,37.455218,70030076284265923,,,2113,70000001090565128,Красное&Белое,продуктовый магазин,Продуктовые магазины,shop,2,3,2026-06-21T07:49:11Z,,0,32,https://2gis.com/firm/70000001097312719,branch,198,https://2gis.ru/moscow/search/Продуктовые магазины/rubricId/373/filters/district_id=4504209520926899
Красное&Белое,продуктовый магазин,Продуктовые магазины; Алкогольные напитки,"Саларьевская улица, 13 к1",1 этаж,108811,,Коммунарка,Москва,,Москва,Россия,Пн: 09:00-22:05; Вт: 09:00-22:05; Ср: 09:00-22:05; Чт: 09:00-22:05; Пт: 09:00-22:05; Сб: 09:00-22:05; Вс: 09:00-22:05 (Время продажи алкоголя ограничено.),+03:00,4.8,17,88001000804,89227033000,,,,,http://krasnoeibeloe.ru,http://zen.yandex.ru/id/5dde5c1021552277da47ba4b,http://max.ru/krasnoebeloe,,,,,,,,,,https://vk.com/krasnoebeloe,,,,,,,,,https://t.me/krasnoeibeloe,,,,,,,,,70000001066067426,55.614284,37.412688,70030076168395840,,,2113,70000001090565128,Красное&Белое,продуктовый магазин,Продуктовые магазины,shop,2,4,2026-06-21T07:49:25Z,,0,32,https://2gis.com/firm/70000001066067426,branch,198,https://2gis.ru/moscow/search/Продуктовые магазины/rubricId/373/filters/district_id=4504209520926899
Винлаб,супермаркет напитков,Продуктовые магазины; Алкогольные напитки,"квартал 2, 5 ст1",1 этаж,108820,,Коммунарка,Москва,,Москва,Россия,Пн: 10:00-23:00; Вт: 10:00-23:00; Ср: 10:00-23:00; Чт: 10:00-23:00; Пт: 10:00-23:00; Сб: 10:00-23:00; Вс: 10:00-23:00 (Время продажи алкоголя ограничено.),+03:00,5.0,2,88003017755,,,,,,http://b2b.winelab.ru,http://max.ru/winelab_ru,,,,,,,,,,,https://vk.com/winelabru,,,,,,,,,https://t.me/winelab_chatbot,,,,,,,,,70000001089451078,55.633708,37.45489,70030076284265923,,,1163,70000001019234769,Винлаб,супермаркет напитков,Продуктовые магазины,shop,2,3,2026-07-07T13:29:27Z,,0,32,https://2gis.com/firm/70000001089451078,branch,198,https://2gis.ru/moscow/search/Продуктовые магазины/rubricId/373/filters/district_id=4504209520926899
Красное&Белое,продуктовый магазин,Продуктовые магазины; Алкогольные напитки,"улица Малое Понизовье, 10",1 этаж,108802,,Коммунарка,Москва,,Москва,Россия,Пн: 09:00-22:05; Вт: 09:00-22:05; Ср: 09:00-22:05; Чт: 09:00-22:05; Пт: 09:00-22:05; Сб: 09:00-22:05; Вс: 09:00-22:05 (Время продажи алкоголя ограничено.),+03:00,4.7,27,88001000804,89227033000,,,,,http://krasnoeibeloe.ru,http://zen.yandex.ru/id/5dde5c1021552277da47ba4b,http://max.ru/krasnoebeloe,,,,,,,,,,https://vk.com/krasnoebeloe,,,,,,,,,https://t.me/krasnoeibeloe,,,,,,,,,70000001062149806,55.601361,37.411637,70030076178151755,,,2113,70000001090565128,Красное&Белое,продуктовый магазин,Продуктовые магазины,shop,2,4,2026-06-21T07:48:49Z,,0,32,https://2gis.com/firm/70000001062149806,branch,198,https://2gis.ru/moscow/search/Продуктовые магазины/rubricId/373/filters/district_id=4504209520926899
Армянский дом,магазин,Продуктовые магазины,"1-я Новая улица, ст1",1 этаж,108811,,Коммунарка,,,Москва,Россия,Пн: 09:00-22:00; Вт: 09:00-22:00; Ср: 09:00-22:00; Чт: 09:00-22:00; Пт: 09:00-22:00; Сб: 09:00-22:00; Вс: 09:00-22:00,+03:00,,,89670778363,,,,,,,,,,,,,,,,,,,,,https://wa.me/79670778363,,,,,,,,,,,,,,,70000001024119835,55.62449,37.440037,4504235325607325,,,2,70000001057408566,Армянский дом,магазин,Продуктовые магазины,shop,1,4,2026-05-25T13:07:57Z,,0,32,https://2gis.com/firm/70000001024119835,branch,198,https://2gis.ru/moscow/search/Продуктовые магазины/rubricId/373/filters/district_id=4504209520926899
Бристоль,магазин у дома,Продуктовые магазины; Алкогольные напитки,"Калужское шоссе 22 километр, 10",26-32 павильон; 1 этаж,108802,,Коммунарка,Москва,,Москва,Россия,Пн: 08:00-22:00; Вт: 08:00-22:00; Ср: 08:00-22:00; Чт: 08:00-22:00; Пт: 08:00-22:00; Сб: 08:00-22:00; Вс: 08:00-22:00 (Время продажи алкоголя ограничено.),+03:00,,,88002222002,,,,,,http://bristol.ru,,,,,,,,,,,,https://vk.com/bristol_retail,,,,,,,,,https://t.me/bristolretail,,,,,,,,,70000001095704087,55.600322,37.474419,4504235283119276,ФУД СИТИ,70030076482998368,635,70000001018898719,Бристоль,магазин у дома,Продуктовые магазины,shop,2,6,2026-07-07T13:55:35Z,,0,32,https://2gis.com/firm/70000001095704087,branch,198,https://2gis.ru/moscow/search/Продуктовые магазины/rubricId/373/filters/district_id=4504209520926899
Красное&Белое,продуктовый магазин,Продуктовые магазины; Алкогольные напитки,"Ясная улица, 2",1 этаж,108814,,Коммунарка,,,Москва,Россия,Пн: 09:00-22:05; Вт: 09:00-22:05; Ср: 09:00-22:05; Чт: 09:00-22:05; Пт: 09:00-22:05; Сб: 09:00-22:05; Вс: 09:00-22:05 (Время продажи алкоголя ограничено.),+03:00,4.7,34,88001000804,89227033000,,,,,http://krasnoeibeloe.ru,http://zen.yandex.ru/id/5dde5c1021552277da47ba4b,http://max.ru/krasnoebeloe,,,,,,,,,,https://vk.com/krasnoebeloe,,,,,,,,,https://t.me/krasnoeibeloe,,,,,,,,,70000001028987577,55.568413,37.474555,4504235283111678,,,2113,70000001090565128,Красное&Белое,продуктовый магазин,Продуктовые магазины,shop,2,4,2026-06-22T05:28:25Z,,0,32,https://2gis.com/firm/70000001028987577,branch,198,https://2gis.ru/moscow/search/Продуктовые магазины/rubricId/373/filters/district_id=4504209520926899
Красное&Белое,продуктовый магазин,Продуктовые магазины; Алкогольные напитки,"Красулинская улица, 22",1 этаж,108802,,Коммунарка,Москва,,Москва,Россия,Пн: 09:00-22:05; Вт: 09:00-22:05; Ср: 09:00-22:05; Чт: 09:00-22:05; Пт: 09:00-22:05; Сб: 09:00-22:05; Вс: 09:00-22:05 (Время продажи алкоголя ограничено.),+03:00,4.6,6,88001000804,89227033000,,,,,http://krasnoeibeloe.ru,http://zen.yandex.ru/id/5dde5c1021552277da47ba4b,http://max.ru/krasnoebeloe,,,,,,,,,,https://vk.com/krasnoebeloe,,,,,,,,,https://t.me/krasnoeibeloe,,,,,,,,,70000001079933616,55.607383,37.413081,70030076311363899,,,2113,70000001090565128,Красное&Белое,продуктовый магазин,Продуктовые магазины,shop,2,6,2026-06-21T07:48:42Z,,0,32,https://2gis.com/firm/70000001079933616,branch,198,https://2gis.ru/moscow/search/Продуктовые магазины/rubricId/373/filters/district_id=4504209520926899
Винлаб,супермаркет напитков,Продуктовые магазины; Алкогольные напитки,"Прокшинский проспект, 7",1 этаж,108802,,Коммунарка,Москва,,Москва,Россия,Пн: 10:00-23:00; Вт: 10:00-23:00; Ср: 10:00-23:00; Чт: 10:00-23:00; Пт: 10:00-23:00; Сб: 10:00-23:00; Вс: 10:00-23:00 (Время продажи алкоголя ограничено.),+03:00,5.0,4,88003017755,,,,,,http://b2b.winelab.ru,http://max.ru/winelab_ru,,,,,,,,,,,https://vk.com/winelabru,,,,,,,,,https://t.me/winelab_chatbot,,,,,,,,,70000001101720377,55.592495,37.433462,70030076385510691,,,1163,70000001019234769,Винлаб,супермаркет напитков,Продуктовые магазины,shop,2,5,2026-07-07T13:29:22Z,,0,32,https://2gis.com/firm/70000001101720377,branch,198,https://2gis.ru/moscow/search/Продуктовые магазины/rubricId/373/filters/district_id=4504209520926899
Красное&Белое,продуктовый магазин,Продуктовые магазины; Алкогольные напитки,"улица Большое Понизовье, 3",1 этаж,108802,,Коммунарка,Москва,,Москва,Россия,Пн: 09:00-22:05; Вт: 09:00-22:05; Ср: 09:00-22:05; Чт: 09:00-22:05; Пт: 09:00-22:05; Сб: 09:00-22:05; Вс: 09:00-22:05 (Время продажи алкоголя ограничено.),+03:00,4.6,5,88001000804,89227033000,,,,,http://krasnoeibeloe.ru,http://zen.yandex.ru/id/5dde5c1021552277da47ba4b,http://max.ru/krasnoebeloe,,,,,,,,,,https://vk.com/krasnoebeloe,,,,,,,,,https://t.me/krasnoeibeloe,,,,,,,,,70000001079933643,55.603986,37.416934,70030076225015039,,,2113,70000001090565128,Красное&Белое,продуктовый магазин,Продуктовые магазины,shop,2,6,2026-06-21T07:49:41Z,,0,32,https://2gis.com/firm/70000001079933643,branch,198,https://2gis.ru/moscow/search/Продуктовые магазины/rubricId/373/filters/district_id=4504209520926899
Красное&Белое,продуктовый магазин,Продуктовые магазины; Алкогольные напитки,"Красулинская улица, 15",1 этаж,108802,,Коммунарка,Москва,,Москва,Россия,Пн: 09:00-22:05; Вт: 09:00-22:05; Ср: 09:00-22:05; Чт: 09:00-22:05; Пт: 09:00-22:05; Сб: 09:00-22:05; Вс: 09:00-22:05 (Время продажи алкоголя ограничено.),+03:00,4.5,11,88001000804,89227033000,,,,,http://krasnoeibeloe.ru,http://zen.yandex.ru/id/5dde5c1021552277da47ba4b,http://max.ru/krasnoebeloe,,,,,,,,,,https://vk.com/krasnoebeloe,,,,,,,,,https://t.me/krasnoeibeloe,,,,,,,,,70000001062378558,55.60497,37.413037,70030076200206740,,,2113,70000001090565128,Красное&Белое,продуктовый магазин,Продуктовые магазины,shop,2,4,2026-06-21T07:48:58Z,,0,32,https://2gis.com/firm/70000001062378558,branch,198,https://2gis.ru/moscow/search/Продуктовые магазины/rubricId/373/filters/district_id=4504209520926899
Красное&Белое,продуктовый магазин,Продуктовые магазины; Алкогольные напитки,"Прокшинский проспект, 11",1 этаж,108802,,Коммунарка,Москва,,Москва,Россия,Пн: 09:00-22:05; Вт: 09:00-22:05; Ср: 09:00-22:05; Чт: 09:00-22:05; Пт: 09:00-22:05; Сб: 09:00-22:05; Вс: 09:00-22:05 (Время продажи алкоголя ограничено.),+03:00,4.8,9,88001000804,89227033000,,,,,http://krasnoeibeloe.ru,http://zen.yandex.ru/id/5dde5c1021552277da47ba4b,http://max.ru/krasnoebeloe,,,,,,,,,,https://vk.com/krasnoebeloe,,,,,,,,,https://t.me/krasnoeibeloe,,,,,,,,,70000001080167111,55.590143,37.42758,70030076221352484,,,2113,70000001090565128,Красное&Белое,продуктовый магазин,Продуктовые магазины,shop,2,6,2026-06-21T07:48:41Z,,0,32,https://2gis.com/firm/70000001080167111,branch,198,https://2gis.ru/moscow/search/Продуктовые магазины/rubricId/373/filters/district_id=4504209520926899
Красное&Белое,продуктовый магазин,Продуктовые магазины; Алкогольные напитки,"улица Лобановский Лес, 13",1 этаж,108802,,Коммунарка,Москва,,Москва,Россия,Пн: 09:00-22:05; Вт: 09:00-22:05; Ср: 09:00-22:05; Чт: 09:00-22:05; Пт: 09:00-22:05; Сб: 09:00-22:05; Вс: 09:00-22:05 (Время продажи алкоголя ограничено.),+03:00,1.4,1,88001000804,89227033000,,,,,http://krasnoeibeloe.ru,http://zen.yandex.ru/id/5dde5c1021552277da47ba4b,http://max.ru/krasnoebeloe,,,,,,,,,,https://vk.com/krasnoebeloe,,,,,,,,,https://t.me/krasnoeibeloe,,,,,,,,,70000001097239369,55.594041,37.427253,70030076277590097,,,2113,70000001090565128,Красное&Белое,продуктовый магазин,Продуктовые магазины,shop,2,4,2026-06-22T05:28:25Z,,0,32,https://2gis.com/firm/70000001097239369,branch,198,https://2gis.ru/moscow/search/Продуктовые магазины/rubricId/373/filters/district_id=4504209520926899
Халяль маркет,магазин,Продуктовые магазины,"улица Лобановский Лес, 11",1 этаж,108802,,Коммунарка,Москва,,Москва,Россия,Пн: 10:00-21:00; Вт: 10:00-21:00; Ср: 10:00-21:00; Чт: 10:00-21:00; Пт: 10:00-21:00; Сб: 10:00-21:00; Вс: 10:00-21:00,+03:00,1.0,1,,,,,,,,,,,,,,,,,,,,,,,,,,,,,,,,,,,,,70000001098635647,55.593193,37.429138,70030076332139069,,,1,70000001098635646,Халяль маркет,магазин,Продуктовые магазины,shop,1,5,2026-04-15T11:16:21Z,,0,32,https://2gis.com/firm/70000001098635647,branch,198,https://2gis.ru/moscow/search/Продуктовые магазины/rubricId/373/filters/district_id=4504209520926899
Красное&Белое,продуктовый магазин,Продуктовые магазины; Алкогольные напитки,"Прокшинский проспект, 12",1 этаж,108802,,Коммунарка,Москва,,Москва,Россия,Пн: 09:00-22:05; Вт: 09:00-22:05; Ср: 09:00-22:05; Чт: 09:00-22:05; Пт: 09:00-22:05; Сб: 09:00-22:05; Вс: 09:00-22:05 (Время продажи алкоголя ограничено.),+03:00,,,88001000804,89227033000,,,,,http://krasnoeibeloe.ru,http://zen.yandex.ru/id/5dde5c1021552277da47ba4b,http://max.ru/krasnoebeloe,,,,,,,,,,https://vk.com/krasnoebeloe,,,,,,,,,https://t.me/krasnoeibeloe,,,,,,,,,70000001082951686,55.592192,37.423678,70030076221353085,,,2113,70000001090565128,Красное&Белое,продуктовый магазин,Продуктовые магазины,shop,2,6,2026-06-21T07:48:54Z,,0,32,https://2gis.com/firm/70000001082951686,branch,198,https://2gis.ru/moscow/search/Продуктовые магазины/rubricId/373/filters/district_id=4504209520926899
Винлаб,супермаркет напитков,Продуктовые магазины; Алкогольные напитки,"Саларьевская улица, 13 к3",,108811,,Коммунарка,Москва,,Москва,Россия,Пн: 10:00-23:00; Вт: 10:00-23:00; Ср: 10:00-23:00; Чт: 10:00-23:00; Пт: 10:00-23:00; Сб: 10:00-23:00; Вс: 10:00-23:00 (Время продажи алкоголя ограничено.),+03:00,4.5,5,88003017755,,,,,,http://b2b.winelab.ru,http://max.ru/winelab_ru,,,,,,,,,,,https://vk.com/winelabru,,,,,,,,,https://t.me/winelab_chatbot,,,,,,,,,70000001083257569,55.612559,37.411405,70030076168395944,,,1163,70000001019234769,Винлаб,супермаркет напитков,Продуктовые магазины,shop,2,4,2026-07-07T13:29:25Z,,0,32,https://2gis.com/firm/70000001083257569,branch,198,https://2gis.ru/moscow/search/Продуктовые магазины/rubricId/373/filters/district_id=4504209520926899
Красное&Белое,продуктовый магазин,Продуктовые магазины; Алкогольные напитки,"Магеллана проспект, 33",,108802,,Коммунарка,Москва,,Москва,Россия,Пн: 09:00-22:05; Вт: 09:00-22:05; Ср: 09:00-22:05; Чт: 09:00-22:05; Пт: 09:00-22:05; Сб: 09:00-22:05; Вс: 09:00-22:05 (Время продажи алкоголя ограничено.),+03:00,,,88001000804,89227033000,,,,,http://krasnoeibeloe.ru,http://zen.yandex.ru/id/5dde5c1021552277da47ba4b,http://max.ru/krasnoebeloe,,,,,,,,,,https://vk.com/krasnoebeloe,,,,,,,,,https://t.me/krasnoeibeloe,,,,,,,,,70000001089870279,55.608879,37.41122,70030076291600010,,,2113,70000001090565128,Красное&Белое,продуктовый магазин,Продуктовые магазины,shop,2,4,2026-06-21T07:49:05Z,,0,32,https://2gis.com/firm/70000001089870279,branch,198,https://2gis.ru/moscow/search/Продуктовые магазины/rubricId/373/filters/district_id=4504209520926899
Винлаб,супермаркет напитков,Продуктовые магазины; Алкогольные напитки,"Прокшинский проспект, 11",1 этаж,108802,,Коммунарка,Москва,,Москва,Россия,Пн: 10:00-23:00; Вт: 10:00-23:00; Ср: 10:00-23:00; Чт: 10:00-23:00; Пт: 10:00-23:00; Сб: 10:00-23:00; Вс: 10:00-23:00 (Время продажи алкоголя ограничено.),+03:00,,,88003017755,,,,,,http://b2b.winelab.ru,http://max.ru/winelab_ru,,,,,,,,,,,https://vk.com/winelabru,,,,,,,,,https://t.me/winelab_chatbot,,,,,,,,,70000001074638112,55.590497,37.426996,70030076221352484,,,1163,70000001019234769,Винлаб,супермаркет напитков,Продуктовые магазины,shop,2,6,2026-07-07T13:29:18Z,,0,32,https://2gis.com/firm/70000001074638112,branch,198,https://2gis.ru/moscow/search/Продуктовые магазины/rubricId/373/filters/district_id=4504209520926899
Hal маркет,магазин продуктов,Продуктовые магазины,"улица Малое Понизовье, 2",1 этаж,108802,,Коммунарка,Москва,,Москва,Россия,Пн: 09:00-21:00; Вт: 09:00-21:00; Ср: 09:00-21:00; Чт: 09:00-21:00; Пт: 09:00-21:00; Сб: 09:00-21:00; Вс: 09:00-21:00,+03:00,,,89265000095,,,,,,,,,,,,,,,,,,,,,,,,,,,,,,,,,,,,70000001087787488,55.604928,37.414857,70030076221763081,,,1,70000001087787486,Hal маркет,магазин продуктов,Продуктовые магазины,shop,1,5,2025-11-18T11:53:59Z,,0,32,https://2gis.com/firm/70000001087787488,branch,198,https://2gis.ru/moscow/search/Продуктовые магазины/rubricId/373/filters/district_id=4504209520926899
Ароматный мир,винный супермаркет,Продуктовые магазины; Алкогольные напитки,"Прокшинский проспект, 12",1 этаж,108802,,Коммунарка,Москва,,Москва,Россия,Пн: 10:00-22:30; Вт: 10:00-22:30; Ср: 10:00-22:30; Чт: 10:00-22:30; Пт: 10:00-22:30; Сб: 10:00-22:30; Вс: 10:00-22:00 (Время продажи алкоголя ограничено.),+03:00,4.3,4,88007777290,84957775190 (доп.4135),,,,,http://amwine.ru,http://max.ru/amwineru,,,,,,,,,,,https://vk.com/amwineru,,,,,,,,,https://t.me/amwineru,,,https://youtube.com/@Aromatnyi_Mir_Vino_bez_vody,,,,,,70000001080167140,55.591105,37.425923,70030076221353085,,,564,4504136498285713,Ароматный мир,винный супермаркет,Продуктовые магазины,shop,2,6,2026-07-09T13:23:17Z,,0,32,https://2gis.com/firm/70000001080167140,branch,198,https://2gis.ru/moscow/search/Продуктовые магазины/rubricId/373/filters/district_id=4504209520926899
Ароматный мир,винный супермаркет,Продуктовые магазины; Алкогольные напитки,"Саларьевская улица, 15 к1",,108811,,Коммунарка,Москва,,Москва,Россия,Пн: 09:30-22:30; Вт: 09:30-22:30; Ср: 09:30-22:30; Чт: 09:30-22:30; Пт: 09:30-22:30; Сб: 09:30-22:30; Вс: 10:00-22:00 (Время продажи алкоголя ограничено.),+03:00,5.0,6,88007777290,84957775190 (доп.4219),,,,,http://amwine.ru,http://max.ru/amwineru,,,,,,,,,,,https://vk.com/amwineru,,,,,,,,,https://t.me/amwineru,,,https://youtube.com/@Aromatnyi_Mir_Vino_bez_vody,,,,,,70000001090955015,55.612016,37.410907,70030076444007862,,,564,4504136498285713,Ароматный мир,винный супермаркет,Продуктовые магазины,shop,2,4,2026-07-09T13:23:15Z,,0,32,https://2gis.com/firm/70000001090955015,branch,198,https://2gis.ru/moscow/search/Продуктовые магазины/rubricId/373/filters/district_id=4504209520926899
Минимаркет,,Продуктовые магазины,"7-й квартал, 2 к1",1 этаж,108802,,Коммунарка,Москва,,Москва,Россия,Пн: 00:00-24:00; Вт: 00:00-24:00; Ср: 00:00-24:00; Чт: 00:00-24:00; Пт: 00:00-24:00; Сб: 00:00-24:00; Вс: 00:00-24:00,+03:00,,,,,,,,,,,,,,,,,,,,,,,,,,,,,,,,,,,,,,,70000001065394255,55.606191,37.411935,70030076173656101,,,1,70000001065394254,Минимаркет,Минимаркет,Продуктовые магазины,shop,1,5,2025-11-18T13:19:34Z,,0,32,https://2gis.com/firm/70000001065394255,branch,198,https://2gis.ru/moscow/search/Продуктовые магазины/rubricId/373/filters/district_id=4504209520926899
Около,минимаркет,Продуктовые магазины,"Саларьевская улица, 14 к2",,108811,,Коммунарка,Москва,,Москва,Россия,Пн: 00:00-24:00; Вт: 00:00-24:00; Ср: 00:00-24:00; Чт: 00:00-24:00; Пт: 00:00-24:00; Сб: 00:00-24:00; Вс: 00:00-24:00,+03:00,,,84956628888,,,,,,,,,,,,,,,,,,,,,,,,,,,https://t.me/okolo10,,,,,,,,,70000001114785380,55.617355,37.409846,70030076142594874,,,148,70000001080350055,Около,минимаркет,Продуктовые магазины,shop,1,4,2026-06-03T10:55:31Z,,0,32,https://2gis.com/firm/70000001114785380,branch,198,https://2gis.ru/moscow/search/Продуктовые магазины/rubricId/373/filters/district_id=4504209520926899
Продуктовый магазин,,Продуктовые магазины,"Саларьевская улица, 13 к2",1 этаж,108811,,Коммунарка,Москва,,Москва,Россия,Пн: 07:00-01:00; Вт: 07:00-01:00; Ср: 07:00-01:00; Чт: 07:00-01:00; Пт: 07:00-01:00; Сб: 07:00-01:00; Вс: 07:00-01:00,+03:00,2.0,3,,,,,,,,,,,,,,,,,,,,,,,,,,,,,,,,,,,,,70000001069522003,55.613356,37.411612,70030076168395901,,,1,70000001069522002,Продуктовый магазин,Продуктовый магазин,Продуктовые магазины,shop,1,4,2026-06-01T10:53:40Z,,0,32,https://2gis.com/firm/70000001069522003,branch,198,https://2gis.ru/moscow/search/Продуктовые магазины/rubricId/373/filters/district_id=4504209520926899
Красное&Белое,продуктовый магазин,Продуктовые магазины; Алкогольные напитки,"улица Картмазовские Пруды, 2 к3",1 этаж,108811,,Коммунарка,Москва,,Москва,Россия,Пн: 09:00-22:05; Вт: 09:00-22:05; Ср: 09:00-22:05; Чт: 09:00-22:05; Пт: 09:00-22:05; Сб: 09:00-22:05; Вс: 09:00-22:05 (Время продажи алкоголя ограничено.),+03:00,4.9,6,88001000804,89227033000,,,,,http://krasnoeibeloe.ru,http://zen.yandex.ru/id/5dde5c1021552277da47ba4b,http://max.ru/krasnoebeloe,,,,,,,,,,https://vk.com/krasnoebeloe,,,,,,,,,https://t.me/krasnoeibeloe,,,,,,,,,70000001079228569,55.613559,37.387221,70030076173658504,,,2113,70000001090565128,Красное&Белое,продуктовый магазин,Продуктовые магазины,shop,2,4,2026-06-21T07:48:41Z,,0,32,https://2gis.com/firm/70000001079228569,branch,198,https://2gis.ru/moscow/search/Продуктовые магазины/rubricId/373/filters/district_id=4504209520926899
Ярьмаркет,продуктовый магазин,Продуктовые магазины,"2-я Новая улица, 23Б",,108811,,Коммунарка,,,Москва,Россия,Пн: 08:00-23:00; Вт: 08:00-23:00; Ср: 08:00-23:00; Чт: 08:00-23:00; Пт: 08:00-23:00; Сб: 08:00-23:00; Вс: 08:00-23:00,+03:00,1.7,1,89251631146,,,,,,,,,,,,,,,,,,,,,,,,,,,,,,,,,,,,70000001043458738,55.621871,37.426718,70030076208488434,,,1,70000001043458737,Ярьмаркет,продуктовый магазин,Продуктовые магазины,shop,1,5,2026-05-26T11:07:40Z,,0,32,https://2gis.com/firm/70000001043458738,branch,198,https://2gis.ru/moscow/search/Продуктовые магазины/rubricId/373/filters/district_id=4504209520926899
Красное&Белое,продуктовый магазин,Продуктовые магазины; Алкогольные напитки,"Магеллана проспект, 2",1 этаж,108802,,Коммунарка,Москва,,Москва,Россия,Пн: 09:00-22:05; Вт: 09:00-22:05; Ср: 09:00-22:05; Чт: 09:00-22:05; Пт: 09:00-22:05; Сб: 09:00-22:05; Вс: 09:00-22:05 (Время продажи алкоголя ограничено.),+03:00,5.0,6,88001000804,89227033000,,,,,http://krasnoeibeloe.ru,http://zen.yandex.ru/id/5dde5c1021552277da47ba4b,http://max.ru/krasnoebeloe,,,,,,,,,,https://vk.com/krasnoebeloe,,,,,,,,,https://t.me/krasnoeibeloe,,,,,,,,,70000001066705649,55.591654,37.446561,70030076166059409,,,2113,70000001090565128,Красное&Белое,продуктовый магазин,Продуктовые магазины,shop,2,4,2026-06-21T07:49:37Z,,0,32,https://2gis.com/firm/70000001066705649,branch,198,https://2gis.ru/moscow/search/Продуктовые магазины/rubricId/373/filters/district_id=4504209520926899
Винлаб,супермаркет напитков,Продуктовые магазины; Алкогольные напитки,"улица Картмазовские Пруды, 2 к2",,108811,,Коммунарка,Москва,,Москва,Россия,Пн: 10:00-23:00; Вт: 10:00-23:00; Ср: 10:00-23:00; Чт: 10:00-23:00; Пт: 10:00-23:00; Сб: 10:00-23:00; Вс: 10:00-23:00 (Время продажи алкоголя ограничено.),+03:00,4.4,4,88003017755,,,,,,http://b2b.winelab.ru,http://max.ru/winelab_ru,,,,,,,,,,,https://vk.com/winelabru,,,,,,,,,https://t.me/winelab_chatbot,,,,,,,,,70000001066289586,55.614438,37.385851,70030076157960345,,,1163,70000001019234769,Винлаб,супермаркет напитков,Продуктовые магазины,shop,2,4,2026-07-07T13:29:15Z,,0,32,https://2gis.com/firm/70000001066289586,branch,198,https://2gis.ru/moscow/search/Продуктовые магазины/rubricId/373/filters/district_id=4504209520926899
Ароматный мир,винный супермаркет,Продуктовые магазины; Алкогольные напитки,"Магеллана проспект, 2",,108802,,Коммунарка,Москва,,Москва,Россия,Пн: 10:00-22:30; Вт: 10:00-22:30; Ср: 10:00-22:30; Чт: 10:00-22:30; Пт: 10:00-22:30; Сб: 10:00-22:30; Вс: 10:00-22:00 (Время продажи алкоголя ограничено.),+03:00,4.9,9,88007777290,84957775190 (доп.4004),,,,,http://amwine.ru,http://max.ru/amwineru,,,,,,,,,,,https://vk.com/amwineru,,,,,,,,,https://t.me/amwineru,,,https://youtube.com/@Aromatnyi_Mir_Vino_bez_vody,,,,,,70000001060674777,55.591407,37.447182,70030076166059409,,,564,4504136498285713,Ароматный мир,винный супермаркет,Продуктовые магазины,shop,2,5,2026-07-09T13:23:09Z,,0,32,https://2gis.com/firm/70000001060674777,branch,198,https://2gis.ru/moscow/search/Продуктовые магазины/rubricId/373/filters/district_id=4504209520926899
Авокадо,минимаркет,Продуктовые магазины,"Прокшинский проспект, 5",,108802,,Коммунарка,Москва,,Москва,Россия,Пн: 08:00-23:00; Вт: 08:00-23:00; Ср: 08:00-23:00; Чт: 08:00-23:00; Пт: 08:00-23:00; Сб: 08:00-23:00; Вс: 08:00-23:00,+03:00,,,88002007575,,,,,,http://авокадо.рф,http://max.ru/avocado_grocery_stores,,,,,,,,,,,,,,,,,,,,https://t.me/avocadoswnn,,,,,,,,,70000001115658741,55.59278,37.430129,70030076455864545,,,687,70000001041565312,Авокадо,минимаркет,Продуктовые магазины,shop,1,0,2026-07-07T06:47:26Z,,0,32,https://2gis.com/firm/70000001115658741,branch,198,https://2gis.ru/moscow/search/Продуктовые магазины/rubricId/373/filters/district_id=4504209520926899
Красное&Белое,продуктовый магазин,Продуктовые магазины; Алкогольные напитки,"Магеллана проспект, 4",1 этаж,108802,,Коммунарка,Москва,,Москва,Россия,Пн: 09:00-22:05; Вт: 09:00-22:05; Ср: 09:00-22:05; Чт: 09:00-22:05; Пт: 09:00-22:05; Сб: 09:00-22:05; Вс: 09:00-22:05 (Время продажи алкоголя ограничено.),+03:00,5.0,7,88001000804,89227033000,,,,,http://krasnoeibeloe.ru,http://zen.yandex.ru/id/5dde5c1021552277da47ba4b,http://max.ru/krasnoebeloe,,,,,,,,,,https://vk.com/krasnoebeloe,,,,,,,,,https://t.me/krasnoeibeloe,,,,,,,,,70000001080167074,55.591286,37.444541,70030076242282247,,,2113,70000001090565128,Красное&Белое,продуктовый магазин,Продуктовые магазины,shop,2,5,2026-06-21T07:48:40Z,,0,32,https://2gis.com/firm/70000001080167074,branch,198,https://2gis.ru/moscow/search/Продуктовые магазины/rubricId/373/filters/district_id=4504209520926899
Армянский дом,магазин,Продуктовые магазины,"1-я Новая улица, ст1",1 этаж,108811,,Коммунарка,,,Москва,Россия,Пн: 09:00-22:00; Вт: 09:00-22:00; Ср: 09:00-22:00; Чт: 09:00-22:00; Пт: 09:00-22:00; Сб: 09:00-22:00; Вс: 09:00-22:00,+03:00,,,89670778363,,,,,,,,,,,,,,,,,,,,,https://wa.me/79670778363,,,,,,,,,,,,,,,70000001024119835,55.62449,37.440037,4504235325607325,,,2,70000001057408566,Армянский дом,магазин,Продуктовые магазины,shop,1,4,2026-05-25T13:07:57Z,,0,32,https://2gis.com/firm/70000001024119835,branch,198,https://2gis.ru/moscow/search/Продуктовые магазины/rubricId/373/filters/district_id=4504209520926899
Красное&Белое,продуктовый магазин,Продуктовые магазины; Алкогольные напитки,"Севильский бульвар, 3",1 этаж,108802,,Коммунарка,Москва,,Москва,Россия,Пн: 09:00-22:05; Вт: 09:00-22:05; Ср: 09:00-22:05; Чт: 09:00-22:05; Пт: 09:00-22:05; Сб: 09:00-22:05; Вс: 09:00-22:05 (Время продажи алкоголя ограничено.),+03:00,4.1,1,88001000804,89227033000,,,,,http://krasnoeibeloe.ru,http://zen.yandex.ru/id/5dde5c1021552277da47ba4b,http://max.ru/krasnoebeloe,,,,,,,,,,https://vk.com/krasnoebeloe,,,,,,,,,https://t.me/krasnoeibeloe,,,,,,,,,70000001098631758,55.588702,37.444616,70030076328432940,,,2113,70000001090565128,Красное&Белое,продуктовый магазин,Продуктовые магазины,shop,2,6,2026-06-21T07:49:08Z,,0,32,https://2gis.com/firm/70000001098631758,branch,198,https://2gis.ru/moscow/search/Продуктовые магазины/rubricId/373/filters/district_id=4504209520926899
Десна,мини-маркет,Продуктовые магазины,"деревня Николо-Хованское, 128а",,108802,,Коммунарка,,,Москва,Россия,"Пн: 09:00-13:00, 14:00-21:00; Вт: 09:00-13:00, 14:00-21:00; Ср: 09:00-13:00, 14:00-21:00; Чт: 09:00-13:00, 14:00-21:00; Пт: 09:00-13:00, 14:00-21:00; Сб: 09:00-13:00, 14:00-21:00; Вс: 09:00-13:00, 14:00-21:00",+03:00,,,,,,,,,,,,,,,,,,,,,,,,,,,,,,,,,,,,,,,70000001041012899,55.594908,37.442863,4504235283113893,,,1,70000001041012898,Десна,мини-маркет,Продуктовые магазины,shop,1,5,2026-04-15T14:51:22Z,,0,32,https://2gis.com/firm/70000001041012899,branch,198,https://2gis.ru/moscow/search/Продуктовые магазины/rubricId/373/filters/district_id=4504209520926899
Продуктовый магазин,,Продуктовые магазины,"Хованское кладбище, ст6",,108802,,Коммунарка,Москва,,Москва,Россия,Пн: 08:00-20:00; Вт: 08:00-20:00; Ср: 08:00-20:00; Чт: 08:00-20:00; Пт: 08:00-20:00; Сб: 08:00-20:00; Вс: 08:00-20:00,+03:00,,,,,,,,,,,,,,,,,,,,,,,,,,,,,,,,,,,,,,,70000001065584717,55.607222,37.447563,4504235283176792,,,1,70000001065584716,Продуктовый магазин,Продуктовый магазин,Продуктовые магазины,shop,1,5,2026-05-15T11:37:51Z,,0,32,https://2gis.com/firm/70000001065584717,branch,198,https://2gis.ru/moscow/search/Продуктовые магазины/rubricId/373/filters/district_id=4504209520926899
Мир вкуса,продуктовый магазин,Продуктовые магазины,"Киевское шоссе 23 километр, 1",P1 этаж,108811,,Коммунарка,Москва,,Москва,Россия,Пн: 10:00-22:00; Вт: 10:00-22:00; Ср: 10:00-22:00; Чт: 10:00-22:00; Пт: 10:00-22:00; Сб: 10:00-22:00; Вс: 10:00-22:00,+03:00,1.9,1,,,,,,,,,,,,,,,,,,,,,,,,,,,,,,,,,,,,,70000001040003230,55.621912,37.423424,70030076142593203,ТРЦ Саларис,70030076181327592,1,70000001040003229,Мир вкуса,продуктовый магазин,Продуктовые магазины,shop,1,8,2026-03-26T10:02:25Z,,0,32,https://2gis.com/firm/70000001040003230,branch,198,https://2gis.ru/moscow/search/Продуктовые магазины/rubricId/373/filters/district_id=4504209520926899
Продуктовый магазин,,Продуктовые магазины,,,108811,,Коммунарка,Москва,,Москва,Россия,Пн: 09:00-19:00; Вт: 09:00-19:00; Ср: 09:00-19:00; Чт: 09:00-19:00; Пт: 09:00-19:00; Сб: 09:00-19:00; Вс: 09:00-19:00,+03:00,,,89998786554,,,,,,,,,,,,,,,,,,,,,,,,,,,,,,,,,,,,70000001089612342,55.616596,37.440783,70030076194339183,,,1,70000001089612341,Продуктовый магазин,Продуктовый магазин,Продуктовые магазины,shop,1,1,2026-05-27T10:35:51Z,,0,32,https://2gis.com/firm/70000001089612342,branch,198,https://2gis.ru/moscow/search/Продуктовые магазины/rubricId/373/filters/district_id=4504209520926899
Ароматный мир,винный супермаркет,Продуктовые магазины; Алкогольные напитки,"бульвар Веласкеса, 5 к2",1 этаж,108802,,Коммунарка,Москва,,Москва,Россия,Пн: 10:00-22:30; Вт: 10:00-22:30; Ср: 10:00-22:30; Чт: 10:00-22:30; Пт: 10:00-22:30; Сб: 10:00-22:30; Вс: 10:00-22:00 (Время продажи алкоголя ограничено.),+03:00,4.2,7,88007777290,84957775190 (доп.4811),,,,,http://amwine.ru,http://max.ru/amwineru,,,,,,,,,,,https://vk.com/amwineru,,,,,,,,,https://t.me/amwineru,,,https://youtube.com/@Aromatnyi_Mir_Vino_bez_vody,,,,,,70000001042826333,55.593003,37.458253,4504235325436192,,,564,4504136498285713,Ароматный мир,винный супермаркет,Продуктовые магазины,shop,2,4,2026-07-09T13:23:19Z,,0,32,https://2gis.com/firm/70000001042826333,branch,198,https://2gis.ru/moscow/search/Продуктовые магазины/rubricId/373/filters/district_id=4504209520926899
Красное&Белое,продуктовый магазин,Продуктовые магазины; Алкогольные напитки,"бульвар Веласкеса, 7 к6",1 этаж,108802,,Коммунарка,Москва,,Москва,Россия,Пн: 09:00-22:05; Вт: 09:00-22:05; Ср: 09:00-22:05; Чт: 09:00-22:05; Пт: 09:00-22:05; Сб: 09:00-22:05; Вс: 09:00-22:05 (Время продажи алкоголя ограничено.),+03:00,4.9,18,88001000804,89227033000,,,,,http://krasnoeibeloe.ru,http://zen.yandex.ru/id/5dde5c1021552277da47ba4b,http://max.ru/krasnoebeloe,,,,,,,,,,https://vk.com/krasnoebeloe,,,,,,,,,https://t.me/krasnoeibeloe,,,,,,,,,70000001046880207,55.594315,37.460744,70030076130500104,,,2113,70000001090565128,Красное&Белое,продуктовый магазин,Продуктовые магазины,shop,2,5,2026-06-21T07:49:03Z,,0,32,https://2gis.com/firm/70000001046880207,branch,198,https://2gis.ru/moscow/search/Продуктовые магазины/rubricId/373/filters/district_id=4504209520926899
Бристоль,магазин у дома,Продуктовые магазины; Алкогольные напитки,"Магеллана проспект, 2",1 этаж,108802,,Коммунарка,Москва,,Москва,Россия,Пн: 08:00-23:00; Вт: 08:00-23:00; Ср: 08:00-23:00; Чт: 08:00-23:00; Пт: 08:00-23:00; Сб: 08:00-23:00; Вс: 08:00-23:00 (Время продажи алкоголя ограничено.),+03:00,5.0,4,88002222002,,,,,,http://bristol.ru,,,,,,,,,,,,https://vk.com/bristol_retail,,,,,,,,,https://t.me/bristolretail,,,,,,,,,70000001059818080,55.590857,37.447506,70030076166059409,,,635,70000001018898719,Бристоль,магазин у дома,Продуктовые магазины,shop,2,6,2026-07-07T13:55:49Z,,0,32,https://2gis.com/firm/70000001059818080,branch,198,https://2gis.ru/moscow/search/Продуктовые магазины/rubricId/373/filters/district_id=4504209520926899
Красное&Белое,продуктовый магазин,Продуктовые магазины; Алкогольные напитки,"бульвар Веласкеса, 1 к3",1 этаж,108802,,Коммунарка,Москва,,Москва,Россия,Пн: 09:00-22:05; Вт: 09:00-22:05; Ср: 09:00-22:05; Чт: 09:00-22:05; Пт: 09:00-22:05; Сб: 09:00-22:05; Вс: 09:00-22:05 (Время продажи алкоголя ограничено.),+03:00,4.7,37,88001000804,89227033000,,,,,http://krasnoeibeloe.ru,http://zen.yandex.ru/id/5dde5c1021552277da47ba4b,http://max.ru/krasnoebeloe,,,,,,,,,,https://vk.com/krasnoebeloe,,,,,,,,,https://t.me/krasnoeibeloe,,,,,,,,,70000001038808679,55.592547,37.455784,4504235314988439,,,2113,70000001090565128,Красное&Белое,продуктовый магазин,Продуктовые магазины,shop,2,5,2026-06-21T07:48:26Z,,0,32,https://2gis.com/firm/70000001038808679,branch,198,https://2gis.ru/moscow/search/Продуктовые магазины/rubricId/373/filters/district_id=4504209520926899
Полянка,продуктовый магазин,Продуктовые магазины,"Магеллана проспект, 4",1 этаж,108802,,Коммунарка,Москва,,Москва,Россия,Пн: 10:00-21:00; Вт: 10:00-21:00; Ср: 10:00-21:00; Чт: 10:00-21:00; Пт: 10:00-21:00; Сб: 10:00-21:00; Вс: 10:00-20:00,+03:00,,,,,,,,,,,,,,,,,,,,,,,,,,,,,,,,,,,,,,,70000001101654692,55.591594,37.444604,70030076242282247,,,1,70000001101654691,Полянка,продуктовый магазин,Продуктовые магазины,shop,1,3,2026-01-19T16:15:14Z,,0,32,https://2gis.com/firm/70000001101654692,branch,198,https://2gis.ru/moscow/search/Продуктовые магазины/rubricId/373/filters/district_id=4504209520926899
Продуктовый магазин,,Продуктовые магазины,"улица Адмирала Корнилова, вл2",,108811,,Коммунарка,Москва,,Москва,Россия,Пн: 09:00-21:00; Вт: 09:00-21:00; Ср: 09:00-21:00; Чт: 09:00-21:00; Пт: 09:00-21:00; Сб: 09:00-21:00; Вс: 09:00-21:00,+03:00,,,89856652616,,,,,,,,,,,,,,,,,,,,,,,,,,,,,,,,,,,,70000001114663338,55.619458,37.441583,4504235300266857,,,1,70000001114663337,Продуктовый магазин,Продуктовый магазин,Продуктовые магазины,shop,1,0,2026-05-27T11:01:35Z,,0,32,https://2gis.com/firm/70000001114663338,branch,198,https://2gis.ru/moscow/search/Продуктовые магазины/rubricId/373/filters/district_id=4504209520926899
Красное&Белое,продуктовый магазин,Продуктовые магазины; Алкогольные напитки,"квартал 2, 5 ст1",1 этаж,108820,,Коммунарка,Москва,,Москва,Россия,Пн: 09:00-22:05; Вт: 09:00-22:05; Ср: 09:00-22:05; Чт: 09:00-22:05; Пт: 09:00-22:05; Сб: 09:00-22:05; Вс: 09:00-22:05 (Время продажи алкоголя ограничено.),+03:00,4.6,2,89097555854,89265753519,,,,,http://krasnoeibeloe.ru,http://zen.yandex.ru/id/5dde5c1021552277da47ba4b,http://max.ru/krasnoebeloe,,,,,,,,,,https://vk.com/krasnoebeloe,,,,,,,,,https://t.me/krasnoeibeloe,,,,,,,,,70000001097312719,55.633574,37.455218,70030076284265923,,,2113,70000001090565128,Красное&Белое,продуктовый магазин,Продуктовые магазины,shop,2,3,2026-06-21T07:49:11Z,,0,32,https://2gis.com/firm/70000001097312719,branch,198,https://2gis.ru/moscow/search/Продуктовые магазины/rubricId/373/filters/district_id=4504209520926899
Около,минимаркет,Продуктовые магазины,"деревня Дудкино, 67",,108820,Дудкино,Коммунарка,,,Москва,Россия,,+03:00,,,84956628888,,,,,,,,,,,,,,,,,,,,,,,,,,,https://t.me/okolo10,,,,,,,,,70000001113859774,55.628835,37.440329,4504235283178566,,,148,70000001080350055,Около,минимаркет,Продуктовые магазины,shop,1,6,2026-04-28T08:41:03Z,,0,32,https://2gis.com/firm/70000001113859774,branch,198,https://2gis.ru/moscow/search/Продуктовые магазины/rubricId/373/filters/district_id=4504209520926899
Продуктовый магазин,,Продуктовые магазины,,,108811,,Коммунарка,Москва,,Москва,Россия,Пн: 08:00-23:00; Вт: 08:00-23:00; Ср: 08:00-23:00; Чт: 08:00-23:00; Пт: 08:00-23:00; Сб: 08:00-23:00; Вс: 08:00-23:00,+03:00,,,,,,,,,,,,,,,,,,,,,,,,,,,,,,,,,,,,,,,70000001027888418,55.618368,37.447498,70030076193765243,,,1,70000001027888417,Продуктовый магазин,Продуктовый магазин,Продуктовые магазины,shop,1,3,2026-04-29T12:46:49Z,,0,32,https://2gis.com/firm/70000001027888418,branch,198,https://2gis.ru/moscow/search/Продуктовые магазины/rubricId/373/filters/district_id=4504209520926899
Бристоль,магазин у дома,Продуктовые магазины; Алкогольные напитки,"Калужское шоссе 22 километр, 10",26-32 павильон; 1 этаж,108802,,Коммунарка,Москва,,Москва,Россия,Пн: 08:00-22:00; Вт: 08:00-22:00; Ср: 08:00-22:00; Чт: 08:00-22:00; Пт: 08:00-22:00; Сб: 08:00-22:00; Вс: 08:00-22:00 (Время продажи алкоголя ограничено.),+03:00,,,88002222002,,,,,,http://bristol.ru,,,,,,,,,,,,https://vk.com/bristol_retail,,,,,,,,,https://t.me/bristolretail,,,,,,,,,70000001095704087,55.600322,37.474419,4504235283119276,ФУД СИТИ,70030076482998368,635,70000001018898719,Бристоль,магазин у дома,Продуктовые магазины,shop,2,6,2026-07-07T13:55:35Z,,0,32,https://2gis.com/firm/70000001095704087,branch,198,https://2gis.ru/moscow/search/Продуктовые магазины/rubricId/373/filters/district_id=4504209520926899
Магазин продуктов из Армении,,Продуктовые магазины,"улица Адмирала Корнилова, 69/2",68 павильон; 1 этаж,108811,,Коммунарка,Москва,,Москва,Россия,Пн: 09:00-21:00; Вт: 09:00-21:00; Ср: 09:00-21:00; Чт: 09:00-21:00; Пт: 09:00-21:00; Сб: 09:00-21:00; Вс: 09:00-21:00,+03:00,,,89166513311,,,,,,,,,,,,,,,,,,,,,https://wa.me/79166513311,,,,,,,,,,,,,,,70000001074633528,55.623435,37.441413,70030076137551567,ТК Саларьево,,1,70000001074633527,Магазин продуктов из Армении,Магазин продуктов из Армении,Продуктовые магазины,shop,1,3,2026-05-25T15:45:19Z,,0,32,https://2gis.com/firm/70000001074633528,branch,198,https://2gis.ru/moscow/search/Продуктовые магазины/rubricId/373/filters/district_id=4504209520926899
Бристоль,магазин у дома,Продуктовые магазины; Алкогольные напитки,"Новомихайловское шоссе, 1 к2",,142704,,Коммунарка,Москва,,Москва,Россия,Пн: 08:00-23:00; Вт: 08:00-23:00; Ср: 08:00-23:00; Чт: 08:00-23:00; Пт: 08:00-23:00; Сб: 08:00-23:00; Вс: 08:00-23:00 (Время продажи алкоголя ограничено.),+03:00,3.1,2,88002222002,,,,,,http://bristol.ru,,,,,,,,,,,,https://vk.com/bristol_retail,,,,,,,,,https://t.me/bristolretail,,,,,,,,,70000001093438860,55.606558,37.473202,70030076212056442,,,635,70000001018898719,Бристоль,магазин у дома,Продуктовые магазины,shop,2,5,2026-07-07T13:55:37Z,,0,32,https://2gis.com/firm/70000001093438860,branch,198,https://2gis.ru/moscow/search/Продуктовые магазины/rubricId/373/filters/district_id=4504209520926899
Красное&Белое,продуктовый магазин,Продуктовые магазины; Алкогольные напитки,"Ясная улица, 2",1 этаж,108814,,Коммунарка,,,Москва,Россия,Пн: 09:00-22:05; Вт: 09:00-22:05; Ср: 09:00-22:05; Чт: 09:00-22:05; Пт: 09:00-22:05; Сб: 09:00-22:05; Вс: 09:00-22:05 (Время продажи алкоголя ограничено.),+03:00,4.7,34,88001000804,89227033000,,,,,http://krasnoeibeloe.ru,http://zen.yandex.ru/id/5dde5c1021552277da47ba4b,http://max.ru/krasnoebeloe,,,,,,,,,,https://vk.com/krasnoebeloe,,,,,,,,,https://t.me/krasnoeibeloe,,,,,,,,,70000001028987577,55.568413,37.474555,4504235283111678,,,2113,70000001090565128,Красное&Белое,продуктовый магазин,Продуктовые магазины,shop,2,4,2026-06-22T05:28:25Z,,0,32,https://2gis.com/firm/70000001028987577,branch,198,https://2gis.ru/moscow/search/Продуктовые магазины/rubricId/373/filters/district_id=4504209520926899
Продуктовый магазин,,Продуктовые магазины,"Хованское кладбище, ст6",,108802,,Коммунарка,Москва,,Москва,Россия,Пн: 08:00-20:00; Вт: 08:00-20:00; Ср: 08:00-20:00; Чт: 08:00-20:00; Пт: 08:00-20:00; Сб: 08:00-20:00; Вс: 08:00-20:00,+03:00,,,,,,,,,,,,,,,,,,,,,,,,,,,,,,,,,,,,,,,70000001065584717,55.607222,37.447563,4504235283176792,,,1,70000001065584716,Продуктовый магазин,Продуктовый магазин,Продуктовые магазины,shop,1,5,2026-05-15T11:37:51Z,,0,32,https://2gis.com/firm/70000001065584717,branch,198,https://2gis.ru/moscow/search/Продуктовые магазины/rubricId/373/filters/district_id=4504209520926899
Красное&Белое,продуктовый магазин,Продуктовые магазины; Алкогольные напитки,"улица Малое Понизовье, 10",1 этаж,108802,,Коммунарка,Москва,,Москва,Россия,Пн: 09:00-22:05; Вт: 09:00-22:05; Ср: 09:00-22:05; Чт: 09:00-22:05; Пт: 09:00-22:05; Сб: 09:00-22:05; Вс: 09:00-22:05 (Время продажи алкоголя ограничено.),+03:00,4.7,27,88001000804,89227033000,,,,,http://krasnoeibeloe.ru,http://zen.yandex.ru/id/5dde5c1021552277da47ba4b,http://max.ru/krasnoebeloe,,,,,,,,,,https://vk.com/krasnoebeloe,,,,,,,,,https://t.me/krasnoeibeloe,,,,,,,,,70000001062149806,55.601361,37.411637,70030076178151755,,,2113,70000001090565128,Красное&Белое,продуктовый магазин,Продуктовые магазины,shop,2,4,2026-06-21T07:48:49Z,,0,32,https://2gis.com/firm/70000001062149806,branch,198,https://2gis.ru/moscow/search/Продуктовые магазины/rubricId/373/filters/district_id=4504209520926899
Красное&Белое,продуктовый магазин,Продуктовые магазины; Алкогольные напитки,"Прокшинский проспект, 12",1 этаж,108802,,Коммунарка,Москва,,Москва,Россия,Пн: 09:00-22:05; Вт: 09:00-22:05; Ср: 09:00-22:05; Чт: 09:00-22:05; Пт: 09:00-22:05; Сб: 09:00-22:05; Вс: 09:00-22:05 (Время продажи алкоголя ограничено.),+03:00,,,88001000804,89227033000,,,,,http://krasnoeibeloe.ru,http://zen.yandex.ru/id/5dde5c1021552277da47ba4b,http://max.ru/krasnoebeloe,,,,,,,,,,https://vk.com/krasnoebeloe,,,,,,,,,https://t.me/krasnoeibeloe,,,,,,,,,70000001082951686,55.592192,37.423678,70030076221353085,,,2113,70000001090565128,Красное&Белое,продуктовый магазин,Продуктовые магазины,shop,2,6,2026-06-21T07:48:54Z,,0,32,https://2gis.com/firm/70000001082951686,branch,198,https://2gis.ru/moscow/search/Продуктовые магазины/rubricId/373/filters/district_id=4504209520926899
Красное&Белое,продуктовый магазин,Продуктовые магазины; Алкогольные напитки,"Саларьевская улица, 13 к1",1 этаж,108811,,Коммунарка,Москва,,Москва,Россия,Пн: 09:00-22:05; Вт: 09:00-22:05; Ср: 09:00-22:05; Чт: 09:00-22:05; Пт: 09:00-22:05; Сб: 09:00-22:05; Вс: 09:00-22:05 (Время продажи алкоголя ограничено.),+03:00,4.8,17,88001000804,89227033000,,,,,http://krasnoeibeloe.ru,http://zen.yandex.ru/id/5dde5c1021552277da47ba4b,http://max.ru/krasnoebeloe,,,,,,,,,,https://vk.com/krasnoebeloe,,,,,,,,,https://t.me/krasnoeibeloe,,,,,,,,,70000001066067426,55.614284,37.412688,70030076168395840,,,2113,70000001090565128,Красное&Белое,продуктовый магазин,Продуктовые магазины,shop,2,4,2026-06-21T07:49:25Z,,0,32,https://2gis.com/firm/70000001066067426,branch,198,https://2gis.ru/moscow/search/Продуктовые магазины/rubricId/373/filters/district_id=4504209520926899
Бристоль,магазин у дома,Продуктовые магазины; Алкогольные напитки,"улица Александры Монаховой, 10",цокольный этаж,108814,,Коммунарка,,,Москва,Россия,Пн: 08:00-23:00; Вт: 08:00-23:00; Ср: 08:00-23:00; Чт: 08:00-23:00; Пт: 08:00-23:00; Сб: 08:00-23:00; Вс: 08:00-23:00 (Время продажи алкоголя ограничено.),+03:00,4.0,15,88002222002,,,,,,http://bristol.ru,,,,,,,,,,,,https://vk.com/bristol_retail,,,,,,,,,https://t.me/bristolretail,,,,,,,,,70000001020304887,55.573057,37.473426,4504235283111119,,,635,70000001018898719,Бристоль,магазин у дома,Продуктовые магазины,shop,2,4,2026-07-07T13:55:39Z,,0,32,https://2gis.com/firm/70000001020304887,branch,198,https://2gis.ru/moscow/search/Продуктовые магазины/rubricId/373/filters/district_id=4504209520926899
Продуктовый магазин,г. Москва,Продуктовые магазины,"деревня Мамыри, 17",1 этаж,142704,,Коммунарка,Москва,,Москва,Россия,Пн: 08:00-20:00; Вт: 08:00-20:00; Ср: 08:00-20:00; Чт: 08:00-20:00; Пт: 08:00-20:00; Сб: 08:00-20:00; Вс: 08:00-20:00,+03:00,,,,,,,,,,,,,,,,,,,,,,,,,,,,,,,,,,,,,,,70000001087635806,55.605136,37.481013,4504235283110742,,,1,70000001087635805,"Продуктовый магазин, г. Москва",Продуктовый магазин,Продуктовые магазины,shop,1,3,2026-04-06T12:25:19Z,,0,32,https://2gis.com/firm/70000001087635806,branch,198,https://2gis.ru/moscow/search/Продуктовые магазины/rubricId/373/filters/district_id=4504209520926899
Продуктовый магазин,,Продуктовые магазины,,,142704,,Коммунарка,Москва,,Москва,Россия,Пн: 07:00-18:00; Вт: 07:00-18:00; Ср: 07:00-18:00; Чт: 07:00-18:00; Пт: 07:00-18:00; Сб: 07:00-18:00; Вс: 07:00-18:00,+03:00,,,,,,,,,,,,,,,,,,,,,,,,,,,,,,,,,,,,,,,70000001113281517,55.606801,37.479025,4504235283165657,,,1,70000001113281516,Продуктовый магазин,Продуктовый магазин,Продуктовые магазины,shop,1,3,2026-04-27T11:10:29Z,,0,32,https://2gis.com/firm/70000001113281517,branch,198,https://2gis.ru/moscow/search/Продуктовые магазины/rubricId/373/filters/district_id=4504209520926899
Славянка,продуктовый магазин,Продуктовые магазины,"деревня Мамыри, 12 ст5а",,142704,,Коммунарка,Москва,,Москва,Россия,Пн: 09:00-20:00; Вт: 09:00-20:00; Ср: 09:00-20:00; Чт: 09:00-20:00; Пт: 09:00-20:00; Сб: 09:00-20:00; Вс: 09:00-20:00,+03:00,,,,,,,,,,,,,,,,,,,,,,,,,,,,,,,,,,,,,,,70000001038271555,55.605281,37.481988,70030076188869810,,,2,70000001031652764,Славянка,продуктовый магазин,Продуктовые магазины,shop,1,5,2026-04-14T11:51:31Z,,0,32,https://2gis.com/firm/70000001038271555,branch,198,https://2gis.ru/moscow/search/Продуктовые магазины/rubricId/373/filters/district_id=4504209520926899
Красное&Белое,продуктовый магазин,Продуктовые магазины; Алкогольные напитки,"улица Большое Понизовье, 3",1 этаж,108802,,Коммунарка,Москва,,Москва,Россия,Пн: 09:00-22:05; Вт: 09:00-22:05; Ср: 09:00-22:05; Чт: 09:00-22:05; Пт: 09:00-22:05; Сб: 09:00-22:05; Вс: 09:00-22:05 (Время продажи алкоголя ограничено.),+03:00,4.6,5,88001000804,89227033000,,,,,http://krasnoeibeloe.ru,http://zen.yandex.ru/id/5dde5c1021552277da47ba4b,http://max.ru/krasnoebeloe,,,,,,,,,,https://vk.com/krasnoebeloe,,,,,,,,,https://t.me/krasnoeibeloe,,,,,,,,,70000001079933643,55.603986,37.416934,70030076225015039,,,2113,70000001090565128,Красное&Белое,продуктовый магазин,Продуктовые магазины,shop,2,6,2026-06-21T07:49:41Z,,0,32,https://2gis.com/firm/70000001079933643,branch,198,https://2gis.ru/moscow/search/Продуктовые магазины/rubricId/373/filters/district_id=4504209520926899
Красное&Белое,продуктовый магазин,Продуктовые магазины; Алкогольные напитки,"Ясная улица, 1",1 этаж,108814,,Коммунарка,,,Москва,Россия,Пн: 09:00-22:05; Вт: 09:00-22:05; Ср: 09:00-22:05; Чт: 09:00-22:05; Пт: 09:00-22:05; Сб: 09:00-22:05; Вс: 09:00-22:05 (Время продажи алкоголя ограничено.),+03:00,4.6,11,88001000804,89227033000,,,,,http://krasnoeibeloe.ru,http://zen.yandex.ru/id/5dde5c1021552277da47ba4b,http://max.ru/krasnoebeloe,,,,,,,,,,https://vk.com/krasnoebeloe,,,,,,,,,https://t.me/krasnoeibeloe,,,,,,,,,70000001089358096,55.569475,37.475841,4504235283111125,,,2113,70000001090565128,Красное&Белое,продуктовый магазин,Продуктовые магазины,shop,2,4,2025-11-12T16:32:57Z,,0,32,https://2gis.com/firm/70000001089358096,branch,198,https://2gis.ru/moscow/search/Продуктовые магазины/rubricId/373/filters/district_id=4504209520926899
Красное&Белое,продуктовый магазин,Продуктовые магазины; Алкогольные напитки,"улица Лобановский Лес, 9",1 этаж,108802,,Коммунарка,Москва,,Москва,Россия,Пн: 09:00-22:05; Вт: 09:00-22:05; Ср: 09:00-22:05; Чт: 09:00-22:05; Пт: 09:00-22:05; Сб: 09:00-22:05; Вс: 09:00-22:05 (Время продажи алкоголя ограничено.),+03:00,2.3,1,88001000804,89227033000,,,,,http://krasnoeibeloe.ru,http://zen.yandex.ru/id/5dde5c1021552277da47ba4b,http://max.ru/krasnoebeloe,,,,,,,,,,https://vk.com/krasnoebeloe,,,,,,,,,https://t.me/krasnoeibeloe,,,,,,,,,70000001098590570,55.595629,37.430198,70030076352191417,,,2113,70000001090565128,Красное&Белое,продуктовый магазин,Продуктовые магазины,shop,2,5,2025-11-24T12:42:53Z,,0,32,https://2gis.com/firm/70000001098590570,branch,198,https://2gis.ru/moscow/search/Продуктовые магазины/rubricId/373/filters/district_id=4504209520926899
Красное&Белое,продуктовый магазин,Продуктовые магазины; Алкогольные напитки,"улица Малое Понизовье, 10",1 этаж,108802,,Коммунарка,Москва,,Москва,Россия,Пн: 09:00-22:05; Вт: 09:00-22:05; Ср: 09:00-22:05; Чт: 09:00-22:05; Пт: 09:00-22:05; Сб: 09:00-22:05; Вс: 09:00-22:05 (Время продажи алкоголя ограничено.),+03:00,4.7,27,88001000804,89227033000,,,,,http://krasnoeibeloe.ru,http://zen.yandex.ru/id/5dde5c1021552277da47ba4b,http://max.ru/krasnoebeloe,,,,,,,,,,https://vk.com/krasnoebeloe,,,,,,,,,https://t.me/krasnoeibeloe,,,,,,,,,70000001062149806,55.601361,37.411637,70030076178151755,,,2113,70000001090565128,Красное&Белое,продуктовый магазин,Продуктовые магазины,shop,2,4,2026-06-21T07:48:49Z,,0,32,https://2gis.com/firm/70000001062149806,branch,198,https://2gis.ru/moscow/search/Продуктовые магазины/rubricId/373/filters/district_id=4504209520926899
Бристоль,магазин у дома,Продуктовые магазины; Алкогольные напитки,"Прокшинский проспект, 12",1 этаж,108802,,Коммунарка,Москва,,Москва,Россия,Пн: 08:00-23:00; Вт: 08:00-23:00; Ср: 08:00-23:00; Чт: 08:00-23:00; Пт: 08:00-23:00; Сб: 08:00-23:00; Вс: 08:00-23:00 (Время продажи алкоголя ограничено.),+03:00,4.3,11,88002222002,,,,,,http://bristol.ru,,,,,,,,,,,,https://vk.com/bristol_retail,,,,,,,,,https://t.me/bristolretail,,,,,,,,,70000001080167132,55.591799,37.426444,70030076221353085,,,635,70000001018898719,Бристоль,магазин у дома,Продуктовые магазины,shop,2,5,2026-07-07T13:55:37Z,,0,32,https://2gis.com/firm/70000001080167132,branch,198,https://2gis.ru/moscow/search/Продуктовые магазины/rubricId/373/filters/district_id=4504209520926899
Продуктовый магазин,,Продуктовые магазины,,,108811,,Коммунарка,Москва,,Москва,Россия,Пн: 08:00-23:00; Вт: 08:00-23:00; Ср: 08:00-23:00; Чт: 08:00-23:00; Пт: 08:00-23:00; Сб: 08:00-23:00; Вс: 08:00-23:00,+03:00,,,,,,,,,,,,,,,,,,,,,,,,,,,,,,,,,,,,,,,70000001027888418,55.618368,37.447498,70030076193765243,,,1,70000001027888417,Продуктовый магазин,Продуктовый магазин,Продуктовые магазины,shop,1,3,2026-04-29T12:46:49Z,,0,32,https://2gis.com/firm/70000001027888418,branch,198,https://2gis.ru/moscow/search/Продуктовые магазины/rubricId/373/filters/district_id=4504209520926899
Красное&Белое,продуктовый магазин,Продуктовые магазины; Алкогольные напитки,"улица Большое Понизовье, 3",1 этаж,108802,,Коммунарка,Москва,,Москва,Россия,Пн: 09:00-22:05; Вт: 09:00-22:05; Ср: 09:00-22:05; Чт: 09:00-22:05; Пт: 09:00-22:05; Сб: 09:00-22:05; Вс: 09:00-22:05 (Время продажи алкоголя ограничено.),+03:00,4.6,5,88001000804,89227033000,,,,,http://krasnoeibeloe.ru,http://zen.yandex.ru/id/5dde5c1021552277da47ba4b,http://max.ru/krasnoebeloe,,,,,,,,,,https://vk.com/krasnoebeloe,,,,,,,,,https://t.me/krasnoeibeloe,,,,,,,,,70000001079933643,55.603986,37.416934,70030076225015039,,,2113,70000001090565128,Красное&Белое,продуктовый магазин,Продуктовые магазины,shop,2,6,2026-06-21T07:49:41Z,,0,32,https://2gis.com/firm/70000001079933643,branch,198,https://2gis.ru/moscow/search/Продуктовые магазины/rubricId/373/filters/district_id=4504209520926899
Красное&Белое,продуктовый магазин,Продуктовые магазины; Алкогольные напитки,"Ясная улица, 1",1 этаж,108814,,Коммунарка,,,Москва,Россия,Пн: 09:00-22:05; Вт: 09:00-22:05; Ср: 09:00-22:05; Чт: 09:00-22:05; Пт: 09:00-22:05; Сб: 09:00-22:05; Вс: 09:00-22:05 (Время продажи алкоголя ограничено.),+03:00,4.6,11,88001000804,89227033000,,,,,http://krasnoeibeloe.ru,http://zen.yandex.ru/id/5dde5c1021552277da47ba4b,http://max.ru/krasnoebeloe,,,,,,,,,,https://vk.com/krasnoebeloe,,,,,,,,,https://t.me/krasnoeibeloe,,,,,,,,,70000001089358096,55.569475,37.475841,4504235283111125,,,2113,70000001090565128,Красное&Белое,продуктовый магазин,Продуктовые магазины,shop,2,4,2025-11-12T16:32:57Z,,0,32,https://2gis.com/firm/70000001089358096,branch,198,https://2gis.ru/moscow/search/Продуктовые магазины/rubricId/373/filters/district_id=4504209520926899
Бристоль,магазин у дома,Продуктовые магазины; Алкогольные напитки,"улица Александры Монаховой, 10",цокольный этаж,108814,,Коммунарка,,,Москва,Россия,Пн: 08:00-23:00; Вт: 08:00-23:00; Ср: 08:00-23:00; Чт: 08:00-23:00; Пт: 08:00-23:00; Сб: 08:00-23:00; Вс: 08:00-23:00 (Время продажи алкоголя ограничено.),+03:00,4.0,15,88002222002,,,,,,http://bristol.ru,,,,,,,,,,,,https://vk.com/bristol_retail,,,,,,,,,https://t.me/bristolretail,,,,,,,,,70000001020304887,55.573057,37.473426,4504235283111119,,,635,70000001018898719,Бристоль,магазин у дома,Продуктовые магазины,shop,2,4,2026-07-07T13:55:39Z,,0,32,https://2gis.com/firm/70000001020304887,branch,198,https://2gis.ru/moscow/search/Продуктовые магазины/rubricId/373/filters/district_id=4504209520926899
Халяль маркет,магазин,Продуктовые магазины,"улица Лобановский Лес, 11",1 этаж,108802,,Коммунарка,Москва,,Москва,Россия,Пн: 10:00-21:00; Вт: 10:00-21:00; Ср: 10:00-21:00; Чт: 10:00-21:00; Пт: 10:00-21:00; Сб: 10:00-21:00; Вс: 10:00-21:00,+03:00,1.0,1,,,,,,,,,,,,,,,,,,,,,,,,,,,,,,,,,,,,,70000001098635647,55.593193,37.429138,70030076332139069,,,1,70000001098635646,Халяль маркет,магазин,Продуктовые магазины,shop,1,5,2026-04-15T11:16:21Z,,0,32,https://2gis.com/firm/70000001098635647,branch,198,https://2gis.ru/moscow/search/Продуктовые магазины/rubricId/373/filters/district_id=4504209520926899
Продуктовый магазин,,Продуктовые магазины,,ТА-36 павильон,108820,,Коммунарка,Москва,,Москва,Россия,Пн: 00:00-24:00; Вт: 00:00-24:00; Ср: 00:00-24:00; Чт: 00:00-24:00; Пт: 00:00-24:00; Сб: 00:00-24:00; Вс: 00:00-24:00,+03:00,,,,,,,,,,,,,,,,,,,,,,,,,,,,,,,,,,,,,,,70000001064911321,55.621063,37.449071,70030076455074000,,,1,70000001064911320,Продуктовый магазин,Продуктовый магазин,Продуктовые магазины,shop,1,2,2026-04-20T05:00:16Z,,0,32,https://2gis.com/firm/70000001064911321,branch,198,https://2gis.ru/moscow/search/Продуктовые магазины/rubricId/373/filters/district_id=4504209520926899
Десна,мини-маркет,Продуктовые магазины,"деревня Николо-Хованское, 128а",,108802,,Коммунарка,,,Москва,Россия,"Пн: 09:00-13:00, 14:00-21:00; Вт: 09:00-13:00, 14:00-21:00; Ср: 09:00-13:00, 14:00-21:00; Чт: 09:00-13:00, 14:00-21:00; Пт: 09:00-13:00, 14:00-21:00; Сб: 09:00-13:00, 14:00-21:00; Вс: 09:00-13:00, 14:00-21:00",+03:00,,,,,,,,,,,,,,,,,,,,,,,,,,,,,,,,,,,,,,,70000001041012899,55.594908,37.442863,4504235283113893,,,1,70000001041012898,Десна,мини-маркет,Продуктовые магазины,shop,1,5,2026-04-15T14:51:22Z,,0,32,https://2gis.com/firm/70000001041012899,branch,198,https://2gis.ru/moscow/search/Продуктовые магазины/rubricId/373/filters/district_id=4504209520926899
Минимаркет,,Продуктовые магазины,,,108820,,Коммунарка,Москва,,Москва,Россия,Пн: 08:00-18:00; Вт: 08:00-18:00; Ср: 08:00-18:00; Чт: 08:00-18:00; Пт: 08:00-18:00; Сб: 08:00-18:00; Вс: 08:00-18:00,+03:00,,,,,,,,,,,,,,,,,,,,,,,,,,,,,,,,,,,,,,,70000001113786944,55.622276,37.450931,70030076193806737,,,1,70000001113786943,Минимаркет,Минимаркет,Продуктовые магазины,shop,1,6,2026-04-23T16:58:39Z,,0,32,https://2gis.com/firm/70000001113786944,branch,198,https://2gis.ru/moscow/search/Продуктовые магазины/rubricId/373/filters/district_id=4504209520926899
Продуктовый магазин,,Продуктовые магазины,,,108820,,Коммунарка,Москва,,Москва,Россия,Пн: 08:00-20:00; Вт: 08:00-20:00; Ср: 08:00-20:00; Чт: 08:00-20:00; Пт: 08:00-20:00; Сб: 08:00-20:00; Вс: 08:00-20:00,+03:00,,,,,,,,,,,,,,,,,,,,,,,,,,,,,,,,,,,,,,,70000001064822218,55.622311,37.450805,70030076193806737,,,1,70000001064822217,Продуктовый магазин,Продуктовый магазин,Продуктовые магазины,shop,1,2,2026-04-23T16:35:38Z,,0,32,https://2gis.com/firm/70000001064822218,branch,198,https://2gis.ru/moscow/search/Продуктовые магазины/rubricId/373/filters/district_id=4504209520926899
Магазин продуктов,,Продуктовые магазины,,,108820,,Коммунарка,Москва,,Москва,Россия,Пн: 09:00-22:00; Вт: 09:00-22:00; Ср: 09:00-22:00; Чт: 09:00-22:00; Пт: 09:00-22:00; Сб: 09:00-22:00; Вс: 09:00-22:00,+03:00,,,,,,,,,,,,,,,,,,,,,,,,,,,,,,,,,,,,,,,70000001078506765,55.621665,37.458262,70030076194700840,,,1,70000001078506764,Магазин продуктов,Магазин продуктов,Продуктовые магазины,shop,1,6,2026-04-22T13:57:27Z,,0,32,https://2gis.com/firm/70000001078506765,branch,198,https://2gis.ru/moscow/search/Продуктовые магазины/rubricId/373/filters/district_id=4504209520926899
Красное&Белое,продуктовый магазин,Продуктовые магазины; Алкогольные напитки,"Бачуринская улица, 9а к1",1 этаж,108814,,Коммунарка,,,Москва,Россия,Пн: 09:00-22:05; Вт: 09:00-22:05; Ср: 09:00-22:05; Чт: 09:00-22:05; Пт: 09:00-22:05; Сб: 09:00-22:05; Вс: 09:00-22:05 (Время продажи алкоголя ограничено.),+03:00,5.0,3,88001000804,89227033000,,,,,http://krasnoeibeloe.ru,http://zen.yandex.ru/id/5dde5c1021552277da47ba4b,http://max.ru/krasnoebeloe,,,,,,,,,,https://vk.com/krasnoebeloe,,,,,,,,,https://t.me/krasnoeibeloe,,,,,,,,,70000001089777214,55.579324,37.48091,70030076177705924,,,2113,70000001090565128,Красное&Белое,продуктовый магазин,Продуктовые магазины,shop,2,5,2026-06-21T07:49:12Z,,0,32,https://2gis.com/firm/70000001089777214,branch,198,https://2gis.ru/moscow/search/Продуктовые магазины/rubricId/373/filters/district_id=4504209520926899
Продуктовый магазин,,Продуктовые магазины,"МКАД 43 километр, к8",1 этаж,108820,,Коммунарка,Москва,,Москва,Россия,Пн: 00:00-24:00; Вт: 00:00-24:00; Ср: 00:00-24:00; Чт: 00:00-24:00; Пт: 00:00-24:00; Сб: 00:00-24:00; Вс: 00:00-24:00,+03:00,3.6,2,,,,,,,,,,,,,,,,,,,,,,,,,,,,,,,,,,,,,70000001064822236,55.622431,37.458728,4504235308594368,,,3,70000001055403094,Продуктовый магазин,Продуктовый магазин,Продуктовые магазины,shop,1,8,2026-04-21T07:24:21Z,,0,32,https://2gis.com/firm/70000001064822236,branch,198,https://2gis.ru/moscow/search/Продуктовые магазины/rubricId/373/filters/district_id=4504209520926899
Магазин китайской продукции,,Продуктовые магазины,"Калужское шоссе 22 километр, 10",1 этаж,108802,,Коммунарка,Москва,,Москва,Россия,Пн: 09:00-19:00; Вт: 09:00-19:00; Ср: 09:00-19:00; Чт: 09:00-19:00; Пт: 09:00-19:00; Сб: 09:00-19:00; Вс: 09:00-19:00,+03:00,,,,,,,,,,,,,,,,,,,,,,,,,,,,,,,,,,,,,,,70000001115528107,55.599668,37.474582,4504235283119276,ФУД СИТИ,70030076482998368,1,70000001115528106,Магазин китайской продукции,Магазин китайской продукции,Продуктовые магазины,shop,1,4,2026-06-28T15:08:42Z,,0,32,https://2gis.com/firm/70000001115528107,branch,198,https://2gis.ru/moscow/search/Продуктовые магазины/rubricId/373/filters/district_id=4504209520926899
Красное&Белое,продуктовый магазин,Продуктовые магазины; Алкогольные напитки,"улица Александры Монаховой, 5 к3",1 этаж,108814,,Коммунарка,,,Москва,Россия,Пн: 09:00-22:05; Вт: 09:00-22:05; Ср: 09:00-22:05; Чт: 09:00-22:05; Пт: 09:00-22:05; Сб: 09:00-22:05; Вс: 09:00-22:05 (Время продажи алкоголя ограничено.),+03:00,,,88001000804,89227033000,,,,,http://krasnoeibeloe.ru,http://zen.yandex.ru/id/5dde5c1021552277da47ba4b,http://max.ru/krasnoebeloe,,,,,,,,,,https://vk.com/krasnoebeloe,,,,,,,,,https://t.me/krasnoeibeloe,,,,,,,,,70000001105698116,55.574952,37.473837,4504235283173810,,,2113,70000001090565128,Красное&Белое,продуктовый магазин,Продуктовые магазины,shop,2,0,2026-06-21T07:49:22Z,,0,32,https://2gis.com/firm/70000001105698116,branch,198,https://2gis.ru/moscow/search/Продуктовые магазины/rubricId/373/filters/district_id=4504209520926899
Красное&Белое,продуктовый магазин,Продуктовые магазины; Алкогольные напитки,"Бачуринская улица, 11а к1",1 этаж,108814,,Коммунарка,,,Москва,Россия,Пн: 09:00-22:05; Вт: 09:00-22:05; Ср: 09:00-22:05; Чт: 09:00-22:05; Пт: 09:00-22:05; Сб: 09:00-22:05; Вс: 09:00-22:05 (Время продажи алкоголя ограничено.),+03:00,4.6,34,88001000804,89227033000,,,,,http://krasnoeibeloe.ru,http://zen.yandex.ru/id/5dde5c1021552277da47ba4b,http://max.ru/krasnoebeloe,,,,,,,,,,https://vk.com/krasnoebeloe,,,,,,,,,https://t.me/krasnoeibeloe,,,,,,,,,70000001055635622,55.578276,37.482906,70030076166653959,,,2113,70000001090565128,Красное&Белое,продуктовый магазин,Продуктовые магазины,shop,2,5,2026-06-21T07:48:39Z,,0,32,https://2gis.com/firm/70000001055635622,branch,198,https://2gis.ru/moscow/search/Продуктовые магазины/rubricId/373/filters/district_id=4504209520926899
Магазин продуктов,,Продуктовые магазины,"деревня Прокшино, 32а",1 этаж,108802,,Коммунарка,,,Москва,Россия,Пн: 09:00-22:00; Вт: 09:00-22:00; Ср: 09:00-22:00; Чт: 09:00-22:00; Пт: 09:00-22:00; Сб: 09:00-22:00; Вс: 09:00-22:00,+03:00,5.0,1,89645699691,,,,,,,,,,,,,,,,,,,,,https://wa.me/79645699691,,,,,,,,,,,,,,,70000001049235581,55.574568,37.431053,4504235282791577,,,1,70000001049235580,Магазин продуктов,Магазин продуктов,Продуктовые магазины,shop,1,7,2026-06-08T09:46:21Z,,0,32,https://2gis.com/firm/70000001049235581,branch,198,https://2gis.ru/moscow/search/Продуктовые магазины/rubricId/373/filters/district_id=4504209520926899
I-horeca,,Продуктовые магазины,"Калужское шоссе 22 километр, 10","3-071, 3-073 павильон; 1 этаж",108802,,Коммунарка,Москва,,Москва,Россия,Пн: 07:00-21:00; Вт: 07:00-21:00; Ср: 07:00-21:00; Чт: 07:00-21:00; Пт: 07:00-21:00; Сб: 09:00-19:00; Вс: 09:00-19:00,+03:00,,,89999884448,,,,,,,,,,,,,,,,,,,,,https://wa.me/79999884448,,,,,,https://t.me/+79999884448,,,https://youtube.com/channel/UCm9VYDcIJEqwxlnK3bxhT9w,,,,,,70000001087176783,55.600394,37.475169,4504235283119276,ФУД СИТИ,,1,70000001087176782,I-horeca,,Продуктовые магазины,shop,1,3,2026-06-26T16:06:24Z,,0,32,https://2gis.com/firm/70000001087176783,branch,198,https://2gis.ru/moscow/search/Продуктовые магазины/rubricId/373/filters/district_id=4504209520926899
Элмаркет,продуктовый магазин,Продуктовые магазины,"Калужское шоссе 22 километр, 10",А-055 павильон; 1 этаж,108802,,Коммунарка,Москва,,Москва,Россия,Пн: 09:00-21:00; Вт: 09:00-21:00; Ср: 09:00-21:00; Чт: 09:00-21:00; Пт: 09:00-21:00; Сб: 09:00-21:00; Вс: 09:00-21:00,+03:00,,,,,,,,,,,,,,,,,,,,,,,,,,,,,,,,,,,,,,,70000001035154034,55.600036,37.470629,4504235283119276,ФУД СИТИ,70030076482998368,1,70000001035154033,Элмаркет,продуктовый магазин,Продуктовые магазины,shop,1,4,2026-06-24T16:36:54Z,,0,32,https://2gis.com/firm/70000001035154034,branch,198,https://2gis.ru/moscow/search/Продуктовые магазины/rubricId/373/filters/district_id=4504209520926899
Бристоль,магазин у дома,Продуктовые магазины; Алкогольные напитки,"Калужское шоссе 22 километр, 10",14 линия; 26-32 павильон,108802,,Коммунарка,Москва,,Москва,Россия,Пн: 08:00-22:00; Вт: 08:00-22:00; Ср: 08:00-22:00; Чт: 08:00-22:00; Пт: 08:00-22:00; Сб: 08:00-22:00; Вс: 08:00-22:00 (Время продажи алкоголя ограничено.),+03:00,,,88002222002,,,,,,http://bristol.ru,,,,,,,,,,,,https://vk.com/bristol_retail,,,,,,,,,https://t.me/bristolretail,,,,,,,,,70000001109725012,55.600862,37.471297,4504235283119276,ФУД СИТИ,70030076482998368,635,70000001018898719,Бристоль,магазин у дома,Продуктовые магазины,shop,2,3,2026-07-07T13:55:15Z,,0,32,https://2gis.com/firm/70000001109725012,branch,198,https://2gis.ru/moscow/search/Продуктовые магазины/rubricId/373/filters/district_id=4504209520926899
Продовольственный магазин,,Продуктовые магазины,"посёлок Завода Мосрентген, вл36",,108820,,Коммунарка,,,Москва,Россия,Пн: 07:00-23:00; Вт: 07:00-23:00; Ср: 07:00-23:00; Чт: 07:00-23:00; Пт: 07:00-23:00; Сб: 07:00-23:00; Вс: 07:00-23:00,+03:00,3.0,2,,,,,,,,,,,,,,,,,,,,,,,,,,,,,,,,,,,,,70000001024053539,55.620943,37.463648,4504235308604641,,,1,70000001024053538,Продовольственный магазин,Продовольственный магазин,Продуктовые магазины,shop,1,4,2026-03-16T15:13:36Z,,0,32,https://2gis.com/firm/70000001024053539,branch,198,https://2gis.ru/moscow/search/Продуктовые магазины/rubricId/373/filters/district_id=4504209520926899
Все для всех,магазин продуктов,Продуктовые магазины,"Калужское шоссе 22 километр, 10","7-049, 7-051 павильон; 1 этаж",108802,,Коммунарка,Москва,,Москва,Россия,Пн: 09:00-19:00; Вт: 09:00-19:00; Ср: 09:00-19:00; Чт: 09:00-19:00; Пт: 09:00-19:00; Сб: 09:00-19:00; Вс: 09:00-19:00,+03:00,,,,,,,,,http://t.me/foodholidayshop,,,,,,,,,,,,,,,,,,,,,,,,,,,,,,70000001102559598,55.600205,37.472712,4504235283119276,ФУД СИТИ,70030076482998368,1,70000001102559597,Все для всех,магазин продуктов,Продуктовые магазины,shop,1,5,2026-06-24T16:47:01Z,,0,32,https://2gis.com/firm/70000001102559598,branch,198,https://2gis.ru/moscow/search/Продуктовые магазины/rubricId/373/filters/district_id=4504209520926899
Минимаркет,,Продуктовые магазины,"7-й квартал, 2 к1",1 этаж,108802,,Коммунарка,Москва,,Москва,Россия,Пн: 00:00-24:00; Вт: 00:00-24:00; Ср: 00:00-24:00; Чт: 00:00-24:00; Пт: 00:00-24:00; Сб: 00:00-24:00; Вс: 00:00-24:00,+03:00,,,,,,,,,,,,,,,,,,,,,,,,,,,,,,,,,,,,,,,70000001065394255,55.606191,37.411935,70030076173656101,,,1,70000001065394254,Минимаркет,Минимаркет,Продуктовые магазины,shop,1,5,2025-11-18T13:19:34Z,,0,32,https://2gis.com/firm/70000001065394255,branch,198,https://2gis.ru/moscow/search/Продуктовые магазины/rubricId/373/filters/district_id=4504209520926899
Globо handels,магазин продуктов,Продуктовые магазины,"Калужское шоссе 22 километр, 10",А-085 павильон; 1 этаж,108802,,Коммунарка,Москва,,Москва,Россия,Пн: 09:00-20:00; Вт: 09:00-20:00; Ср: 09:00-20:00; Чт: 09:00-20:00; Пт: 09:00-20:00; Сб: 09:00-20:00; Вс: 09:00-20:00,+03:00,,,,,,,,,,,,,,,,,,,,,,,,,,,,,,,,,,,,,,,70000001082656076,55.600575,37.469186,4504235283119276,ФУД СИТИ,70030076482998368,1,70000001082656075,Globо handels,магазин продуктов,Продуктовые магазины,shop,1,5,2026-06-24T16:02:48Z,,0,32,https://2gis.com/firm/70000001082656076,branch,198,https://2gis.ru/moscow/search/Продуктовые магазины/rubricId/373/filters/district_id=4504209520926899
Красное&Белое,продуктовый магазин,Продуктовые магазины; Алкогольные напитки,"улица Александры Монаховой, 98 к1",,108826,,Коммунарка,,,Москва,Россия,Пн: 09:00-22:05; Вт: 09:00-22:05; Ср: 09:00-22:05; Чт: 09:00-22:05; Пт: 09:00-22:05; Сб: 09:00-22:05; Вс: 09:00-22:05 (Время продажи алкоголя ограничено.),+03:00,4.8,42,88001000804,89227033000,,,,,http://krasnoeibeloe.ru,http://zen.yandex.ru/id/5dde5c1021552277da47ba4b,http://max.ru/krasnoebeloe,,,,,,,,,,https://vk.com/krasnoebeloe,,,,,,,,,https://t.me/krasnoeibeloe,,,,,,,,,70000001035557571,55.54142,37.485122,4504235321549580,,,2113,70000001090565128,Красное&Белое,продуктовый магазин,Продуктовые магазины,shop,2,5,2026-06-21T07:49:50Z,,0,32,https://2gis.com/firm/70000001035557571,branch,198,https://2gis.ru/moscow/search/Продуктовые магазины/rubricId/373/filters/district_id=4504209520926899
Бристоль,магазин у дома,Продуктовые магазины; Алкогольные напитки,"Куприна проспект, 36 к2",1 этаж,108803,,Коммунарка,Москва,,Москва,Россия,Пн: 08:00-23:00; Вт: 08:00-23:00; Ср: 08:00-23:00; Чт: 08:00-23:00; Пт: 08:00-23:00; Сб: 08:00-23:00; Вс: 08:00-23:00 (Время продажи алкоголя ограничено.),+03:00,4.9,6,88002222002,,,,,,http://bristol.ru,,,,,,,,,,,,https://vk.com/bristol_retail,,,,,,,,,https://t.me/bristolretail,,,,,,,,,70000001087640454,55.541822,37.4552,70030076190423635,,,635,70000001018898719,Бристоль,магазин у дома,Продуктовые магазины,shop,2,6,2026-07-07T13:55:16Z,,0,32,https://2gis.com/firm/70000001087640454,branch,198,https://2gis.ru/moscow/search/Продуктовые магазины/rubricId/373/filters/district_id=4504209520926899
Винлаб,супермаркет напитков,Продуктовые магазины; Алкогольные напитки,"Куприна проспект, 30 к1",1 этаж,108803,,Коммунарка,Москва,,Москва,Россия,Пн: 10:00-23:00; Вт: 10:00-23:00; Ср: 10:00-23:00; Чт: 10:00-23:00; Пт: 10:00-23:00; Сб: 10:00-23:00; Вс: 10:00-23:00 (Время продажи алкоголя ограничено.),+03:00,4.4,4,88003017755,,,,,,http://b2b.winelab.ru,http://max.ru/winelab_ru,,,,,,,,,,,https://vk.com/winelabru,,,,,,,,,https://t.me/winelab_chatbot,,,,,,,,,70000001092440912,55.540408,37.46124,70030076474589790,,,1163,70000001019234769,Винлаб,супермаркет напитков,Продуктовые магазины,shop,2,2,2026-07-07T13:29:28Z,,0,32,https://2gis.com/firm/70000001092440912,branch,198,https://2gis.ru/moscow/search/Продуктовые магазины/rubricId/373/filters/district_id=4504209520926899
Бристоль,магазин у дома,Продуктовые магазины; Алкогольные напитки,"улица Александры Монаховой, 88 к1",,108826,,Коммунарка,,,Москва,Россия,Пн: 08:00-23:00; Вт: 08:00-23:00; Ср: 08:00-23:00; Чт: 08:00-23:00; Пт: 08:00-23:00; Сб: 08:00-23:00; Вс: 08:00-23:00 (Время продажи алкоголя ограничено.),+03:00,3.8,4,88002222002,,,,,,http://bristol.ru,,,,,,,,,,,,https://vk.com/bristol_retail,,,,,,,,,https://t.me/bristolretail,,,,,,,,,70000001083240613,55.544692,37.486853,70030076126464499,,,635,70000001018898719,Бристоль,магазин у дома,Продуктовые магазины,shop,2,5,2026-07-07T13:55:09Z,,0,32,https://2gis.com/firm/70000001083240613,branch,198,https://2gis.ru/moscow/search/Продуктовые магазины/rubricId/373/filters/district_id=4504209520926899
Копейка,магазин продуктов,Продуктовые магазины,"Куприна проспект, 3 к6",,108834,,Коммунарка,Москва,,Москва,Россия,Пн: 00:00-24:00; Вт: 00:00-24:00; Ср: 00:00-24:00; Чт: 00:00-24:00; Пт: 00:00-24:00; Сб: 00:00-24:00; Вс: 00:00-24:00,+03:00,,,,,,,,,,,,,,,,,,,,,,,,,,,,,,,,,,,,,,,70000001112431855,55.556151,37.501157,70030076425888553,,,1,70000001112431854,Копейка,магазин продуктов,Продуктовые магазины,shop,1,2,2026-03-04T16:42:42Z,,0,32,https://2gis.com/firm/70000001112431855,branch,198,https://2gis.ru/moscow/search/Продуктовые магазины/rubricId/373/filters/district_id=4504209520926899
Мама Ольга,магазин фермерских продуктов,Продуктовые магазины,"улица Эдварда Грига, 16 к2",17Н помещение,108834,,Коммунарка,Москва,,Москва,Россия,Пн: 08:00-22:00; Вт: 08:00-22:00; Ср: 08:00-22:00; Чт: 08:00-22:00; Пт: 08:00-22:00; Сб: 08:00-22:00; Вс: 08:00-22:00,+03:00,,,88007005305,,,,,,http://mamaolga.ru,http://mamaolga.com,,,,,,,,,,,https://vk.com/mamaolga_market,,,,,,,,,https://t.me/mamaolga_market,,,,,,,,,70000001115228549,55.5543,37.503574,70030076263292896,,,6,70000001114022927,Мама Ольга,магазин фермерских продуктов,Продуктовые магазины,shop,1,0,2026-06-23T06:42:29Z,,0,32,https://2gis.com/firm/70000001115228549,branch,198,https://2gis.ru/moscow/search/Продуктовые магазины/rubricId/373/filters/district_id=4504209520926899
Фруктовый рай,магазин,Продуктовые магазины,"улица Липовый парк, 7",1 этаж,108801,,Коммунарка,,,Москва,Россия,Пн: 09:00-22:00; Вт: 09:00-22:00; Ср: 09:00-22:00; Чт: 09:00-22:00; Пт: 09:00-22:00; Сб: 09:00-22:00; Вс: 09:00-22:00,+03:00,2.3,3,88002016482,,,,,,,,,,,,,,,,,,,,,,,,,,,,,,,,,,,,70000001045457944,55.568571,37.491437,70030076150018675,,,7,70000001022513312,Фруктовый рай,магазин,Продуктовые магазины,shop,1,5,2025-11-10T16:45:06Z,,0,32,https://2gis.com/firm/70000001045457944,branch,198,https://2gis.ru/moscow/search/Продуктовые магазины/rubricId/373/filters/district_id=4504209520926899
Красное&Белое,продуктовый магазин,Продуктовые магазины; Алкогольные напитки,"улица Картмазовские Пруды, 2 к3",1 этаж,108811,,Коммунарка,Москва,,Москва,Россия,Пн: 09:00-22:05; Вт: 09:00-22:05; Ср: 09:00-22:05; Чт: 09:00-22:05; Пт: 09:00-22:05; Сб: 09:00-22:05; Вс: 09:00-22:05 (Время продажи алкоголя ограничено.),+03:00,4.9,6,88001000804,89227033000,,,,,http://krasnoeibeloe.ru,http://zen.yandex.ru/id/5dde5c1021552277da47ba4b,http://max.ru/krasnoebeloe,,,,,,,,,,https://vk.com/krasnoebeloe,,,,,,,,,https://t.me/krasnoeibeloe,,,,,,,,,70000001079228569,55.613559,37.387221,70030076173658504,,,2113,70000001090565128,Красное&Белое,продуктовый магазин,Продуктовые магазины,shop,2,4,2026-06-21T07:48:41Z,,0,32,https://2gis.com/firm/70000001079228569,branch,198,https://2gis.ru/moscow/search/Продуктовые магазины/rubricId/373/filters/district_id=4504209520926899
Бристоль,магазин у дома,Продуктовые магазины; Алкогольные напитки,"Скандинавский бульвар, 12",1 этаж,108801,,Коммунарка,,,Москва,Россия,Пн: 08:00-23:00; Вт: 08:00-23:00; Ср: 08:00-23:00; Чт: 08:00-23:00; Пт: 08:00-23:00; Сб: 08:00-23:00; Вс: 08:00-23:00 (Время продажи алкоголя ограничено.),+03:00,4.3,8,88002222002,,,,,,http://bristol.ru,,,,,,,,,,,,https://vk.com/bristol_retail,,,,,,,,,https://t.me/bristolretail,,,,,,,,,70000001089011935,55.562674,37.50119,70030076177876871,,,635,70000001018898719,Бристоль,магазин у дома,Продуктовые магазины,shop,2,4,2026-07-07T13:55:11Z,,0,32,https://2gis.com/firm/70000001089011935,branch,198,https://2gis.ru/moscow/search/Продуктовые магазины/rubricId/373/filters/district_id=4504209520926899
Магазин китайской продукции,,Продуктовые магазины,"Калужское шоссе 22 километр, 10",1 этаж,108802,,Коммунарка,Москва,,Москва,Россия,Пн: 09:00-19:00; Вт: 09:00-19:00; Ср: 09:00-19:00; Чт: 09:00-19:00; Пт: 09:00-19:00; Сб: 09:00-19:00; Вс: 09:00-19:00,+03:00,,,,,,,,,,,,,,,,,,,,,,,,,,,,,,,,,,,,,,,70000001115528107,55.599668,37.474582,4504235283119276,ФУД СИТИ,70030076482998368,1,70000001115528106,Магазин китайской продукции,Магазин китайской продукции,Продуктовые магазины,shop,1,4,2026-06-28T15:08:42Z,,0,32,https://2gis.com/firm/70000001115528107,branch,198,https://2gis.ru/moscow/search/Продуктовые магазины/rubricId/373/filters/district_id=4504209520926899
Около,минимаркет,Продуктовые магазины,"деревня Дудкино, 67",,108820,Дудкино,Коммунарка,,,Москва,Россия,,+03:00,,,84956628888,,,,,,,,,,,,,,,,,,,,,,,,,,,https://t.me/okolo10,,,,,,,,,70000001113859774,55.628835,37.440329,4504235283178566,,,148,70000001080350055,Около,минимаркет,Продуктовые магазины,shop,1,6,2026-04-28T08:41:03Z,,0,32,https://2gis.com/firm/70000001113859774,branch,198,https://2gis.ru/moscow/search/Продуктовые магазины/rubricId/373/filters/district_id=4504209520926899
Hal маркет,магазин продуктов,Продуктовые магазины,"улица Малое Понизовье, 2",1 этаж,108802,,Коммунарка,Москва,,Москва,Россия,Пн: 09:00-21:00; Вт: 09:00-21:00; Ср: 09:00-21:00; Чт: 09:00-21:00; Пт: 09:00-21:00; Сб: 09:00-21:00; Вс: 09:00-21:00,+03:00,,,89265000095,,,,,,,,,,,,,,,,,,,,,,,,,,,,,,,,,,,,70000001087787488,55.604928,37.414857,70030076221763081,,,1,70000001087787486,Hal маркет,магазин продуктов,Продуктовые магазины,shop,1,5,2025-11-18T11:53:59Z,,0,32,https://2gis.com/firm/70000001087787488,branch,198,https://2gis.ru/moscow/search/Продуктовые магазины/rubricId/373/filters/district_id=4504209520926899
Дикси,супермаркет,Продуктовые магазины; Супермаркеты,"Куприна проспект, 3 к2",,108834,,Коммунарка,Москва,,Москва,Россия,Пн: 08:00-23:00; Вт: 08:00-23:00; Ср: 08:00-23:00; Чт: 08:00-23:00; Пт: 08:00-23:00; Сб: 08:00-23:00; Вс: 08:00-23:00,+03:00,5.0,13,88001011001,,,,,,http://dixy.ru,,,,,,,,,,,,https://vk.com/dixyclub,,,,,,,,,https://t.me/dixy_russia,,,https://youtube.com/user/dixychannel,,,,,,70000001111164123,55.556283,37.500115,70030076446644269,,,1418,4504136498313374,Дикси,супермаркет,Продуктовые магазины,mart,2,8,2026-06-25T04:05:47Z,,0,32,https://2gis.com/firm/70000001111164123,branch,198,https://2gis.ru/moscow/search/Продуктовые магазины/rubricId/373/filters/district_id=4504209520926899
Фруктовый рай,магазин,Продуктовые магазины,"улица Липовый парк, 7",1 этаж,108801,,Коммунарка,,,Москва,Россия,Пн: 09:00-22:00; Вт: 09:00-22:00; Ср: 09:00-22:00; Чт: 09:00-22:00; Пт: 09:00-22:00; Сб: 09:00-22:00; Вс: 09:00-22:00,+03:00,2.3,3,88002016482,,,,,,,,,,,,,,,,,,,,,,,,,,,,,,,,,,,,70000001045457944,55.568571,37.491437,70030076150018675,,,7,70000001022513312,Фруктовый рай,магазин,Продуктовые магазины,shop,1,5,2025-11-10T16:45:06Z,,0,32,https://2gis.com/firm/70000001045457944,branch,198,https://2gis.ru/moscow/search/Продуктовые магазины/rubricId/373/filters/district_id=4504209520926899
Красное&Белое,продуктовый магазин,Продуктовые магазины; Алкогольные напитки,"улица Василия Ощепкова, 1",1 этаж,108814,,Коммунарка,Москва,,Москва,Россия,Пн: 09:00-22:05; Вт: 09:00-22:05; Ср: 09:00-22:05; Чт: 09:00-22:05; Пт: 09:00-22:05; Сб: 09:00-22:05; Вс: 09:00-22:05 (Время продажи алкоголя ограничено.),+03:00,3.8,6,88001000804,89227033000,,,,,http://krasnoeibeloe.ru,http://zen.yandex.ru/id/5dde5c1021552277da47ba4b,http://max.ru/krasnoebeloe,,,,,,,,,,https://vk.com/krasnoebeloe,,,,,,,,,https://t.me/krasnoeibeloe,,,,,,,,,70000001086820217,55.554421,37.462992,70030076170423596,,,2113,70000001090565128,Красное&Белое,продуктовый магазин,Продуктовые магазины,shop,2,4,2026-06-21T07:48:57Z,,0,32,https://2gis.com/firm/70000001086820217,branch,198,https://2gis.ru/moscow/search/Продуктовые магазины/rubricId/373/filters/district_id=4504209520926899
Около,минимаркет,Продуктовые магазины,"деревня Дудкино, вл12",1 этаж,108820,,Коммунарка,,,Москва,Россия,Пн: 09:00-23:00; Вт: 09:00-23:00; Ср: 09:00-23:00; Чт: 09:00-23:00; Пт: 09:00-23:00; Сб: 09:00-23:00; Вс: 09:00-23:00,+03:00,,,84956628888,,,,,,,,,,,,,,,,,,,,,,,,,,,https://t.me/okolo10,,,,,,,,,70000001113896505,55.629027,37.446337,4504235282791002,Парк-отель Парус,,148,70000001080350055,Около,минимаркет,Продуктовые магазины,shop,1,5,2026-04-28T08:48:10Z,,0,32,https://2gis.com/firm/70000001113896505,branch,198,https://2gis.ru/moscow/search/Продуктовые магазины/rubricId/373/filters/district_id=4504209520926899
Магазин продуктов из Армении,,Продуктовые магазины,"улица Адмирала Корнилова, 69/2",68 павильон; 1 этаж,108811,,Коммунарка,Москва,,Москва,Россия,Пн: 09:00-21:00; Вт: 09:00-21:00; Ср: 09:00-21:00; Чт: 09:00-21:00; Пт: 09:00-21:00; Сб: 09:00-21:00; Вс: 09:00-21:00,+03:00,,,89166513311,,,,,,,,,,,,,,,,,,,,,https://wa.me/79166513311,,,,,,,,,,,,,,,70000001074633528,55.623435,37.441413,70030076137551567,ТК Саларьево,,1,70000001074633527,Магазин продуктов из Армении,Магазин продуктов из Армении,Продуктовые магазины,shop,1,3,2026-05-25T15:45:19Z,,0,32,https://2gis.com/firm/70000001074633528,branch,198,https://2gis.ru/moscow/search/Продуктовые магазины/rubricId/373/filters/district_id=4504209520926899
Красное&Белое,продуктовый магазин,Продуктовые магазины; Алкогольные напитки,"улица Василия Ощепкова, 3",1 этаж,108814,,Коммунарка,Москва,,Москва,Россия,Пн: 09:00-22:05; Вт: 09:00-22:05; Ср: 09:00-22:05; Чт: 09:00-22:05; Пт: 09:00-22:05; Сб: 09:00-22:05; Вс: 09:00-22:05 (Время продажи алкоголя ограничено.),+03:00,1.0,1,88001000804,89227033000,,,,,http://krasnoeibeloe.ru,http://zen.yandex.ru/id/5dde5c1021552277da47ba4b,http://max.ru/krasnoebeloe,,,,,,,,,,https://vk.com/krasnoebeloe,,,,,,,,,https://t.me/krasnoeibeloe,,,,,,,,,70000001100549118,55.555602,37.464178,70030076170424511,,,2113,70000001090565128,Красное&Белое,продуктовый магазин,Продуктовые магазины,shop,2,1,2026-06-21T07:49:20Z,,0,32,https://2gis.com/firm/70000001100549118,branch,198,https://2gis.ru/moscow/search/Продуктовые магазины/rubricId/373/filters/district_id=4504209520926899
Красное&Белое,продуктовый магазин,Продуктовые магазины; Алкогольные напитки,"Магеллана проспект, 33",,108802,,Коммунарка,Москва,,Москва,Россия,Пн: 09:00-22:05; Вт: 09:00-22:05; Ср: 09:00-22:05; Чт: 09:00-22:05; Пт: 09:00-22:05; Сб: 09:00-22:05; Вс: 09:00-22:05 (Время продажи алкоголя ограничено.),+03:00,,,88001000804,89227033000,,,,,http://krasnoeibeloe.ru,http://zen.yandex.ru/id/5dde5c1021552277da47ba4b,http://max.ru/krasnoebeloe,,,,,,,,,,https://vk.com/krasnoebeloe,,,,,,,,,https://t.me/krasnoeibeloe,,,,,,,,,70000001089870279,55.608879,37.41122,70030076291600010,,,2113,70000001090565128,Красное&Белое,продуктовый магазин,Продуктовые магазины,shop,2,4,2026-06-21T07:49:05Z,,0,32,https://2gis.com/firm/70000001089870279,branch,198,https://2gis.ru/moscow/search/Продуктовые магазины/rubricId/373/filters/district_id=4504209520926899
Продуктовый магазин,,Продуктовые магазины,"1-я Новая улица, 1а",1 этаж,108811,,Коммунарка,,,Москва,Россия,Пн: 08:30-02:00; Вт: 08:30-02:00; Ср: 08:30-02:00; Чт: 08:30-02:00; Пт: 08:30-02:00; Сб: 08:30-02:00; Вс: 08:30-02:00,+03:00,,,,,,,,,,,,,,,,,,,,,,,,,,,,,,,,,,,,,,,70000001024160477,55.623809,37.440565,4504235282926660,,,1,70000001024160476,Продуктовый магазин,Продуктовый магазин,Продуктовые магазины,shop,1,3,2026-05-25T13:32:54Z,,0,32,https://2gis.com/firm/70000001024160477,branch,198,https://2gis.ru/moscow/search/Продуктовые магазины/rubricId/373/filters/district_id=4504209520926899
Бристоль,магазин у дома,Продуктовые магазины; Алкогольные напитки,"Скандинавский бульвар, 12",1 этаж,108801,,Коммунарка,,,Москва,Россия,Пн: 08:00-23:00; Вт: 08:00-23:00; Ср: 08:00-23:00; Чт: 08:00-23:00; Пт: 08:00-23:00; Сб: 08:00-23:00; Вс: 08:00-23:00 (Время продажи алкоголя ограничено.),+03:00,4.3,8,88002222002,,,,,,http://bristol.ru,,,,,,,,,,,,https://vk.com/bristol_retail,,,,,,,,,https://t.me/bristolretail,,,,,,,,,70000001089011935,55.562674,37.50119,70030076177876871,,,635,70000001018898719,Бристоль,магазин у дома,Продуктовые магазины,shop,2,4,2026-07-07T13:55:11Z,,0,32,https://2gis.com/firm/70000001089011935,branch,198,https://2gis.ru/moscow/search/Продуктовые магазины/rubricId/373/filters/district_id=4504209520926899
Ароматный мир,винный супермаркет,Продуктовые магазины; Алкогольные напитки,"Скандинавский бульвар, 5 к1",1 этаж,108801,,Коммунарка,,,Москва,Россия,Пн: 10:00-22:30; Вт: 10:00-22:30; Ср: 10:00-22:30; Чт: 10:00-22:30; Пт: 10:00-22:30; Сб: 10:00-22:30; Вс: 10:00-22:00 (Время продажи алкоголя ограничено.),+03:00,5.0,9,88007777290,84957775190 (доп.4018),,,,,http://amwine.ru,http://max.ru/amwineru,,,,,,,,,,,https://vk.com/amwineru,,,,,,,,,https://t.me/amwineru,,,https://youtube.com/@Aromatnyi_Mir_Vino_bez_vody,,,,,,70000001060671056,55.567,37.498289,70030076173519517,,,564,4504136498285713,Ароматный мир,винный супермаркет,Продуктовые магазины,shop,2,4,2026-07-09T13:23:09Z,,0,32,https://2gis.com/firm/70000001060671056,branch,198,https://2gis.ru/moscow/search/Продуктовые магазины/rubricId/373/filters/district_id=4504209520926899
Винлаб,супермаркет напитков,Продуктовые магазины; Алкогольные напитки,"посёлок подсобного хозяйства Воскресенское, 34",1 офис; 1 этаж,108803,,Коммунарка,,,Москва,Россия,Пн: 10:00-23:00; Вт: 10:00-23:00; Ср: 10:00-23:00; Чт: 10:00-23:00; Пт: 10:00-23:00; Сб: 10:00-23:00; Вс: 10:00-23:00 (Время продажи алкоголя ограничено.),+03:00,4.7,14,88003017755,,,,,,http://b2b.winelab.ru,http://max.ru/winelab_ru,,,,,,,,,,,https://vk.com/winelabru,,,,,,,,,https://t.me/winelab_chatbot,,,,,,,,,70000001076283024,55.533121,37.447189,4504235282823632,,,1163,70000001019234769,Винлаб,супермаркет напитков,Продуктовые магазины,shop,2,4,2026-07-07T13:29:18Z,,0,32,https://2gis.com/firm/70000001076283024,branch,198,https://2gis.ru/moscow/search/Продуктовые магазины/rubricId/373/filters/district_id=4504209520926899
Винлаб,супермаркет напитков,Продуктовые магазины; Алкогольные напитки,"Прокшинский проспект, 11",1 этаж,108802,,Коммунарка,Москва,,Москва,Россия,Пн: 10:00-23:00; Вт: 10:00-23:00; Ср: 10:00-23:00; Чт: 10:00-23:00; Пт: 10:00-23:00; Сб: 10:00-23:00; Вс: 10:00-23:00 (Время продажи алкоголя ограничено.),+03:00,,,88003017755,,,,,,http://b2b.winelab.ru,http://max.ru/winelab_ru,,,,,,,,,,,https://vk.com/winelabru,,,,,,,,,https://t.me/winelab_chatbot,,,,,,,,,70000001074638112,55.590497,37.426996,70030076221352484,,,1163,70000001019234769,Винлаб,супермаркет напитков,Продуктовые магазины,shop,2,6,2026-07-07T13:29:18Z,,0,32,https://2gis.com/firm/70000001074638112,branch,198,https://2gis.ru/moscow/search/Продуктовые магазины/rubricId/373/filters/district_id=4504209520926899
Globо handels,магазин продуктов,Продуктовые магазины,"Калужское шоссе 22 километр, 10",А-085 павильон; 1 этаж,108802,,Коммунарка,Москва,,Москва,Россия,Пн: 09:00-20:00; Вт: 09:00-20:00; Ср: 09:00-20:00; Чт: 09:00-20:00; Пт: 09:00-20:00; Сб: 09:00-20:00; Вс: 09:00-20:00,+03:00,,,,,,,,,,,,,,,,,,,,,,,,,,,,,,,,,,,,,,,70000001082656076,55.600575,37.469186,4504235283119276,ФУД СИТИ,70030076482998368,1,70000001082656075,Globо handels,магазин продуктов,Продуктовые магазины,shop,1,5,2026-06-24T16:02:48Z,,0,32,https://2gis.com/firm/70000001082656076,branch,198,https://2gis.ru/moscow/search/Продуктовые магазины/rubricId/373/filters/district_id=4504209520926899
Халяль маркет,магазин,Продуктовые магазины,"улица Лобановский Лес, 11",1 этаж,108802,,Коммунарка,Москва,,Москва,Россия,Пн: 10:00-21:00; Вт: 10:00-21:00; Ср: 10:00-21:00; Чт: 10:00-21:00; Пт: 10:00-21:00; Сб: 10:00-21:00; Вс: 10:00-21:00,+03:00,1.0,1,,,,,,,,,,,,,,,,,,,,,,,,,,,,,,,,,,,,,70000001098635647,55.593193,37.429138,70030076332139069,,,1,70000001098635646,Халяль маркет,магазин,Продуктовые магазины,shop,1,5,2026-04-15T11:16:21Z,,0,32,https://2gis.com/firm/70000001098635647,branch,198,https://2gis.ru/moscow/search/Продуктовые магазины/rubricId/373/filters/district_id=4504209520926899
Бристоль,магазин у дома,Продуктовые магазины; Алкогольные напитки,"Калужское шоссе 22 километр, 10",25-024 павильон; 1 этаж,108802,,Коммунарка,Москва,,Москва,Россия,Пн: 08:00-22:00; Вт: 08:00-22:00; Ср: 08:00-22:00; Чт: 08:00-22:00; Пт: 08:00-22:00; Сб: 08:00-22:00; Вс: 08:00-22:00 (Время продажи алкоголя ограничено.),+03:00,,,88002222002,,,,,,http://bristol.ru,,,,,,,,,,,,https://vk.com/bristol_retail,,,,,,,,,https://t.me/bristolretail,,,,,,,,,70000001089702814,55.601458,37.467721,4504235283119276,ФУД СИТИ,70030076482998368,635,70000001018898719,Бристоль,магазин у дома,Продуктовые магазины,shop,2,4,2026-07-07T13:55:37Z,,0,32,https://2gis.com/firm/70000001089702814,branch,198,https://2gis.ru/moscow/search/Продуктовые магазины/rubricId/373/filters/district_id=4504209520926899
Красное&Белое,продуктовый магазин,Продуктовые магазины; Алкогольные напитки,"улица Лобановский Лес, 9",1 этаж,108802,,Коммунарка,Москва,,Москва,Россия,Пн: 09:00-22:05; Вт: 09:00-22:05; Ср: 09:00-22:05; Чт: 09:00-22:05; Пт: 09:00-22:05; Сб: 09:00-22:05; Вс: 09:00-22:05 (Время продажи алкоголя ограничено.),+03:00,2.3,1,88001000804,89227033000,,,,,http://krasnoeibeloe.ru,http://zen.yandex.ru/id/5dde5c1021552277da47ba4b,http://max.ru/krasnoebeloe,,,,,,,,,,https://vk.com/krasnoebeloe,,,,,,,,,https://t.me/krasnoeibeloe,,,,,,,,,70000001098590570,55.595629,37.430198,70030076352191417,,,2113,70000001090565128,Красное&Белое,продуктовый магазин,Продуктовые магазины,shop,2,5,2025-11-24T12:42:53Z,,0,32,https://2gis.com/firm/70000001098590570,branch,198,https://2gis.ru/moscow/search/Продуктовые магазины/rubricId/373/filters/district_id=4504209520926899
Красное&Белое,продуктовый магазин,Продуктовые магазины; Алкогольные напитки,"посёлок подсобного хозяйства Воскресенское, 15а",1 этаж,108803,,Коммунарка,,,Москва,Россия,Пн: 09:00-22:05; Вт: 09:00-22:05; Ср: 09:00-22:05; Чт: 09:00-22:05; Пт: 09:00-22:05; Сб: 09:00-22:05; Вс: 09:00-22:05 (Время продажи алкоголя ограничено.),+03:00,4.9,6,88001000804,89227033000,,,,,http://krasnoeibeloe.ru,http://zen.yandex.ru/id/5dde5c1021552277da47ba4b,http://max.ru/krasnoebeloe,,,,,,,,,,https://vk.com/krasnoebeloe,,,,,,,,,https://t.me/krasnoeibeloe,,,,,,,,,70000001028775578,55.52697,37.445058,4504235282824204,,,2113,70000001090565128,Красное&Белое,продуктовый магазин,Продуктовые магазины,shop,2,4,2026-06-21T07:49:45Z,,0,32,https://2gis.com/firm/70000001028775578,branch,198,https://2gis.ru/moscow/search/Продуктовые магазины/rubricId/373/filters/district_id=4504209520926899
Eco еда,магазин,Продуктовые магазины,"посёлок подсобного хозяйства Воскресенское, 40 к2",,108803,,Коммунарка,,,Москва,Россия,Пн: 08:00-23:00; Вт: 08:00-23:00; Ср: 08:00-23:00; Чт: 08:00-23:00; Пт: 08:00-23:00; Сб: 08:00-23:00; Вс: 08:00-23:00,+03:00,1.7,3,,,,,,,,,,,,,,,,,,,,,,,,,,,,,,,,,,,,,70000001037688267,55.53316,37.449266,4504235283119138,,,1,70000001037688266,Eco еда,магазин,Продуктовые магазины,shop,1,4,2025-11-20T11:52:00Z,,0,32,https://2gis.com/firm/70000001037688267,branch,198,https://2gis.ru/moscow/search/Продуктовые магазины/rubricId/373/filters/district_id=4504209520926899
Продуктовый магазин,,Продуктовые магазины,"1 квартал, уч1/4",,108802,,Коммунарка,Москва,,Москва,Россия,Пн: 00:00-24:00; Вт: 00:00-24:00; Ср: 00:00-24:00; Чт: 00:00-24:00; Пт: 00:00-24:00; Сб: 00:00-24:00; Вс: 00:00-24:00,+03:00,,,,,,,,,,,,,,,,,,,,,,,,,,,,,,,,,,,,,,,70000001115542409,55.599203,37.477665,70030077113678119,,,1,70000001115542408,Продуктовый магазин,Продуктовый магазин,Продуктовые магазины,shop,1,3,2026-06-29T01:26:38Z,,0,32,https://2gis.com/firm/70000001115542409,branch,198,https://2gis.ru/moscow/search/Продуктовые магазины/rubricId/373/filters/district_id=4504209520926899
Винлаб,супермаркет напитков,Продуктовые магазины; Алкогольные напитки,"улица Сервантеса, 1 к1",1 этаж,108802,,Коммунарка,Москва,,Москва,Россия,Пн: 10:00-23:00; Вт: 10:00-23:00; Ср: 10:00-23:00; Чт: 10:00-23:00; Пт: 10:00-23:00; Сб: 10:00-23:00; Вс: 10:00-23:00 (Время продажи алкоголя ограничено.),+03:00,5.0,2,88003017755,,,,,,http://b2b.winelab.ru,http://max.ru/winelab_ru,,,,,,,,,,,https://vk.com/winelabru,,,,,,,,,https://t.me/winelab_chatbot,,,,,,,,,70000001088043796,55.589913,37.452189,4504235302578934,,,1163,70000001019234769,Винлаб,супермаркет напитков,Продуктовые магазины,shop,2,5,2026-07-07T13:29:25Z,,0,32,https://2gis.com/firm/70000001088043796,branch,198,https://2gis.ru/moscow/search/Продуктовые магазины/rubricId/373/filters/district_id=4504209520926899
Продуктовый магазин,,Продуктовые магазины,"Калужское шоссе 22 километр, 10 ст23",1 этаж,108802,,Коммунарка,Москва,,Москва,Россия,Пн: 00:00-24:00; Вт: 00:00-24:00; Ср: 00:00-24:00; Чт: 00:00-24:00; Пт: 00:00-24:00; Сб: 00:00-24:00; Вс: 00:00-24:00,+03:00,,,,,,,,,,,,,,,,,,,,,,,,,,,,,,,,,,,,,,,70000001041020937,55.596066,37.4645,4504235295672839,,,1,70000001041020936,Продуктовый магазин,Продуктовый магазин,Продуктовые магазины,shop,1,3,2026-06-29T12:55:21Z,,0,32,https://2gis.com/firm/70000001041020937,branch,198,https://2gis.ru/moscow/search/Продуктовые магазины/rubricId/373/filters/district_id=4504209520926899
Красное&Белое,продуктовый магазин,Продуктовые магазины; Алкогольные напитки,"посёлок подсобного хозяйства Воскресенское, 26",1 этаж,108803,,Коммунарка,,,Москва,Россия,Пн: 09:00-22:05; Вт: 09:00-22:05; Ср: 09:00-22:05; Чт: 09:00-22:05; Пт: 09:00-22:05; Сб: 09:00-22:05; Вс: 09:00-22:05 (Время продажи алкоголя ограничено.),+03:00,4.7,33,88001000804,89227033000,,,,,http://krasnoeibeloe.ru,http://zen.yandex.ru/id/5dde5c1021552277da47ba4b,http://max.ru/krasnoebeloe,,,,,,,,,,https://vk.com/krasnoebeloe,,,,,,,,,https://t.me/krasnoeibeloe,,,,,,,,,70000001029367024,55.530814,37.444637,4504235282824000,,,2113,70000001090565128,Красное&Белое,продуктовый магазин,Продуктовые магазины,shop,2,5,2026-06-21T07:48:48Z,,0,32,https://2gis.com/firm/70000001029367024,branch,198,https://2gis.ru/moscow/search/Продуктовые магазины/rubricId/373/filters/district_id=4504209520926899
Шамкир,мини-маркет,Продуктовые магазины,"Калужское шоссе 22 километр, 10 ст23",1 этаж,108802,,Коммунарка,Москва,,Москва,Россия,Пн: 00:00-24:00; Вт: 00:00-24:00; Ср: 00:00-24:00; Чт: 00:00-24:00; Пт: 00:00-24:00; Сб: 00:00-24:00; Вс: 00:00-24:00,+03:00,,,,,,,,,,,,,,,,,,,,,,,,,,,,,,,,,,,,,,,70000001041021013,55.596505,37.464293,4504235295672839,,,1,70000001041021012,Шамкир,мини-маркет,Продуктовые магазины,shop,1,3,2026-06-29T12:59:40Z,,0,32,https://2gis.com/firm/70000001041021013,branch,198,https://2gis.ru/moscow/search/Продуктовые магазины/rubricId/373/filters/district_id=4504209520926899
Tovuz market,продуктовый магазин,Продуктовые магазины,"Калужское шоссе 22 километр, 10",1-044 павильон; 1 этаж,108802,,Коммунарка,Москва,,Москва,Россия,Пн: 08:00-20:00; Вт: 08:00-20:00; Ср: 08:00-20:00; Чт: 08:00-20:00; Пт: 08:00-20:00; Сб: 08:00-20:00; Вс: 08:00-20:00,+03:00,,,,,,,,,,,,,,,,,,,,,,,,,,,,,,,,,,,,,,,70000001076477156,55.599439,37.474317,4504235283119276,ФУД СИТИ,70030076482998368,1,70000001076477155,Tovuz market,продуктовый магазин,Продуктовые магазины,shop,1,4,2026-06-22T12:04:22Z,,0,32,https://2gis.com/firm/70000001076477156,branch,198,https://2gis.ru/moscow/search/Продуктовые магазины/rubricId/373/filters/district_id=4504209520926899
Мини маркет,,Продуктовые магазины,"Калужское шоссе 22 километр, 10","А-014, А-015 павильон; 1 этаж",108802,,Коммунарка,Москва,,Москва,Россия,Пн: 08:00-19:00; Вт: 08:00-19:00; Ср: 08:00-19:00; Чт: 08:00-19:00; Пт: 08:00-19:00; Сб: 08:00-19:00; Вс: 08:00-19:00,+03:00,,,89252457888,,,,,,,,,,,,,,,,,,,,,,,,,,,,,,,,,,,,70000001102508024,55.599154,37.473004,4504235283119276,ФУД СИТИ,70030076482998368,1,70000001102508023,Мини маркет,Мини маркет,Продуктовые магазины,shop,1,3,2026-06-24T16:42:43Z,,0,32,https://2gis.com/firm/70000001102508024,branch,198,https://2gis.ru/moscow/search/Продуктовые магазины/rubricId/373/filters/district_id=4504209520926899
Товуз маркет,,Продуктовые магазины,"Калужское шоссе 22 километр, 10",1-044/3 павильон; 1 этаж,108802,,Коммунарка,Москва,,Москва,Россия,Пн: 00:00-24:00; Вт: 00:00-24:00; Ср: 00:00-24:00; Чт: 00:00-24:00; Пт: 00:00-24:00; Сб: 00:00-24:00; Вс: 00:00-24:00,+03:00,,,,,,,,,,,,,,,,,,,,,,,,,,,,,,,,,,,,,,,70000001066877499,55.599608,37.474513,4504235283119276,ФУД СИТИ,70030076482998368,1,70000001066877498,Товуз маркет,,Продуктовые магазины,shop,1,5,2026-06-22T12:08:57Z,,0,32,https://2gis.com/firm/70000001066877499,branch,198,https://2gis.ru/moscow/search/Продуктовые магазины/rubricId/373/filters/district_id=4504209520926899
Продуктовый магазин,г. Москва,Продуктовые магазины,"Калужское шоссе 22 километр, 10",,108802,,Коммунарка,Москва,,Москва,Россия,Пн: 08:00-19:00; Вт: 08:00-19:00; Ср: 08:00-19:00; Чт: 08:00-19:00; Пт: 08:00-19:00; Сб: 08:00-19:00; Вс: 08:00-19:00,+03:00,,,,,,,,,,,,,,,,,,,,,,,,,,,,,,,,,,,,,,,70000001115566255,55.599638,37.474171,4504235283119276,ФУД СИТИ,70030076482998368,1,70000001115566254,"Продуктовый магазин, г. Москва",Продуктовый магазин,Продуктовые магазины,shop,1,3,2026-06-29T12:13:55Z,,0,32,https://2gis.com/firm/70000001115566255,branch,198,https://2gis.ru/moscow/search/Продуктовые магазины/rubricId/373/filters/district_id=4504209520926899
Ароматный мир,винный супермаркет,Продуктовые магазины; Алкогольные напитки,"Прокшинский проспект, 12",1 этаж,108802,,Коммунарка,Москва,,Москва,Россия,Пн: 10:00-22:30; Вт: 10:00-22:30; Ср: 10:00-22:30; Чт: 10:00-22:30; Пт: 10:00-22:30; Сб: 10:00-22:30; Вс: 10:00-22:00 (Время продажи алкоголя ограничено.),+03:00,4.3,4,88007777290,84957775190 (доп.4135),,,,,http://amwine.ru,http://max.ru/amwineru,,,,,,,,,,,https://vk.com/amwineru,,,,,,,,,https://t.me/amwineru,,,https://youtube.com/@Aromatnyi_Mir_Vino_bez_vody,,,,,,70000001080167140,55.591105,37.425923,70030076221353085,,,564,4504136498285713,Ароматный мир,винный супермаркет,Продуктовые магазины,shop,2,6,2026-07-09T13:23:17Z,,0,32,https://2gis.com/firm/70000001080167140,branch,198,https://2gis.ru/moscow/search/Продуктовые магазины/rubricId/373/filters/district_id=4504209520926899
Магазин китайской бакалеи,,Продуктовые магазины,"Калужское шоссе 22 километр, 10",2-057 павильон; 1 этаж,108802,,Коммунарка,Москва,,Москва,Россия,Пн: 09:00-21:00; Вт: 09:00-21:00; Ср: 09:00-21:00; Чт: 09:00-21:00; Пт: 09:00-21:00; Сб: 09:00-21:00; Вс: 09:00-21:00,+03:00,,,,,,,,,,,,,,,,,,,,,,,,,,,,,,,,,,,,,,,70000001115528115,55.599781,37.47412,4504235283119276,ФУД СИТИ,70030076482998368,1,70000001115528114,Магазин китайской бакалеи,Магазин китайской бакалеи,Продуктовые магазины,shop,1,5,2026-06-28T15:08:51Z,,0,32,https://2gis.com/firm/70000001115528115,branch,198,https://2gis.ru/moscow/search/Продуктовые магазины/rubricId/373/filters/district_id=4504209520926899
Азбука выбора,мини-маркет,Продуктовые магазины,"Калужское шоссе 22 километр, 10 к1",1 этаж,108802,,Коммунарка,Москва,,Москва,Россия,Пн: 00:00-24:00; Вт: 00:00-24:00; Ср: 00:00-24:00; Чт: 00:00-24:00; Пт: 00:00-24:00; Сб: 00:00-24:00; Вс: 00:00-24:00,+03:00,,,,,,,,,,,,,,,,,,,,,,,,,,,,,,,,,,,,,,,70000001040912648,55.59698,37.463936,4504235295672826,,,1,70000001040912647,Азбука выбора,мини-маркет,Продуктовые магазины,shop,1,3,2026-06-29T12:52:40Z,,0,32,https://2gis.com/firm/70000001040912648,branch,198,https://2gis.ru/moscow/search/Продуктовые магазины/rubricId/373/filters/district_id=4504209520926899
Ароматный мир,винный супермаркет,Продуктовые магазины; Алкогольные напитки,"Калужское шоссе 22 километр, 10",,108802,,Коммунарка,Москва,,Москва,Россия,Пн: 09:30-22:30; Вт: 09:30-22:30; Ср: 09:30-22:30; Чт: 09:30-22:30; Пт: 09:30-22:30; Сб: 09:30-22:30; Вс: 10:00-22:00 (Время продажи алкоголя ограничено.),+03:00,,,88007777290,84957775190 (доп.4262),,,,,http://amwine.ru,http://max.ru/amwineru,,,,,,,,,,,https://vk.com/amwineru,,,,,,,,,https://t.me/amwineru,,,https://youtube.com/@Aromatnyi_Mir_Vino_bez_vody,,,,,,70000001114210186,55.600394,37.475169,4504235283119276,ФУД СИТИ,,564,4504136498285713,Ароматный мир,винный супермаркет,Продуктовые магазины,shop,2,3,2026-07-09T13:23:17Z,,0,32,https://2gis.com/firm/70000001114210186,branch,198,https://2gis.ru/moscow/search/Продуктовые магазины/rubricId/373/filters/district_id=4504209520926899
Продуктовый магазин,,Продуктовые магазины,"Калужское шоссе 22 километр, 10",А3003 павильон; 1 этаж,108802,,Коммунарка,Москва,,Москва,Россия,Пн: 08:00-21:00; Вт: 08:00-21:00; Ср: 08:00-21:00; Чт: 08:00-21:00; Пт: 08:00-21:00; Сб: 08:00-21:00; Вс: 08:00-21:00,+03:00,,,89162721318,,,,,,,,,,,,,,,,,,,,,,,,,,,,,,,,,,,,70000001114488276,55.600394,37.475169,4504235283119276,ФУД СИТИ,,1,70000001114488275,Продуктовый магазин,Продуктовый магазин,Продуктовые магазины,shop,1,0,2026-06-04T10:15:45Z,,0,32,https://2gis.com/firm/70000001114488276,branch,198,https://2gis.ru/moscow/search/Продуктовые магазины/rubricId/373/filters/district_id=4504209520926899
Красное&Белое,продуктовый магазин,Продуктовые магазины; Алкогольные напитки,"улица Лобановский Лес, 13",1 этаж,108802,,Коммунарка,Москва,,Москва,Россия,Пн: 09:00-22:05; Вт: 09:00-22:05; Ср: 09:00-22:05; Чт: 09:00-22:05; Пт: 09:00-22:05; Сб: 09:00-22:05; Вс: 09:00-22:05 (Время продажи алкоголя ограничено.),+03:00,1.4,1,88001000804,89227033000,,,,,http://krasnoeibeloe.ru,http://zen.yandex.ru/id/5dde5c1021552277da47ba4b,http://max.ru/krasnoebeloe,,,,,,,,,,https://vk.com/krasnoebeloe,,,,,,,,,https://t.me/krasnoeibeloe,,,,,,,,,70000001097239369,55.594041,37.427253,70030076277590097,,,2113,70000001090565128,Красное&Белое,продуктовый магазин,Продуктовые магазины,shop,2,4,2026-06-22T05:28:25Z,,0,32,https://2gis.com/firm/70000001097239369,branch,198,https://2gis.ru/moscow/search/Продуктовые магазины/rubricId/373/filters/district_id=4504209520926899
Пекот бмф,,Продуктовые магазины,"Калужское шоссе 22 километр, 10","5-086, 5-084 павильон; 1 этаж",108802,,Коммунарка,Москва,,Москва,Россия,Пн: 09:00-20:00; Вт: 09:00-20:00; Ср: 09:00-20:00; Чт: 09:00-20:00; Пт: 09:00-20:00; Сб: 09:00-20:00; Вс: 09:00-20:00,+03:00,,,89856349770,,,,,,,,,,,,,,,,,,,,,https://wa.me/79856349770,,,,,,,,,,,,,,,70000001102508074,55.600376,37.473908,4504235283119276,ФУД СИТИ,70030076482998368,1,70000001102508073,Пекот бмф,,Продуктовые магазины,shop,1,5,2026-06-22T11:46:45Z,,0,32,https://2gis.com/firm/70000001102508074,branch,198,https://2gis.ru/moscow/search/Продуктовые магазины/rubricId/373/filters/district_id=4504209520926899
Полянка,продуктовый магазин,Продуктовые магазины,"Магеллана проспект, 4",1 этаж,108802,,Коммунарка,Москва,,Москва,Россия,Пн: 10:00-21:00; Вт: 10:00-21:00; Ср: 10:00-21:00; Чт: 10:00-21:00; Пт: 10:00-21:00; Сб: 10:00-21:00; Вс: 10:00-20:00,+03:00,,,,,,,,,,,,,,,,,,,,,,,,,,,,,,,,,,,,,,,70000001101654692,55.591594,37.444604,70030076242282247,,,1,70000001101654691,Полянка,продуктовый магазин,Продуктовые магазины,shop,1,3,2026-01-19T16:15:14Z,,0,32,https://2gis.com/firm/70000001101654692,branch,198,https://2gis.ru/moscow/search/Продуктовые магазины/rubricId/373/filters/district_id=4504209520926899
Авокадо,минимаркет,Продуктовые магазины,"Прокшинский проспект, 5",,108802,,Коммунарка,Москва,,Москва,Россия,Пн: 08:00-23:00; Вт: 08:00-23:00; Ср: 08:00-23:00; Чт: 08:00-23:00; Пт: 08:00-23:00; Сб: 08:00-23:00; Вс: 08:00-23:00,+03:00,,,88002007575,,,,,,http://авокадо.рф,http://max.ru/avocado_grocery_stores,,,,,,,,,,,,,,,,,,,,https://t.me/avocadoswnn,,,,,,,,,70000001115658741,55.59278,37.430129,70030076455864545,,,687,70000001041565312,Авокадо,минимаркет,Продуктовые магазины,shop,1,0,2026-07-07T06:47:26Z,,0,32,https://2gis.com/firm/70000001115658741,branch,198,https://2gis.ru/moscow/search/Продуктовые магазины/rubricId/373/filters/district_id=4504209520926899
Бристоль,магазин у дома,Продуктовые магазины; Алкогольные напитки,"Калужское шоссе 22 километр, 10",25-024 павильон; 1 этаж,108802,,Коммунарка,Москва,,Москва,Россия,Пн: 08:00-22:00; Вт: 08:00-22:00; Ср: 08:00-22:00; Чт: 08:00-22:00; Пт: 08:00-22:00; Сб: 08:00-22:00; Вс: 08:00-22:00 (Время продажи алкоголя ограничено.),+03:00,,,88002222002,,,,,,http://bristol.ru,,,,,,,,,,,,https://vk.com/bristol_retail,,,,,,,,,https://t.me/bristolretail,,,,,,,,,70000001089702814,55.601458,37.467721,4504235283119276,ФУД СИТИ,70030076482998368,635,70000001018898719,Бристоль,магазин у дома,Продуктовые магазины,shop,2,4,2026-07-07T13:55:37Z,,0,32,https://2gis.com/firm/70000001089702814,branch,198,https://2gis.ru/moscow/search/Продуктовые магазины/rubricId/373/filters/district_id=4504209520926899
Hal маркет,магазин продуктов,Продуктовые магазины,"улица Малое Понизовье, 2",1 этаж,108802,,Коммунарка,Москва,,Москва,Россия,Пн: 09:00-21:00; Вт: 09:00-21:00; Ср: 09:00-21:00; Чт: 09:00-21:00; Пт: 09:00-21:00; Сб: 09:00-21:00; Вс: 09:00-21:00,+03:00,,,89265000095,,,,,,,,,,,,,,,,,,,,,,,,,,,,,,,,,,,,70000001087787488,55.604928,37.414857,70030076221763081,,,1,70000001087787486,Hal маркет,магазин продуктов,Продуктовые магазины,shop,1,5,2025-11-18T11:53:59Z,,0,32,https://2gis.com/firm/70000001087787488,branch,198,https://2gis.ru/moscow/search/Продуктовые магазины/rubricId/373/filters/district_id=4504209520926899
Десна,мини-маркет,Продуктовые магазины,"деревня Николо-Хованское, 128а",,108802,,Коммунарка,,,Москва,Россия,"Пн: 09:00-13:00, 14:00-21:00; Вт: 09:00-13:00, 14:00-21:00; Ср: 09:00-13:00, 14:00-21:00; Чт: 09:00-13:00, 14:00-21:00; Пт: 09:00-13:00, 14:00-21:00; Сб: 09:00-13:00, 14:00-21:00; Вс: 09:00-13:00, 14:00-21:00",+03:00,,,,,,,,,,,,,,,,,,,,,,,,,,,,,,,,,,,,,,,70000001041012899,55.594908,37.442863,4504235283113893,,,1,70000001041012898,Десна,мини-маркет,Продуктовые магазины,shop,1,5,2026-04-15T14:51:22Z,,0,32,https://2gis.com/firm/70000001041012899,branch,198,https://2gis.ru/moscow/search/Продуктовые магазины/rubricId/373/filters/district_id=4504209520926899
Магазин китайской продукции,,Продуктовые магазины,"Калужское шоссе 22 километр, 10",1 этаж,108802,,Коммунарка,Москва,,Москва,Россия,Пн: 09:00-19:00; Вт: 09:00-19:00; Ср: 09:00-19:00; Чт: 09:00-19:00; Пт: 09:00-19:00; Сб: 09:00-19:00; Вс: 09:00-19:00,+03:00,,,,,,,,,,,,,,,,,,,,,,,,,,,,,,,,,,,,,,,70000001115528107,55.599668,37.474582,4504235283119276,ФУД СИТИ,70030076482998368,1,70000001115528106,Магазин китайской продукции,Магазин китайской продукции,Продуктовые магазины,shop,1,4,2026-06-28T15:08:42Z,,0,32,https://2gis.com/firm/70000001115528107,branch,198,https://2gis.ru/moscow/search/Продуктовые магазины/rubricId/373/filters/district_id=4504209520926899
Globо handels,магазин продуктов,Продуктовые магазины,"Калужское шоссе 22 километр, 10",А-085 павильон; 1 этаж,108802,,Коммунарка,Москва,,Москва,Россия,Пн: 09:00-20:00; Вт: 09:00-20:00; Ср: 09:00-20:00; Чт: 09:00-20:00; Пт: 09:00-20:00; Сб: 09:00-20:00; Вс: 09:00-20:00,+03:00,,,,,,,,,,,,,,,,,,,,,,,,,,,,,,,,,,,,,,,70000001082656076,55.600575,37.469186,4504235283119276,ФУД СИТИ,70030076482998368,1,70000001082656075,Globо handels,магазин продуктов,Продуктовые магазины,shop,1,5,2026-06-24T16:02:48Z,,0,32,https://2gis.com/firm/70000001082656076,branch,198,https://2gis.ru/moscow/search/Продуктовые магазины/rubricId/373/filters/district_id=4504209520926899
Армянский дом,магазин,Продуктовые магазины,"1-я Новая улица, ст1",1 этаж,108811,,Коммунарка,,,Москва,Россия,Пн: 09:00-22:00; Вт: 09:00-22:00; Ср: 09:00-22:00; Чт: 09:00-22:00; Пт: 09:00-22:00; Сб: 09:00-22:00; Вс: 09:00-22:00,+03:00,,,89670778363,,,,,,,,,,,,,,,,,,,,,https://wa.me/79670778363,,,,,,,,,,,,,,,70000001024119835,55.62449,37.440037,4504235325607325,,,2,70000001057408566,Армянский дом,магазин,Продуктовые магазины,shop,1,4,2026-05-25T13:07:57Z,,0,32,https://2gis.com/firm/70000001024119835,branch,198,https://2gis.ru/moscow/search/Продуктовые магазины/rubricId/373/filters/district_id=4504209520926899
I-horeca,,Продуктовые магазины,"Калужское шоссе 22 километр, 10","3-071, 3-073 павильон; 1 этаж",108802,,Коммунарка,Москва,,Москва,Россия,Пн: 07:00-21:00; Вт: 07:00-21:00; Ср: 07:00-21:00; Чт: 07:00-21:00; Пт: 07:00-21:00; Сб: 09:00-19:00; Вс: 09:00-19:00,+03:00,,,89999884448,,,,,,,,,,,,,,,,,,,,,https://wa.me/79999884448,,,,,,https://t.me/+79999884448,,,https://youtube.com/channel/UCm9VYDcIJEqwxlnK3bxhT9w,,,,,,70000001087176783,55.600394,37.475169,4504235283119276,ФУД СИТИ,,1,70000001087176782,I-horeca,,Продуктовые магазины,shop,1,3,2026-06-26T16:06:24Z,,0,32,https://2gis.com/firm/70000001087176783,branch,198,https://2gis.ru/moscow/search/Продуктовые магазины/rubricId/373/filters/district_id=4504209520926899
Винлаб,супермаркет напитков,Продуктовые магазины; Алкогольные напитки,"улица Картмазовские Пруды, 2 к2",,108811,,Коммунарка,Москва,,Москва,Россия,Пн: 10:00-23:00; Вт: 10:00-23:00; Ср: 10:00-23:00; Чт: 10:00-23:00; Пт: 10:00-23:00; Сб: 10:00-23:00; Вс: 10:00-23:00 (Время продажи алкоголя ограничено.),+03:00,4.4,4,88003017755,,,,,,http://b2b.winelab.ru,http://max.ru/winelab_ru,,,,,,,,,,,https://vk.com/winelabru,,,,,,,,,https://t.me/winelab_chatbot,,,,,,,,,70000001066289586,55.614438,37.385851,70030076157960345,,,1163,70000001019234769,Винлаб,супермаркет напитков,Продуктовые магазины,shop,2,4,2026-07-07T13:29:15Z,,0,32,https://2gis.com/firm/70000001066289586,branch,198,https://2gis.ru/moscow/search/Продуктовые магазины/rubricId/373/filters/district_id=4504209520926899
Красное&Белое,продуктовый магазин,Продуктовые магазины; Алкогольные напитки,"Магеллана проспект, 33",,108802,,Коммунарка,Москва,,Москва,Россия,Пн: 09:00-22:05; Вт: 09:00-22:05; Ср: 09:00-22:05; Чт: 09:00-22:05; Пт: 09:00-22:05; Сб: 09:00-22:05; Вс: 09:00-22:05 (Время продажи алкоголя ограничено.),+03:00,,,88001000804,89227033000,,,,,http://krasnoeibeloe.ru,http://zen.yandex.ru/id/5dde5c1021552277da47ba4b,http://max.ru/krasnoebeloe,,,,,,,,,,https://vk.com/krasnoebeloe,,,,,,,,,https://t.me/krasnoeibeloe,,,,,,,,,70000001089870279,55.608879,37.41122,70030076291600010,,,2113,70000001090565128,Красное&Белое,продуктовый магазин,Продуктовые магазины,shop,2,4,2026-06-21T07:49:05Z,,0,32,https://2gis.com/firm/70000001089870279,branch,198,https://2gis.ru/moscow/search/Продуктовые магазины/rubricId/373/filters/district_id=4504209520926899
Продуктовый магазин,,Продуктовые магазины,"Калужское шоссе 22 километр, 10 ст23",1 этаж,108802,,Коммунарка,Москва,,Москва,Россия,Пн: 00:00-24:00; Вт: 00:00-24:00; Ср: 00:00-24:00; Чт: 00:00-24:00; Пт: 00:00-24:00; Сб: 00:00-24:00; Вс: 00:00-24:00,+03:00,,,,,,,,,,,,,,,,,,,,,,,,,,,,,,,,,,,,,,,70000001041020937,55.596066,37.4645,4504235295672839,,,1,70000001041020936,Продуктовый магазин,Продуктовый магазин,Продуктовые магазины,shop,1,3,2026-06-29T12:55:21Z,,0,32,https://2gis.com/firm/70000001041020937,branch,198,https://2gis.ru/moscow/search/Продуктовые магазины/rubricId/373/filters/district_id=4504209520926899
Продуктовый магазин,,Продуктовые магазины,"улица Василия Ощепкова, 6",1 этаж,108814,,Коммунарка,Москва,,Москва,Россия,Пн: 09:00-23:00; Вт: 09:00-23:00; Ср: 09:00-23:00; Чт: 09:00-23:00; Пт: 09:00-23:00; Сб: 09:00-23:00; Вс: 09:00-23:00,+03:00,5.0,2,89777200211,,,,,,,,,,,,,,,,,,,,,,,,,,,,,,,,,,,,70000001065128711,55.555258,37.467483,70030076130692762,,,1,70000001065128710,Продуктовый магазин,Продуктовый магазин,Продуктовые магазины,shop,1,5,2026-03-25T13:01:08Z,,0,32,https://2gis.com/firm/70000001065128711,branch,198,https://2gis.ru/moscow/search/Продуктовые магазины/rubricId/373/filters/district_id=4504209520926899
Бристоль,магазин у дома,Продуктовые магазины; Алкогольные напитки,"Куприна проспект, 24 к1",,108826,,Коммунарка,Москва,,Москва,Россия,Пн: 08:00-23:00; Вт: 08:00-23:00; Ср: 08:00-23:00; Чт: 08:00-23:00; Пт: 08:00-23:00; Сб: 08:00-23:00; Вс: 08:00-23:00 (Время продажи алкоголя ограничено.),+03:00,4.1,7,88002222002,,,,,,http://bristol.ru,,,,,,,,,,,,https://vk.com/bristol_retail,,,,,,,,,https://t.me/bristolretail,,,,,,,,,70000001066537937,55.544221,37.479484,70030076190423009,,,635,70000001018898719,Бристоль,магазин у дома,Продуктовые магазины,shop,2,7,2026-07-07T13:55:36Z,,0,32,https://2gis.com/firm/70000001066537937,branch,198,https://2gis.ru/moscow/search/Продуктовые магазины/rubricId/373/filters/district_id=4504209520926899
Красное&Белое,продуктовый магазин,Продуктовые магазины; Алкогольные напитки,"Скандинавский бульвар, 17",1 этаж,108834,,Коммунарка,,,Москва,Россия,Пн: 09:00-22:05; Вт: 09:00-22:05; Ср: 09:00-22:05; Чт: 09:00-22:05; Пт: 09:00-22:05; Сб: 09:00-22:05; Вс: 09:00-22:05 (Время продажи алкоголя ограничено.),+03:00,4.7,6,88001000804,89227033000,,,,,http://krasnoeibeloe.ru,http://zen.yandex.ru/id/5dde5c1021552277da47ba4b,http://max.ru/krasnoebeloe,,,,,,,,,,https://vk.com/krasnoebeloe,,,,,,,,,https://t.me/krasnoeibeloe,,,,,,,,,70000001069726250,55.557729,37.510593,70030076199557382,,,2113,70000001090565128,Красное&Белое,продуктовый магазин,Продуктовые магазины,shop,2,5,2026-06-21T07:49:43Z,,0,32,https://2gis.com/firm/70000001069726250,branch,198,https://2gis.ru/moscow/search/Продуктовые магазины/rubricId/373/filters/district_id=4504209520926899
Винлаб,супермаркет напитков,Продуктовые магазины; Алкогольные напитки,"улица Александры Монаховой, 85 к3",,108826,,Коммунарка,,,Москва,Россия,Пн: 10:00-23:00; Вт: 10:00-23:00; Ср: 10:00-23:00; Чт: 10:00-23:00; Пт: 10:00-23:00; Сб: 10:00-23:00; Вс: 10:00-23:00 (Время продажи алкоголя ограничено.),+03:00,,,88003017755,,,,,,http://b2b.winelab.ru,http://max.ru/winelab_ru,,,,,,,,,,,https://vk.com/winelabru,,,,,,,,,https://t.me/winelab_chatbot,,,,,,,,,70000001100855922,55.54954,37.491812,70030076444028340,,,1163,70000001019234769,Винлаб,супермаркет напитков,Продуктовые магазины,shop,2,4,2026-07-07T13:29:22Z,,0,32,https://2gis.com/firm/70000001100855922,branch,198,https://2gis.ru/moscow/search/Продуктовые магазины/rubricId/373/filters/district_id=4504209520926899
Бристоль,магазин у дома,Продуктовые магазины; Алкогольные напитки,"улица Александры Монаховой, 88 к1",,108826,,Коммунарка,,,Москва,Россия,Пн: 08:00-23:00; Вт: 08:00-23:00; Ср: 08:00-23:00; Чт: 08:00-23:00; Пт: 08:00-23:00; Сб: 08:00-23:00; Вс: 08:00-23:00 (Время продажи алкоголя ограничено.),+03:00,3.8,4,88002222002,,,,,,http://bristol.ru,,,,,,,,,,,,https://vk.com/bristol_retail,,,,,,,,,https://t.me/bristolretail,,,,,,,,,70000001083240613,55.544692,37.486853,70030076126464499,,,635,70000001018898719,Бристоль,магазин у дома,Продуктовые магазины,shop,2,5,2026-07-07T13:55:09Z,,0,32,https://2gis.com/firm/70000001083240613,branch,198,https://2gis.ru/moscow/search/Продуктовые магазины/rubricId/373/filters/district_id=4504209520926899
Красное&Белое,продуктовый магазин,Продуктовые магазины; Алкогольные напитки,"улица Александры Монаховой, 98 к1",,108826,,Коммунарка,,,Москва,Россия,Пн: 09:00-22:05; Вт: 09:00-22:05; Ср: 09:00-22:05; Чт: 09:00-22:05; Пт: 09:00-22:05; Сб: 09:00-22:05; Вс: 09:00-22:05 (Время продажи алкоголя ограничено.),+03:00,4.8,42,88001000804,89227033000,,,,,http://krasnoeibeloe.ru,http://zen.yandex.ru/id/5dde5c1021552277da47ba4b,http://max.ru/krasnoebeloe,,,,,,,,,,https://vk.com/krasnoebeloe,,,,,,,,,https://t.me/krasnoeibeloe,,,,,,,,,70000001035557571,55.54142,37.485122,4504235321549580,,,2113,70000001090565128,Красное&Белое,продуктовый магазин,Продуктовые магазины,shop,2,5,2026-06-21T07:49:50Z,,0,32,https://2gis.com/firm/70000001035557571,branch,198,https://2gis.ru/moscow/search/Продуктовые магазины/rubricId/373/filters/district_id=4504209520926899
Красное&Белое,продуктовый магазин,Продуктовые магазины; Алкогольные напитки,"улица Александры Монаховой, 80 к3",,108826,,Коммунарка,,,Москва,Россия,Пн: 09:00-22:05; Вт: 09:00-22:05; Ср: 09:00-22:05; Чт: 09:00-22:05; Пт: 09:00-22:05; Сб: 09:00-22:05; Вс: 09:00-22:05 (Время продажи алкоголя ограничено.),+03:00,4.8,15,88001000804,89227033000,,,,,http://krasnoeibeloe.ru,http://zen.yandex.ru/id/5dde5c1021552277da47ba4b,http://max.ru/krasnoebeloe,,,,,,,,,,https://vk.com/krasnoebeloe,,,,,,,,,https://t.me/krasnoeibeloe,,,,,,,,,70000001087551641,55.546116,37.480488,70030076190422234,,,2113,70000001090565128,Красное&Белое,продуктовый магазин,Продуктовые магазины,shop,2,6,2026-06-21T07:48:48Z,,0,32,https://2gis.com/firm/70000001087551641,branch,198,https://2gis.ru/moscow/search/Продуктовые магазины/rubricId/373/filters/district_id=4504209520926899
Дикси,супермаркет,Продуктовые магазины; Супермаркеты,"Куприна проспект, 7 к3",,117041,,Коммунарка,Москва,,Москва,Россия,Пн: 08:00-23:00; Вт: 08:00-23:00; Ср: 08:00-23:00; Чт: 08:00-23:00; Пт: 08:00-23:00; Сб: 08:00-23:00; Вс: 08:00-23:00,+03:00,4.2,5,88001011001,,,,,,http://dixy.ru,,,,,,,,,,,,https://vk.com/dixyclub,,,,,,,,,https://t.me/dixy_russia,,,https://youtube.com/user/dixychannel,,,,,,70000001111164124,55.54109,37.478695,70030076612801347,,,1418,4504136498313374,Дикси,супермаркет,Продуктовые магазины,mart,2,4,2026-06-25T04:05:56Z,,0,32,https://2gis.com/firm/70000001111164124,branch,198,https://2gis.ru/moscow/search/Продуктовые магазины/rubricId/373/filters/district_id=4504209520926899
Ароматный мир,винный супермаркет,Продуктовые магазины; Алкогольные напитки,"улица Александры Монаховой, 89 к1",,108826,,Коммунарка,,,Москва,Россия,Пн: 10:00-22:30; Вт: 10:00-22:30; Ср: 10:00-22:30; Чт: 10:00-22:30; Пт: 10:00-22:30; Сб: 10:00-22:30; Вс: 10:00-22:00 (Время продажи алкоголя ограничено.),+03:00,3.6,4,88007777290,84957775190 (доп.4128),,,,,http://amwine.ru,http://max.ru/amwineru,,,,,,,,,,,https://vk.com/amwineru,,,,,,,,,https://t.me/amwineru,,,https://youtube.com/@Aromatnyi_Mir_Vino_bez_vody,,,,,,70000001080417496,55.548324,37.48696,70030076210441233,,,564,4504136498285713,Ароматный мир,винный супермаркет,Продуктовые магазины,shop,2,4,2026-07-09T13:23:17Z,,0,32,https://2gis.com/firm/70000001080417496,branch,198,https://2gis.ru/moscow/search/Продуктовые магазины/rubricId/373/filters/district_id=4504209520926899
Красное&Белое,продуктовый магазин,Продуктовые магазины; Алкогольные напитки,"Куприна проспект, 38 к2",1 этаж,108803,,Коммунарка,Москва,,Москва,Россия,Пн: 09:00-22:05; Вт: 09:00-22:05; Ср: 09:00-22:05; Чт: 09:00-22:05; Пт: 09:00-22:05; Сб: 09:00-22:05; Вс: 09:00-22:05 (Время продажи алкоголя ограничено.),+03:00,3.3,1,88001000804,89227033000,,,,,http://krasnoeibeloe.ru,http://zen.yandex.ru/id/5dde5c1021552277da47ba4b,http://max.ru/krasnoebeloe,,,,,,,,,,https://vk.com/krasnoebeloe,,,,,,,,,https://t.me/krasnoeibeloe,,,,,,,,,70000001077153980,55.544409,37.458675,70030076203677897,,,2113,70000001090565128,Красное&Белое,продуктовый магазин,Продуктовые магазины,shop,2,5,2026-06-21T07:48:33Z,,0,32,https://2gis.com/firm/70000001077153980,branch,198,https://2gis.ru/moscow/search/Продуктовые магазины/rubricId/373/filters/district_id=4504209520926899
Красное&Белое,продуктовый магазин,Продуктовые магазины; Алкогольные напитки,"улица Эдварда Грига, 16 к1",1 этаж,108834,,Коммунарка,Москва,,Москва,Россия,Пн: 09:00-22:05; Вт: 09:00-22:05; Ср: 09:00-22:05; Чт: 09:00-22:05; Пт: 09:00-22:05; Сб: 09:00-22:05; Вс: 09:00-22:05 (Время продажи алкоголя ограничено.),+03:00,5.0,2,88001000804,89227033000,,,,,http://krasnoeibeloe.ru,http://zen.yandex.ru/id/5dde5c1021552277da47ba4b,http://max.ru/krasnoebeloe,,,,,,,,,,https://vk.com/krasnoebeloe,,,,,,,,,https://t.me/krasnoeibeloe,,,,,,,,,70000001086756129,55.555031,37.503702,70030076258828458,,,2113,70000001090565128,Красное&Белое,продуктовый магазин,Продуктовые магазины,shop,2,4,2026-06-22T05:28:25Z,,0,32,https://2gis.com/firm/70000001086756129,branch,198,https://2gis.ru/moscow/search/Продуктовые магазины/rubricId/373/filters/district_id=4504209520926899
Красное&Белое,продуктовый магазин,Продуктовые магазины; Алкогольные напитки,"улица Александры Монаховой, 89 к1",,108826,,Коммунарка,,,Москва,Россия,Пн: 09:00-22:05; Вт: 09:00-22:05; Ср: 09:00-22:05; Чт: 09:00-22:05; Пт: 09:00-22:05; Сб: 09:00-22:05; Вс: 09:00-22:05 (Время продажи алкоголя ограничено.),+03:00,4.9,5,88001000804,89227033000,,,,,http://krasnoeibeloe.ru,http://zen.yandex.ru/id/5dde5c1021552277da47ba4b,http://max.ru/krasnoebeloe,,,,,,,,,,https://vk.com/krasnoebeloe,,,,,,,,,https://t.me/krasnoeibeloe,,,,,,,,,70000001080997847,55.548871,37.487016,70030076210441233,,,2113,70000001090565128,Красное&Белое,продуктовый магазин,Продуктовые магазины,shop,2,4,2026-06-21T07:48:48Z,,0,32,https://2gis.com/firm/70000001080997847,branch,198,https://2gis.ru/moscow/search/Продуктовые магазины/rubricId/373/filters/district_id=4504209520926899
Бристоль,магазин у дома,Продуктовые магазины; Алкогольные напитки,"Калужское шоссе 22 километр, 10",14 линия; 26-32 павильон,108802,,Коммунарка,Москва,,Москва,Россия,Пн: 08:00-22:00; Вт: 08:00-22:00; Ср: 08:00-22:00; Чт: 08:00-22:00; Пт: 08:00-22:00; Сб: 08:00-22:00; Вс: 08:00-22:00 (Время продажи алкоголя ограничено.),+03:00,,,88002222002,,,,,,http://bristol.ru,,,,,,,,,,,,https://vk.com/bristol_retail,,,,,,,,,https://t.me/bristolretail,,,,,,,,,70000001109725012,55.600862,37.471297,4504235283119276,ФУД СИТИ,70030076482998368,635,70000001018898719,Бристоль,магазин у дома,Продуктовые магазины,shop,2,3,2026-07-07T13:55:15Z,,0,32,https://2gis.com/firm/70000001109725012,branch,198,https://2gis.ru/moscow/search/Продуктовые магазины/rubricId/373/filters/district_id=4504209520926899
Красное&Белое,продуктовый магазин,Продуктовые магазины; Алкогольные напитки,"Магеллана проспект, 33",,108802,,Коммунарка,Москва,,Москва,Россия,Пн: 09:00-22:05; Вт: 09:00-22:05; Ср: 09:00-22:05; Чт: 09:00-22:05; Пт: 09:00-22:05; Сб: 09:00-22:05; Вс: 09:00-22:05 (Время продажи алкоголя ограничено.),+03:00,,,88001000804,89227033000,,,,,http://krasnoeibeloe.ru,http://zen.yandex.ru/id/5dde5c1021552277da47ba4b,http://max.ru/krasnoebeloe,,,,,,,,,,https://vk.com/krasnoebeloe,,,,,,,,,https://t.me/krasnoeibeloe,,,,,,,,,70000001089870279,55.608879,37.41122,70030076291600010,,,2113,70000001090565128,Красное&Белое,продуктовый магазин,Продуктовые магазины,shop,2,4,2026-06-21T07:49:05Z,,0,32,https://2gis.com/firm/70000001089870279,branch,198,https://2gis.ru/moscow/search/Продуктовые магазины/rubricId/373/filters/district_id=4504209520926899
Ярьмаркет,продуктовый магазин,Продуктовые магазины,"2-я Новая улица, 23Б",,108811,,Коммунарка,,,Москва,Россия,Пн: 08:00-23:00; Вт: 08:00-23:00; Ср: 08:00-23:00; Чт: 08:00-23:00; Пт: 08:00-23:00; Сб: 08:00-23:00; Вс: 08:00-23:00,+03:00,1.7,1,89251631146,,,,,,,,,,,,,,,,,,,,,,,,,,,,,,,,,,,,70000001043458738,55.621871,37.426718,70030076208488434,,,1,70000001043458737,Ярьмаркет,продуктовый магазин,Продуктовые магазины,shop,1,5,2026-05-26T11:07:40Z,,0,32,https://2gis.com/firm/70000001043458738,branch,198,https://2gis.ru/moscow/search/Продуктовые магазины/rubricId/373/filters/district_id=4504209520926899
Винлаб,супермаркет напитков,Продуктовые магазины; Алкогольные напитки,"Саларьевская улица, 13 к3",,108811,,Коммунарка,Москва,,Москва,Россия,Пн: 10:00-23:00; Вт: 10:00-23:00; Ср: 10:00-23:00; Чт: 10:00-23:00; Пт: 10:00-23:00; Сб: 10:00-23:00; Вс: 10:00-23:00 (Время продажи алкоголя ограничено.),+03:00,4.5,5,88003017755,,,,,,http://b2b.winelab.ru,http://max.ru/winelab_ru,,,,,,,,,,,https://vk.com/winelabru,,,,,,,,,https://t.me/winelab_chatbot,,,,,,,,,70000001083257569,55.612559,37.411405,70030076168395944,,,1163,70000001019234769,Винлаб,супермаркет напитков,Продуктовые магазины,shop,2,4,2026-07-07T13:29:25Z,,0,32,https://2gis.com/firm/70000001083257569,branch,198,https://2gis.ru/moscow/search/Продуктовые магазины/rubricId/373/filters/district_id=4504209520926899
Винлаб,супермаркет напитков,Продуктовые магазины; Алкогольные напитки,"улица Картмазовские Пруды, 2 к2",,108811,,Коммунарка,Москва,,Москва,Россия,Пн: 10:00-23:00; Вт: 10:00-23:00; Ср: 10:00-23:00; Чт: 10:00-23:00; Пт: 10:00-23:00; Сб: 10:00-23:00; Вс: 10:00-23:00 (Время продажи алкоголя ограничено.),+03:00,4.4,4,88003017755,,,,,,http://b2b.winelab.ru,http://max.ru/winelab_ru,,,,,,,,,,,https://vk.com/winelabru,,,,,,,,,https://t.me/winelab_chatbot,,,,,,,,,70000001066289586,55.614438,37.385851,70030076157960345,,,1163,70000001019234769,Винлаб,супермаркет напитков,Продуктовые магазины,shop,2,4,2026-07-07T13:29:15Z,,0,32,https://2gis.com/firm/70000001066289586,branch,198,https://2gis.ru/moscow/search/Продуктовые магазины/rubricId/373/filters/district_id=4504209520926899
Около,минимаркет,Продуктовые магазины,,Б-21 павильон; 1 этаж,142704,,Коммунарка,Москва,,Москва,Россия,Пн: 09:00-19:00; Вт: 09:00-19:00; Ср: 09:00-19:00; Чт: 09:00-19:00; Пт: 09:00-19:00; Сб: 09:00-19:00; Вс: 09:00-19:00,+03:00,,,84956628888,,,,,,,,,,,,,,,,,,,,,,,,,,,https://t.me/okolo10,,,,,,,,,70000001113281494,55.603417,37.479206,70030076217610446,,,148,70000001080350055,Около,минимаркет,Продуктовые магазины,shop,1,5,2026-04-08T09:13:31Z,,0,32,https://2gis.com/firm/70000001113281494,branch,198,https://2gis.ru/moscow/search/Продуктовые магазины/rubricId/373/filters/district_id=4504209520926899
Винлаб,супермаркет напитков,Продуктовые магазины; Алкогольные напитки,"квартал 2, 5 ст1",1 этаж,108820,,Коммунарка,Москва,,Москва,Россия,Пн: 10:00-23:00; Вт: 10:00-23:00; Ср: 10:00-23:00; Чт: 10:00-23:00; Пт: 10:00-23:00; Сб: 10:00-23:00; Вс: 10:00-23:00 (Время продажи алкоголя ограничено.),+03:00,5.0,2,88003017755,,,,,,http://b2b.winelab.ru,http://max.ru/winelab_ru,,,,,,,,,,,https://vk.com/winelabru,,,,,,,,,https://t.me/winelab_chatbot,,,,,,,,,70000001089451078,55.633708,37.45489,70030076284265923,,,1163,70000001019234769,Винлаб,супермаркет напитков,Продуктовые магазины,shop,2,3,2026-07-07T13:29:27Z,,0,32,https://2gis.com/firm/70000001089451078,branch,198,https://2gis.ru/moscow/search/Продуктовые магазины/rubricId/373/filters/district_id=4504209520926899
Минимаркет,,Продуктовые магазины,"7-й квартал, 2 к1",1 этаж,108802,,Коммунарка,Москва,,Москва,Россия,Пн: 00:00-24:00; Вт: 00:00-24:00; Ср: 00:00-24:00; Чт: 00:00-24:00; Пт: 00:00-24:00; Сб: 00:00-24:00; Вс: 00:00-24:00,+03:00,,,,,,,,,,,,,,,,,,,,,,,,,,,,,,,,,,,,,,,70000001065394255,55.606191,37.411935,70030076173656101,,,1,70000001065394254,Минимаркет,Минимаркет,Продуктовые магазины,shop,1,5,2025-11-18T13:19:34Z,,0,32,https://2gis.com/firm/70000001065394255,branch,198,https://2gis.ru/moscow/search/Продуктовые магазины/rubricId/373/filters/district_id=4504209520926899
Продуктовый магазин,г. Москва,Продуктовые магазины,"деревня Мамыри, 17",1 этаж,142704,,Коммунарка,Москва,,Москва,Россия,Пн: 08:00-20:00; Вт: 08:00-20:00; Ср: 08:00-20:00; Чт: 08:00-20:00; Пт: 08:00-20:00; Сб: 08:00-20:00; Вс: 08:00-20:00,+03:00,,,,,,,,,,,,,,,,,,,,,,,,,,,,,,,,,,,,,,,70000001087635806,55.605136,37.481013,4504235283110742,,,1,70000001087635805,"Продуктовый магазин, г. Москва",Продуктовый магазин,Продуктовые магазины,shop,1,3,2026-04-06T12:25:19Z,,0,32,https://2gis.com/firm/70000001087635806,branch,198,https://2gis.ru/moscow/search/Продуктовые магазины/rubricId/373/filters/district_id=4504209520926899
Славянка,продуктовый магазин,Продуктовые магазины,"деревня Мамыри, 12 ст5а",,142704,,Коммунарка,Москва,,Москва,Россия,Пн: 09:00-20:00; Вт: 09:00-20:00; Ср: 09:00-20:00; Чт: 09:00-20:00; Пт: 09:00-20:00; Сб: 09:00-20:00; Вс: 09:00-20:00,+03:00,,,,,,,,,,,,,,,,,,,,,,,,,,,,,,,,,,,,,,,70000001038271555,55.605281,37.481988,70030076188869810,,,2,70000001031652764,Славянка,продуктовый магазин,Продуктовые магазины,shop,1,5,2026-04-14T11:51:31Z,,0,32,https://2gis.com/firm/70000001038271555,branch,198,https://2gis.ru/moscow/search/Продуктовые магазины/rubricId/373/filters/district_id=4504209520926899
Бристоль,магазин у дома,Продуктовые магазины; Алкогольные напитки,"Новомихайловское шоссе, 1 к2",,142704,,Коммунарка,Москва,,Москва,Россия,Пн: 08:00-23:00; Вт: 08:00-23:00; Ср: 08:00-23:00; Чт: 08:00-23:00; Пт: 08:00-23:00; Сб: 08:00-23:00; Вс: 08:00-23:00 (Время продажи алкоголя ограничено.),+03:00,3.1,2,88002222002,,,,,,http://bristol.ru,,,,,,,,,,,,https://vk.com/bristol_retail,,,,,,,,,https://t.me/bristolretail,,,,,,,,,70000001093438860,55.606558,37.473202,70030076212056442,,,635,70000001018898719,Бристоль,магазин у дома,Продуктовые магазины,shop,2,5,2026-07-07T13:55:37Z,,0,32,https://2gis.com/firm/70000001093438860,branch,198,https://2gis.ru/moscow/search/Продуктовые магазины/rubricId/373/filters/district_id=4504209520926899
Продуктовый магазин,,Продуктовые магазины,"Хованское кладбище, ст6",,108802,,Коммунарка,Москва,,Москва,Россия,Пн: 08:00-20:00; Вт: 08:00-20:00; Ср: 08:00-20:00; Чт: 08:00-20:00; Пт: 08:00-20:00; Сб: 08:00-20:00; Вс: 08:00-20:00,+03:00,,,,,,,,,,,,,,,,,,,,,,,,,,,,,,,,,,,,,,,70000001065584717,55.607222,37.447563,4504235283176792,,,1,70000001065584716,Продуктовый магазин,Продуктовый магазин,Продуктовые магазины,shop,1,5,2026-05-15T11:37:51Z,,0,32,https://2gis.com/firm/70000001065584717,branch,198,https://2gis.ru/moscow/search/Продуктовые магазины/rubricId/373/filters/district_id=4504209520926899
Винлаб,супермаркет напитков,Продуктовые магазины; Алкогольные напитки,"улица Эдварда Грига, 1а",,108801,,Коммунарка,Москва,,Москва,Россия,Пн: 10:00-23:00; Вт: 10:00-23:00; Ср: 10:00-23:00; Чт: 10:00-23:00; Пт: 10:00-23:00; Сб: 10:00-23:00; Вс: 10:00-23:00 (Время продажи алкоголя ограничено.),+03:00,5.0,2,88003017755,,,,,,http://b2b.winelab.ru,http://max.ru/winelab_ru,,,,,,,,,,,https://vk.com/winelabru,,,,,,,,,https://t.me/winelab_chatbot,,,,,,,,,70000001104976873,55.564813,37.490931,70030076578094174,,,1163,70000001019234769,Винлаб,супермаркет напитков,Продуктовые магазины,shop,2,3,2026-07-07T13:29:24Z,,0,32,https://2gis.com/firm/70000001104976873,branch,198,https://2gis.ru/moscow/search/Продуктовые магазины/rubricId/373/filters/district_id=4504209520926899
Красное&Белое,продуктовый магазин,Продуктовые магазины; Алкогольные напитки,"улица Потаповская Роща, 20 к2",1 этаж,108834,,Коммунарка,,,Москва,Россия,Пн: 09:00-22:05; Вт: 09:00-22:05; Ср: 09:00-22:05; Чт: 09:00-22:05; Пт: 09:00-22:05; Сб: 09:00-22:05; Вс: 09:00-22:05 (Время продажи алкоголя ограничено.),+03:00,4.7,11,88001000804,89227033000,,,,,http://krasnoeibeloe.ru,http://zen.yandex.ru/id/5dde5c1021552277da47ba4b,http://max.ru/krasnoebeloe,,,,,,,,,,https://vk.com/krasnoebeloe,,,,,,,,,https://t.me/krasnoeibeloe,,,,,,,,,70000001072018692,55.551542,37.505374,70030076251844825,,,2113,70000001090565128,Красное&Белое,продуктовый магазин,Продуктовые магазины,shop,2,5,2026-06-21T07:48:34Z,,0,32,https://2gis.com/firm/70000001072018692,branch,198,https://2gis.ru/moscow/search/Продуктовые магазины/rubricId/373/filters/district_id=4504209520926899
Винлаб,супермаркет напитков,Продуктовые магазины; Алкогольные напитки,"Куприна проспект, 18 к1",,108826,,Коммунарка,Москва,,Москва,Россия,Пн: 10:00-23:00; Вт: 10:00-23:00; Ср: 10:00-23:00; Чт: 10:00-23:00; Пт: 10:00-23:00; Сб: 10:00-23:00; Вс: 10:00-23:00 (Время продажи алкоголя ограничено.),+03:00,,,88003017755,,,,,,http://b2b.winelab.ru,http://max.ru/winelab_ru,,,,,,,,,,,https://vk.com/winelabru,,,,,,,,,https://t.me/winelab_chatbot,,,,,,,,,70000001090368135,55.546372,37.489487,70030076210440152,,,1163,70000001019234769,Винлаб,супермаркет напитков,Продуктовые магазины,shop,2,4,2026-07-07T13:29:27Z,,0,32,https://2gis.com/firm/70000001090368135,branch,198,https://2gis.ru/moscow/search/Продуктовые магазины/rubricId/373/filters/district_id=4504209520926899
Ермолино,фирменный магазин,Продуктовые магазины; Колбасные изделия; Продукты быстрого приготовления; Мясо и полуфабрикаты; Сыры; Кондитерские изделия; Молочные продукты,"деревня Ямонтово, 62",,108803,,Коммунарка,,,Москва,Россия,Пн: 09:00-21:00; Вт: 09:00-21:00; Ср: 09:00-21:00; Чт: 09:00-21:00; Пт: 09:00-21:00; Сб: 09:00-21:00; Вс: 09:00-21:00,+03:00,,,89132020588,89208800212,,,,,http://ermolino-produkty.ru,http://max.ru/produktyermolino,,,,,,,,,,,https://vk.com/produktyermolino,,,,,,,,,https://t.me/produktyermolino,,,https://youtube.com/c/ErmolinskieProdukty,,,,,,70000001110919782,55.535425,37.447473,4504235282859971,,,677,70000001026552772,Ермолино,фирменный магазин,Продуктовые магазины,shop,7,0,2026-07-11T04:26:46Z,,0,32,https://2gis.com/firm/70000001110919782,branch,198,https://2gis.ru/moscow/search/Продуктовые магазины/rubricId/373/filters/district_id=4504209520926899
Магазин продуктов,,Продуктовые магазины,"улица Александры Монаховой, 90 к1",,108826,,Коммунарка,,,Москва,Россия,Пн: 00:00-24:00; Вт: 00:00-24:00; Ср: 00:00-24:00; Чт: 00:00-24:00; Пт: 00:00-24:00; Сб: 00:00-24:00; Вс: 00:00-24:00,+03:00,4.9,1,,,,,,,,,,,,,,,,,,,,,,,,,,,,,,,,,,,,,70000001054898304,55.544207,37.483267,70030076157722332,,,1,70000001054898303,Магазин продуктов,Магазин продуктов,Продуктовые магазины,shop,1,5,2025-11-21T11:25:54Z,,0,32,https://2gis.com/firm/70000001054898304,branch,198,https://2gis.ru/moscow/search/Продуктовые магазины/rubricId/373/filters/district_id=4504209520926899
Красное&Белое,продуктовый магазин,Продуктовые магазины; Алкогольные напитки,"Куприна проспект, 18 к1",,108826,,Коммунарка,Москва,,Москва,Россия,Пн: 09:00-22:05; Вт: 09:00-22:05; Ср: 09:00-22:05; Чт: 09:00-22:05; Пт: 09:00-22:05; Сб: 09:00-22:05; Вс: 09:00-22:05 (Время продажи алкоголя ограничено.),+03:00,3.2,1,88001000804,89227033000,,,,,http://krasnoeibeloe.ru,http://zen.yandex.ru/id/5dde5c1021552277da47ba4b,http://max.ru/krasnoebeloe,,,,,,,,,,https://vk.com/krasnoebeloe,,,,,,,,,https://t.me/krasnoeibeloe,,,,,,,,,70000001095640258,55.546578,37.489548,70030076210440152,,,2113,70000001090565128,Красное&Белое,продуктовый магазин,Продуктовые магазины,shop,2,4,2026-06-21T07:49:07Z,,0,32,https://2gis.com/firm/70000001095640258,branch,198,https://2gis.ru/moscow/search/Продуктовые магазины/rubricId/373/filters/district_id=4504209520926899
Красное&Белое,продуктовый магазин,Продуктовые магазины; Алкогольные напитки,"улица Александры Монаховой, 95 к1",,108826,,Коммунарка,,,Москва,Россия,Пн: 09:00-22:05; Вт: 09:00-22:05; Ср: 09:00-22:05; Чт: 09:00-22:05; Пт: 09:00-22:05; Сб: 09:00-22:05; Вс: 09:00-22:05 (Время продажи алкоголя ограничено.),+03:00,4.9,17,88001000804,89227033000,,,,,http://krasnoeibeloe.ru,http://zen.yandex.ru/id/5dde5c1021552277da47ba4b,http://max.ru/krasnoebeloe,,,,,,,,,,https://vk.com/krasnoebeloe,,,,,,,,,https://t.me/krasnoeibeloe,,,,,,,,,70000001080143445,55.541902,37.490291,4504235283152855,,,2113,70000001090565128,Красное&Белое,продуктовый магазин,Продуктовые магазины,shop,2,6,2025-11-11T16:13:24Z,,0,32,https://2gis.com/firm/70000001080143445,branch,198,https://2gis.ru/moscow/search/Продуктовые магазины/rubricId/373/filters/district_id=4504209520926899
Красное&Белое,продуктовый магазин,Продуктовые магазины; Алкогольные напитки,"посёлок подсобного хозяйства Воскресенское, 35",1 этаж,108803,,Коммунарка,,,Москва,Россия,Пн: 09:00-22:05; Вт: 09:00-22:05; Ср: 09:00-22:05; Чт: 09:00-22:05; Пт: 09:00-22:05; Сб: 09:00-22:05; Вс: 09:00-22:05 (Время продажи алкоголя ограничено.),+03:00,1.0,2,88001000804,89227033000,,,,,http://krasnoeibeloe.ru,http://zen.yandex.ru/id/5dde5c1021552277da47ba4b,http://max.ru/krasnoebeloe,,,,,,,,,,https://vk.com/krasnoebeloe,,,,,,,,,https://t.me/krasnoeibeloe,,,,,,,,,70000001090481838,55.530684,37.445937,4504235282704098,,,2113,70000001090565128,Красное&Белое,продуктовый магазин,Продуктовые магазины,shop,2,4,2026-06-21T07:48:42Z,,0,32,https://2gis.com/firm/70000001090481838,branch,198,https://2gis.ru/moscow/search/Продуктовые магазины/rubricId/373/filters/district_id=4504209520926899
Винлаб,супермаркет напитков,Продуктовые магазины; Алкогольные напитки,"улица Александры Монаховой, 87 к1",,108826,,Коммунарка,,,Москва,Россия,Пн: 10:00-23:00; Вт: 10:00-23:00; Ср: 10:00-23:00; Чт: 10:00-23:00; Пт: 10:00-23:00; Сб: 10:00-23:00; Вс: 10:00-23:00 (Время продажи алкоголя ограничено.),+03:00,5.0,2,88003017755,,,,,,http://b2b.winelab.ru,http://max.ru/winelab_ru,,,,,,,,,,,https://vk.com/winelabru,,,,,,,,,https://t.me/winelab_chatbot,,,,,,,,,70000001077477600,55.549236,37.487503,70030076258892376,,,1163,70000001019234769,Винлаб,супермаркет напитков,Алкогольные напитки,shop,2,4,2026-07-07T13:29:18Z,,0,32,https://2gis.com/firm/70000001077477600,branch,198,https://2gis.ru/moscow/search/Продуктовые магазины/rubricId/373/filters/district_id=4504209520926899
Винлаб,супермаркет напитков,Продуктовые магазины; Алкогольные напитки,"улица Александры Монаховой, 98 к1",,108826,,Коммунарка,,,Москва,Россия,Пн: 10:00-23:00; Вт: 10:00-23:00; Ср: 10:00-23:00; Чт: 10:00-23:00; Пт: 10:00-23:00; Сб: 10:00-23:00; Вс: 10:00-23:00 (Время продажи алкоголя ограничено.),+03:00,4.5,3,88003017755,,,,,,http://b2b.winelab.ru,http://max.ru/winelab_ru,,,,,,,,,,,https://vk.com/winelabru,,,,,,,,,https://t.me/winelab_chatbot,,,,,,,,,70000001077768710,55.540799,37.485528,4504235321549580,,,1163,70000001019234769,Винлаб,супермаркет напитков,Продуктовые магазины,shop,2,6,2026-07-07T13:29:18Z,,0,32,https://2gis.com/firm/70000001077768710,branch,198,https://2gis.ru/moscow/search/Продуктовые магазины/rubricId/373/filters/district_id=4504209520926899
Красное&Белое,продуктовый магазин,Продуктовые магазины; Алкогольные напитки,"улица Александры Монаховой, 91 к1",1 этаж,108826,,Коммунарка,,,Москва,Россия,Пн: 09:00-22:05; Вт: 09:00-22:05; Ср: 09:00-22:05; Чт: 09:00-22:05; Пт: 09:00-22:05; Сб: 09:00-22:05; Вс: 09:00-22:05 (Время продажи алкоголя ограничено.),+03:00,5.0,2,88001000804,89227033000,,,,,http://krasnoeibeloe.ru,http://zen.yandex.ru/id/5dde5c1021552277da47ba4b,http://max.ru/krasnoebeloe,,,,,,,,,,https://vk.com/krasnoebeloe,,,,,,,,,https://t.me/krasnoeibeloe,,,,,,,,,70000001089896355,55.547488,37.487504,70030076210441099,,,2113,70000001090565128,Красное&Белое,продуктовый магазин,Продуктовые магазины,shop,2,4,2026-06-21T07:48:58Z,,0,32,https://2gis.com/firm/70000001089896355,branch,198,https://2gis.ru/moscow/search/Продуктовые магазины/rubricId/373/filters/district_id=4504209520926899
Красное&Белое,продуктовый магазин,Продуктовые магазины; Алкогольные напитки,"улица Александры Монаховой, 109 к1",,108826,,Коммунарка,,,Москва,Россия,Пн: 09:00-22:05; Вт: 09:00-22:05; Ср: 09:00-22:05; Чт: 09:00-22:05; Пт: 09:00-22:05; Сб: 09:00-22:05; Вс: 09:00-22:05 (Время продажи алкоголя ограничено.),+03:00,4.8,14,88001000804,89227033000,,,,,http://krasnoeibeloe.ru,http://zen.yandex.ru/id/5dde5c1021552277da47ba4b,http://max.ru/krasnoebeloe,,,,,,,,,,https://vk.com/krasnoebeloe,,,,,,,,,https://t.me/krasnoeibeloe,,,,,,,,,70000001032539662,55.540951,37.497702,4504235294357651,,,2113,70000001090565128,Красное&Белое,продуктовый магазин,Продуктовые магазины,shop,2,6,2026-06-21T07:49:30Z,,0,32,https://2gis.com/firm/70000001032539662,branch,198,https://2gis.ru/moscow/search/Продуктовые магазины/rubricId/373/filters/district_id=4504209520926899
Магазин продуктов и товаров для дома,,Продуктовые магазины,"улица Адмирала Корнилова, 54 ст1а",,108820,,Коммунарка,Москва,,Москва,Россия,Пн: 10:00-20:00; Вт: 10:00-20:00; Ср: 10:00-20:00; Чт: 10:00-20:00; Пт: 10:00-20:00; Сб: 10:00-20:00; Вс: 10:00-20:00,+03:00,,,,,,,,,,,,,,,,,,,,,,,,,,,,,,,,,,,,,,,70000001078506736,55.620056,37.454629,70030076194701595,,,1,70000001078506735,Магазин продуктов и товаров для дома,Магазин продуктов и товаров для дома,Продуктовые магазины,shop,1,1,2026-04-24T16:31:43Z,,0,32,https://2gis.com/firm/70000001078506736,branch,198,https://2gis.ru/moscow/search/Продуктовые магазины/rubricId/373/filters/district_id=4504209520926899
Около,минимаркет,Продуктовые магазины,"деревня Дудкино, вл12",1 этаж,108820,,Коммунарка,,,Москва,Россия,Пн: 09:00-23:00; Вт: 09:00-23:00; Ср: 09:00-23:00; Чт: 09:00-23:00; Пт: 09:00-23:00; Сб: 09:00-23:00; Вс: 09:00-23:00,+03:00,,,84956628888,,,,,,,,,,,,,,,,,,,,,,,,,,,https://t.me/okolo10,,,,,,,,,70000001113896505,55.629027,37.446337,4504235282791002,Парк-отель Парус,,148,70000001080350055,Около,минимаркет,Продуктовые магазины,shop,1,5,2026-04-28T08:48:10Z,,0,32,https://2gis.com/firm/70000001113896505,branch,198,https://2gis.ru/moscow/search/Продуктовые магазины/rubricId/373/filters/district_id=4504209520926899
Магазин продуктов,,Продуктовые магазины,,,108820,,Коммунарка,Москва,,Москва,Россия,Пн: 09:00-22:00; Вт: 09:00-22:00; Ср: 09:00-22:00; Чт: 09:00-22:00; Пт: 09:00-22:00; Сб: 09:00-22:00; Вс: 09:00-22:00,+03:00,,,,,,,,,,,,,,,,,,,,,,,,,,,,,,,,,,,,,,,70000001078506765,55.621665,37.458262,70030076194700840,,,1,70000001078506764,Магазин продуктов,Магазин продуктов,Продуктовые магазины,shop,1,6,2026-04-22T13:57:27Z,,0,32,https://2gis.com/firm/70000001078506765,branch,198,https://2gis.ru/moscow/search/Продуктовые магазины/rubricId/373/filters/district_id=4504209520926899
Продуктовый магазин,,Продуктовые магазины,"улица Адмирала Корнилова, вл2",,108811,,Коммунарка,Москва,,Москва,Россия,Пн: 09:00-21:00; Вт: 09:00-21:00; Ср: 09:00-21:00; Чт: 09:00-21:00; Пт: 09:00-21:00; Сб: 09:00-21:00; Вс: 09:00-21:00,+03:00,,,89856652616,,,,,,,,,,,,,,,,,,,,,,,,,,,,,,,,,,,,70000001114663338,55.619458,37.441583,4504235300266857,,,1,70000001114663337,Продуктовый магазин,Продуктовый магазин,Продуктовые магазины,shop,1,0,2026-05-27T11:01:35Z,,0,32,https://2gis.com/firm/70000001114663338,branch,198,https://2gis.ru/moscow/search/Продуктовые магазины/rubricId/373/filters/district_id=4504209520926899
Продуктовый магазин,,Продуктовые магазины,"МКАД 43 километр, к8",1 этаж,108820,,Коммунарка,Москва,,Москва,Россия,Пн: 00:00-24:00; Вт: 00:00-24:00; Ср: 00:00-24:00; Чт: 00:00-24:00; Пт: 00:00-24:00; Сб: 00:00-24:00; Вс: 00:00-24:00,+03:00,3.6,2,,,,,,,,,,,,,,,,,,,,,,,,,,,,,,,,,,,,,70000001064822236,55.622431,37.458728,4504235308594368,,,3,70000001055403094,Продуктовый магазин,Продуктовый магазин,Продуктовые магазины,shop,1,8,2026-04-21T07:24:21Z,,0,32,https://2gis.com/firm/70000001064822236,branch,198,https://2gis.ru/moscow/search/Продуктовые магазины/rubricId/373/filters/district_id=4504209520926899
Продуктовый магазин,,Продуктовые магазины,,ТА-36 павильон,108820,,Коммунарка,Москва,,Москва,Россия,Пн: 00:00-24:00; Вт: 00:00-24:00; Ср: 00:00-24:00; Чт: 00:00-24:00; Пт: 00:00-24:00; Сб: 00:00-24:00; Вс: 00:00-24:00,+03:00,,,,,,,,,,,,,,,,,,,,,,,,,,,,,,,,,,,,,,,70000001064911321,55.621063,37.449071,70030076455074000,,,1,70000001064911320,Продуктовый магазин,Продуктовый магазин,Продуктовые магазины,shop,1,2,2026-04-20T05:00:16Z,,0,32,https://2gis.com/firm/70000001064911321,branch,198,https://2gis.ru/moscow/search/Продуктовые магазины/rubricId/373/filters/district_id=4504209520926899
Минимаркет,,Продуктовые магазины,,,108820,,Коммунарка,Москва,,Москва,Россия,Пн: 08:00-18:00; Вт: 08:00-18:00; Ср: 08:00-18:00; Чт: 08:00-18:00; Пт: 08:00-18:00; Сб: 08:00-18:00; Вс: 08:00-18:00,+03:00,,,,,,,,,,,,,,,,,,,,,,,,,,,,,,,,,,,,,,,70000001113786944,55.622276,37.450931,70030076193806737,,,1,70000001113786943,Минимаркет,Минимаркет,Продуктовые магазины,shop,1,6,2026-04-23T16:58:39Z,,0,32,https://2gis.com/firm/70000001113786944,branch,198,https://2gis.ru/moscow/search/Продуктовые магазины/rubricId/373/filters/district_id=4504209520926899
Продуктовый магазин,,Продуктовые магазины,,,108820,,Коммунарка,Москва,,Москва,Россия,Пн: 08:00-20:00; Вт: 08:00-20:00; Ср: 08:00-20:00; Чт: 08:00-20:00; Пт: 08:00-20:00; Сб: 08:00-20:00; Вс: 08:00-20:00,+03:00,,,,,,,,,,,,,,,,,,,,,,,,,,,,,,,,,,,,,,,70000001064822218,55.622311,37.450805,70030076193806737,,,1,70000001064822217,Продуктовый магазин,Продуктовый магазин,Продуктовые магазины,shop,1,2,2026-04-23T16:35:38Z,,0,32,https://2gis.com/firm/70000001064822218,branch,198,https://2gis.ru/moscow/search/Продуктовые магазины/rubricId/373/filters/district_id=4504209520926899
Магазин продуктов,,Продуктовые магазины,,,108820,,Коммунарка,Москва,,Москва,Россия,,+03:00,,,,,,,,,,,,,,,,,,,,,,,,,,,,,,,,,,,,,,,70000001113786880,55.622352,37.450661,70030076193806737,,,1,70000001113786879,Магазин продуктов,Магазин продуктов,Продуктовые магазины,shop,1,2,2026-04-23T16:56:51Z,,0,32,https://2gis.com/firm/70000001113786880,branch,198,https://2gis.ru/moscow/search/Продуктовые магазины/rubricId/373/filters/district_id=4504209520926899
Магазин продуктов из Армении,,Продуктовые магазины,"улица Адмирала Корнилова, 69/2",68 павильон; 1 этаж,108811,,Коммунарка,Москва,,Москва,Россия,Пн: 09:00-21:00; Вт: 09:00-21:00; Ср: 09:00-21:00; Чт: 09:00-21:00; Пт: 09:00-21:00; Сб: 09:00-21:00; Вс: 09:00-21:00,+03:00,,,89166513311,,,,,,,,,,,,,,,,,,,,,https://wa.me/79166513311,,,,,,,,,,,,,,,70000001074633528,55.623435,37.441413,70030076137551567,ТК Саларьево,,1,70000001074633527,Магазин продуктов из Армении,Магазин продуктов из Армении,Продуктовые магазины,shop,1,3,2026-05-25T15:45:19Z,,0,32,https://2gis.com/firm/70000001074633528,branch,198,https://2gis.ru/moscow/search/Продуктовые магазины/rubricId/373/filters/district_id=4504209520926899
Продуктовый магазин,,Продуктовые магазины,"1-я Новая улица, 1а",1 этаж,108811,,Коммунарка,,,Москва,Россия,Пн: 08:30-02:00; Вт: 08:30-02:00; Ср: 08:30-02:00; Чт: 08:30-02:00; Пт: 08:30-02:00; Сб: 08:30-02:00; Вс: 08:30-02:00,+03:00,,,,,,,,,,,,,,,,,,,,,,,,,,,,,,,,,,,,,,,70000001024160477,55.623809,37.440565,4504235282926660,,,1,70000001024160476,Продуктовый магазин,Продуктовый магазин,Продуктовые магазины,shop,1,3,2026-05-25T13:32:54Z,,0,32,https://2gis.com/firm/70000001024160477,branch,198,https://2gis.ru/moscow/search/Продуктовые магазины/rubricId/373/filters/district_id=4504209520926899
Мир вкуса,продуктовый магазин,Продуктовые магазины,"Киевское шоссе 23 километр, 1",P1 этаж,108811,,Коммунарка,Москва,,Москва,Россия,Пн: 10:00-22:00; Вт: 10:00-22:00; Ср: 10:00-22:00; Чт: 10:00-22:00; Пт: 10:00-22:00; Сб: 10:00-22:00; Вс: 10:00-22:00,+03:00,1.9,1,,,,,,,,,,,,,,,,,,,,,,,,,,,,,,,,,,,,,70000001040003230,55.621912,37.423424,70030076142593203,ТРЦ Саларис,70030076181327592,1,70000001040003229,Мир вкуса,продуктовый магазин,Продуктовые магазины,shop,1,8,2026-03-26T10:02:25Z,,0,32,https://2gis.com/firm/70000001040003230,branch,198,https://2gis.ru/moscow/search/Продуктовые магазины/rubricId/373/filters/district_id=4504209520926899
Бристоль,магазин у дома,Продуктовые магазины; Алкогольные напитки,"посёлок подсобного хозяйства Воскресенское, 5",цокольный этаж,108803,,Коммунарка,,,Москва,Россия,Пн: 08:00-23:00; Вт: 08:00-23:00; Ср: 08:00-23:00; Чт: 08:00-23:00; Пт: 08:00-23:00; Сб: 08:00-23:00; Вс: 08:00-23:00 (Время продажи алкоголя ограничено.),+03:00,,,88002222002,,,,,,http://bristol.ru,,,,,,,,,,,,https://vk.com/bristol_retail,,,,,,,,,https://t.me/bristolretail,,,,,,,,,70000001101485368,55.525294,37.444115,4504235295663812,,,635,70000001018898719,Бристоль,магазин у дома,Продуктовые магазины,shop,2,4,2026-07-07T13:55:41Z,,0,32,https://2gis.com/firm/70000001101485368,branch,198,https://2gis.ru/moscow/search/Продуктовые магазины/rubricId/373/filters/district_id=4504209520926899
Продуктовый магазин,,Продуктовые магазины,"улица Александры Монаховой, 105 к1",,108826,,Коммунарка,,,Москва,Россия,Пн: 10:00-21:00; Вт: 10:00-21:00; Ср: 10:00-21:00; Чт: 10:00-21:00; Пт: 10:00-21:00; Сб: 10:00-21:00; Вс: 10:00-21:00,+03:00,,,,,,,,,,,,,,,,,,,,,,,,,,,,,,,,,,,,,,,70000001054897987,55.541004,37.49525,4504235283119716,,,1,70000001054897986,Продуктовый магазин,Продуктовый магазин,Продуктовые магазины,shop,1,5,2025-11-11T18:44:27Z,,0,32,https://2gis.com/firm/70000001054897987,branch,198,https://2gis.ru/moscow/search/Продуктовые магазины/rubricId/373/filters/district_id=4504209520926899
Продуктовый бутик,,Продуктовые магазины,"улица Александры Монаховой, 105 к1",,108826,,Коммунарка,,,Москва,Россия,Пн: 09:00-23:00; Вт: 09:00-23:00; Ср: 09:00-23:00; Чт: 09:00-23:00; Пт: 09:00-23:00; Сб: 09:00-23:00; Вс: 09:00-23:00,+03:00,,,89188214080,,,,,,,,,,,,,,,,,,,,,,,,,,,,,,,,,,,,70000001108881847,55.540594,37.495431,4504235283119716,,,1,70000001108881846,Продуктовый бутик,Продуктовый бутик,Продуктовые магазины,shop,1,4,2026-03-20T11:32:24Z,,0,32,https://2gis.com/firm/70000001108881847,branch,198,https://2gis.ru/moscow/search/Продуктовые магазины/rubricId/373/filters/district_id=4504209520926899
Красное&Белое,продуктовый магазин,Продуктовые магазины; Алкогольные напитки,"улица Александры Монаховой, 105 к1",1 этаж,108826,,Коммунарка,,,Москва,Россия,Пн: 09:00-22:05; Вт: 09:00-22:05; Ср: 09:00-22:05; Чт: 09:00-22:05; Пт: 09:00-22:05; Сб: 09:00-22:05; Вс: 09:00-22:05 (Время продажи алкоголя ограничено.),+03:00,4.8,16,88001000804,89227033000,,,,,http://krasnoeibeloe.ru,http://zen.yandex.ru/id/5dde5c1021552277da47ba4b,http://max.ru/krasnoebeloe,,,,,,,,,,https://vk.com/krasnoebeloe,,,,,,,,,https://t.me/krasnoeibeloe,,,,,,,,,70000001075597192,55.540445,37.49505,4504235283119716,,,2113,70000001090565128,Красное&Белое,продуктовый магазин,Продуктовые магазины,shop,2,6,2026-06-21T07:48:33Z,,0,32,https://2gis.com/firm/70000001075597192,branch,198,https://2gis.ru/moscow/search/Продуктовые магазины/rubricId/373/filters/district_id=4504209520926899
Магазин разливного пива,,Продуктовые магазины; Разливное пиво,"посёлок подсобного хозяйства Воскресенское, вл54а ст3",,108803,,Коммунарка,,,Москва,Россия,Пн: 09:00-22:00; Вт: 09:00-22:00; Ср: 09:00-22:00; Чт: 09:00-22:00; Пт: 09:00-22:00; Сб: 09:00-22:00; Вс: 09:00-22:00 (Время продажи алкоголя ограничено.),+03:00,,,,,,,,,,,,,,,,,,,,,,,,,,,,,,,,,,,,,,,70000001064532755,55.524563,37.44718,4504235283111352,,,1,70000001064532754,Магазин разливного пива,Магазин разливного пива,Продуктовые магазины,shop,2,4,2025-11-20T17:20:44Z,,0,32,https://2gis.com/firm/70000001064532755,branch,198,https://2gis.ru/moscow/search/Продуктовые магазины/rubricId/373/filters/district_id=4504209520926899
Дольвадорес,магазин продуктов,Продуктовые магазины,"Растороповская улица, 71",,108803,,Коммунарка,,,Москва,Россия,Пн: 09:00-23:00; Вт: 09:00-23:00; Ср: 09:00-23:00; Чт: 09:00-23:00; Пт: 09:00-23:00; Сб: 09:00-23:00; Вс: 09:00-22:00,+03:00,5.0,1,,,,,,,,,,,,,,,,,,,,,,,,,,,,,,,,,,,,,4504128908709840,55.502939,37.444462,4504235283157767,,,1,4504137598509894,"Дольвадорес, ООО, магазин продуктов",магазин продуктов,Продуктовые магазины,shop,1,2,2016-05-18T17:19:57Z,,0,32,https://2gis.com/firm/4504128908709840,branch,198,https://2gis.ru/moscow/search/Продуктовые магазины/rubricId/373/filters/district_id=4504209520926899
"Caravan, универмаг",,Продовольственные магазины; Супермаркеты; Колбасные изделия; Кондитерские изделия,"Флерова, 3",,,,,,,,,,,,,,,,,,,,,,,,,,,,,,,,,,,,,,,,,,,,,,,,,145266870003267,,,,,,1,145275459927704,"Caravan, универмаг",,,,4,0,2018-09-26T14:30:56Z,,0,1,https://2gis.com/firm/145266870003267,branch,198,https://2gis.ru/moscow/search/Продуктовые магазины/rubricId/373/filters/district_id=4504209520926899
