Наименование,Описание,Рубрики,Адрес,Комментарий к адресу,Почтовый индекс,Микрорайон,Район,Город,Округ,Регион,Страна,Часы работы,Часовой пояс,Рейтинг,Количество отзывов,Телефон 1,Телефон 2,Телефон 3,E-mail 1,E-mail 2,E-mail 3,Веб-сайт 1,Веб-сайт 2,Веб-сайт 3,Instagram 1,Instagram 2,Instagram 3,Twitter 1,Twitter 2,Twitter 3,Facebook 1,Facebook 2,Facebook 3,ВКонтакте 1,ВКонтакте 2,ВКонтакте 3,WhatsApp 1,WhatsApp 2,WhatsApp 3,Viber 1,Viber 2,Viber 3,Telegram 1,Telegram 2,Telegram 3,YouTube 1,YouTube 2,YouTube 3,Skype 1,Skype 2,Skype 3,ID объекта,Широта,Долгота,ID здания,Название здания,ID этажа,Количество филиалов,ID сети,Название сети,Специализация сети,Главная рубрика,POI-категория,Кол-во рубрик,Кол-во атрибутов,Дата обновления,Удалён,ID сегмента,ID региона,2GIS URL,Тип,Ожидаемое кол-во (2GIS),Ссылка запроса
Пятёрочка,супермаркет,Супермаркеты; Доставка продуктов,"Саларьевская улица, 14 к3",,108811,,Коммунарка,Москва,,Москва,Россия,Пн: 08:00-23:00; Вт: 08:00-23:00; Ср: 08:00-23:00; Чт: 08:00-23:00; Пт: 08:00-23:00; Сб: 08:00-23:00; Вс: 08:00-23:00,+03:00,3.9,74,88007700400,,,info@x5.ru,,,http://5ka.ru/catalog?utm_source=2gis&utm_medium=cpm&utm_campaign=000161-17_igronik_media_5ka_promo_04_2026%7Cformat_banner%7Ctype_banner&utm_content=%7Ccreo_1&utm_term,http://max.ru/tspyaterochka,,,,,https://twitter.com/pyaterochka,,,,,,https://vk.com/pyaterochka_shop,,,,,,,,,,,,,,,,,,70000001043081913,55.618232,37.410032,70030076142305944,,,3347,4504136498316193,Пятёрочка,супермаркет,Супермаркеты,mart,2,11,2026-06-22T08:07:38Z,,0,32,https://2gis.com/firm/70000001043081913,branch,241,https://2gis.ru/moscow/search/Супермаркеты/rubricId/350/filters/district_id=4504209520926899
Чижик,супермаркет,Супермаркеты,"Скандинавский бульвар, 2 к8",,108801,,Коммунарка,,,Москва,Россия,Пн: 09:00-21:00; Вт: 09:00-21:00; Ср: 09:00-21:00; Чт: 09:00-21:00; Пт: 09:00-21:00; Сб: 09:00-21:00; Вс: 09:00-21:00,+03:00,4.9,46,84992702713,,,112@chizhik.club,,,http://chizhik.club/?utm_campaign=HA7G&utm_medium=maps&utm_source=2gis,,,,,,,,,,,,https://vk.com/chizhik.club,,,,,,,,,,,,,,,,,,70000001080847243,55.564628,37.493213,70030076173515608,,,613,70000001046125844,Чижик,супермаркет,Супермаркеты,mart,1,9,2026-07-05T12:23:07Z,,0,32,https://2gis.com/firm/70000001080847243,branch,241,https://2gis.ru/moscow/search/Супермаркеты/rubricId/350/filters/district_id=4504209520926899
Перекрёсток,супермаркет,Супермаркеты; Доставка продуктов,"улица Александры Монаховой, 30 ст2",1 этаж,108814,,Коммунарка,,,Москва,Россия,Пн: 00:00-24:00; Вт: 00:00-24:00; Ср: 00:00-24:00; Чт: 00:00-24:00; Пт: 00:00-24:00; Сб: 00:00-24:00; Вс: 00:00-24:00,+03:00,4.3,68,84951457575,,,info@x5.ru,,,http://perekrestok.ru/?utm_source=2gis_maps&utm_medium=display&utm_campaign=maps_wo_promo&utm_content=main_url,http://max.ru/perekrestok_shop,,,,,,,,,,,https://vk.com/perekrestok_shop,,,,,,,,,https://t.me/+rHsiEm_QR3EwNTky,,,,,,,,,70000001025345491,55.56642,37.482966,4504235282731453,,,487,4504136498303078,Перекрёсток,супермаркет,Супермаркеты,mart,2,12,2026-06-27T05:12:07Z,,0,32,https://2gis.com/firm/70000001025345491,branch,241,https://2gis.ru/moscow/search/Супермаркеты/rubricId/350/filters/district_id=4504209520926899
ВкусВилл,супермаркет,Супермаркеты; Доставка продуктов; Кулинарии; Доставка еды,"Лазурная улица, 3",1 этаж,108814,,Коммунарка,,,Москва,Россия,Пн: 09:00-22:00; Вт: 09:00-22:00; Ср: 09:00-22:00; Чт: 09:00-22:00; Пт: 09:00-22:00; Сб: 09:00-22:00; Вс: 09:00-22:00,+03:00,4.8,47,89257812826,,,,,,http://vkusvill.ru/goods/?utm_source=2gis&utm_medium=maps&utm_campaign=glavnaya&deep_link_value=https%3A%2F%2Fvkusvill.ru%2Fmobile%3Fcatalog%2F&af_dp=vkusvill%3A%2F%2F&c=glavnaya&shortlink=5ca647b8&source_,http://max.ru/vkusvill_ru,,,,,,,,,,,https://vk.com/vkusvill_ru,,,,,,,,,https://t.me/we_are_vkusvill,,,,,,,,,70000001024796006,55.568238,37.472699,4504235283111656,,,1420,4504137598285175,ВкусВилл,супермаркет,Супермаркеты,mart,4,19,2026-06-28T05:22:46Z,,0,32,https://2gis.com/firm/70000001024796006,branch,241,https://2gis.ru/moscow/search/Супермаркеты/rubricId/350/filters/district_id=4504209520926899
Samra,оптовый супермаркет,Супермаркеты,"Калужское шоссе 22 километр, 10",6 линия; 98 павильон; 1 этаж,108802,,Коммунарка,Москва,,Москва,Россия,Пн: 07:00-18:00; Вт: 07:00-18:00; Ср: 07:00-18:00; Чт: 07:00-18:00; Пт: 07:00-18:00; Сб: 07:00-18:00; Вс: 07:00-18:00,+03:00,4.2,4,89661069393,,,,,,http://samraretail.ru,,,,,,,,,,,,,,,https://wa.me/79661069393,,,,,,,,,,,,,,,70000001049805944,55.602022,37.467384,4504235283119276,ФУД СИТИ,70030076482998368,2,70000001049805943,Samra,оптовый супермаркет,Супермаркеты,mart,1,7,2026-06-24T15:44:40Z,,0,32,https://2gis.com/firm/70000001049805944,branch,241,https://2gis.ru/moscow/search/Супермаркеты/rubricId/350/filters/district_id=4504209520926899
Пятёрочка,супермаркет,Супермаркеты,"посёлок Завода Мосрентген, 31",1 этаж,108820,,Коммунарка,,,Москва,Россия,Пн: 08:00-23:00; Вт: 08:00-23:00; Ср: 08:00-23:00; Чт: 08:00-23:00; Пт: 08:00-23:00; Сб: 08:00-23:00; Вс: 08:00-23:00,+03:00,4.6,78,88007700400,,,info@x5.ru,,,http://5ka.ru/catalog?utm_source=2gis&utm_medium=cpm&utm_campaign=000161-17_igronik_media_5ka_promo_04_2026%7Cformat_banner%7Ctype_banner&utm_content=%7Ccreo_1&utm_term,http://max.ru/tspyaterochka,,,,,https://twitter.com/pyaterochka,,,,,,https://vk.com/pyaterochka_shop,,,,,,,,,,,,,,,,,,70000001029489804,55.620829,37.472079,4504235282811663,,,3347,4504136498316193,Пятёрочка,супермаркет,Супермаркеты,mart,1,12,2026-06-22T08:06:36Z,,0,32,https://2gis.com/firm/70000001029489804,branch,241,https://2gis.ru/moscow/search/Супермаркеты/rubricId/350/filters/district_id=4504209520926899
Супер Лента,супермаркет,Супермаркеты,"Скандинавский бульвар, 1 ст4",,108801,,Коммунарка,,,Москва,Россия,Пн: 09:00-23:00; Вт: 09:00-23:00; Ср: 09:00-23:00; Чт: 09:00-23:00; Пт: 09:00-23:00; Сб: 09:00-23:00; Вс: 09:00-23:00,+03:00,4.0,33,84957774111 (горячая линия: круглосуточно),88007004111 (горячая линия: круглосуточно),,info@lenta.com,,,http://lentaapp.go.link/main?adj_t=1ovv6zw6&adj_deep_link=lentochka%3A%2F%2Fmain&adj_fallback=https%3A%2F%2Flenta.com%2F%3Futm_campaign%3Dmaps_free%26utm_medium%3Drefferal%26utm_source%3D2gis.maps&adj_redirect_macos=https%3A%2F%2Flenta.com%2F%3Futm_campaign%3Dmaps_free%26utm_medium%3Drefferal%26utm_source%3D2gis.maps,http://max.ru/lentacom,,,,,,,,,,,https://vk.com/lentacom,,,,,,,,,https://t.me/lenta_promobot,,,https://youtube.com/channel/UCrrKUFYJyIfkBeBSwBWrqXQ,,,,,,70000001058980383,55.568855,37.494555,70030076211385022,,,139,70000001058978863,Супер Лента,супермаркет,Супермаркеты,mart,1,12,2026-05-05T05:57:04Z,,0,32,https://2gis.com/firm/70000001058980383,branch,241,https://2gis.ru/moscow/search/Супермаркеты/rubricId/350/filters/district_id=4504209520926899
Перекрёсток,супермаркет,Супермаркеты; Доставка продуктов,"Прокшинский проспект, 9",1 этаж,108802,,Коммунарка,Москва,,Москва,Россия,Пн: 08:00-23:00; Вт: 08:00-23:00; Ср: 08:00-23:00; Чт: 08:00-23:00; Пт: 08:00-23:00; Сб: 08:00-23:00; Вс: 08:00-23:00,+03:00,4.6,33,88002009555 (многоканальный),,,info@x5.ru,,,http://perekrestok.ru/?utm_source=2gis_maps&utm_medium=display&utm_campaign=maps_wo_promo&utm_content=main_url,http://max.ru/perekrestok_shop,,,,,,,,,,,https://vk.com/perekrestok_shop,,,,,,,,,https://t.me/+rHsiEm_QR3EwNTky,,,,,,,,,70000001080142476,55.591849,37.428672,70030076251873662,,,487,4504136498303078,Перекрёсток,супермаркет,Супермаркеты,mart,2,13,2026-06-27T05:12:02Z,,0,32,https://2gis.com/firm/70000001080142476,branch,241,https://2gis.ru/moscow/search/Супермаркеты/rubricId/350/filters/district_id=4504209520926899
Пятёрочка,супермаркет,Супермаркеты; Доставка продуктов,"посёлок Газопровод, 12Б ст1",,108814,,Коммунарка,,,Москва,Россия,Пн: 09:00-23:00; Вт: 09:00-23:00; Ср: 09:00-23:00; Чт: 09:00-23:00; Пт: 09:00-23:00; Сб: 09:00-23:00; Вс: 09:00-23:00,+03:00,4.5,78,88007700400,,,info@x5.ru,,,http://5ka.ru/catalog?utm_source=2gis&utm_medium=cpm&utm_campaign=000161-17_igronik_media_5ka_promo_04_2026%7Cformat_banner%7Ctype_banner&utm_content=%7Ccreo_1&utm_term,http://max.ru/tspyaterochka,,,,,https://twitter.com/pyaterochka,,,,,,https://vk.com/pyaterochka_shop,,,,,,,,,,,,,,,,,,70000001045864827,55.580274,37.478872,4504235282782824,,,3347,4504136498316193,Пятёрочка,супермаркет,Супермаркеты,mart,2,11,2026-06-22T08:07:24Z,,0,32,https://2gis.com/firm/70000001045864827,branch,241,https://2gis.ru/moscow/search/Супермаркеты/rubricId/350/filters/district_id=4504209520926899
Пятёрочка,супермаркет,Супермаркеты,"улица Большое Понизовье, 8",,108802,,Коммунарка,Москва,,Москва,Россия,Пн: 09:00-22:00; Вт: 09:00-22:00; Ср: 09:00-22:00; Чт: 09:00-22:00; Пт: 09:00-22:00; Сб: 09:00-22:00; Вс: 09:00-22:00,+03:00,5.0,1,88007700400,,,info@x5.ru,,,http://5ka.ru/catalog?utm_source=2gis&utm_medium=cpm&utm_campaign=000161-17_igronik_media_5ka_promo_04_2026%7Cformat_banner%7Ctype_banner&utm_content=%7Ccreo_1&utm_term,http://max.ru/tspyaterochka,,,,,https://twitter.com/pyaterochka,,,,,,https://vk.com/pyaterochka_shop,,,,,,,,,,,,,,,,,,70000001113038866,55.605826,37.413856,70030077006111804,,,3347,4504136498316193,Пятёрочка,супермаркет,Супермаркеты,mart,1,12,2026-06-22T08:08:11Z,,0,32,https://2gis.com/firm/70000001113038866,branch,241,https://2gis.ru/moscow/search/Супермаркеты/rubricId/350/filters/district_id=4504209520926899
В1 — Первый выбор,супермаркет-дискаунтер,Супермаркеты,"посёлок Завода Мосрентген, 7",,108820,,Коммунарка,,,Москва,Россия,Пн: 09:00-21:00; Вт: 09:00-21:00; Ср: 09:00-21:00; Чт: 09:00-21:00; Пт: 09:00-21:00; Сб: 09:00-21:00; Вс: 09:00-21:00,+03:00,4.9,4,88002008474 (единый номер: пн-вс 9:00-21:00),,,,,,http://v1.market,,,,,,,,,,,,https://vk.com/v1_discount,,,,,,,,,https://t.me/v1_discount,,,,,,,,,70000001096405506,55.621539,37.473674,4504235282812039,,,96,70000001068717318,В1 — Первый выбор,супермаркет-дискаунтер,Супермаркеты,mart,1,7,2026-06-24T04:44:37Z,,0,32,https://2gis.com/firm/70000001096405506,branch,241,https://2gis.ru/moscow/search/Супермаркеты/rubricId/350/filters/district_id=4504209520926899
Супер Лента,супермаркет,Супермаркеты,"бульвар Веласкеса, 3 к1",1 этаж,108802,,Коммунарка,Москва,,Москва,Россия,Пн: 09:00-23:00; Вт: 09:00-23:00; Ср: 09:00-23:00; Чт: 09:00-23:00; Пт: 09:00-23:00; Сб: 09:00-23:00; Вс: 09:00-23:00,+03:00,4.8,67,84957774111 (горячая линия: круглосуточно),88007004111 (горячая линия: круглосуточно),,info@lenta.com,,,http://lentaapp.go.link/main?adj_t=1ovv6zw6&adj_deep_link=lentochka%3A%2F%2Fmain&adj_fallback=https%3A%2F%2Flenta.com%2F%3Futm_campaign%3Dmaps_free%26utm_medium%3Drefferal%26utm_source%3D2gis.maps&adj_redirect_macos=https%3A%2F%2Flenta.com%2F%3Futm_campaign%3Dmaps_free%26utm_medium%3Drefferal%26utm_source%3D2gis.maps,http://max.ru/lentacom,,,,,,,,,,,https://vk.com/lentacom,,,,,,,,,https://t.me/lenta_promobot,,,https://youtube.com/channel/UCrrKUFYJyIfkBeBSwBWrqXQ,,,,,,70000001083334699,55.592587,37.457073,4504235325436120,,,139,70000001058978863,Супер Лента,супермаркет,Супермаркеты,mart,1,12,2026-06-05T06:11:23Z,,0,32,https://2gis.com/firm/70000001083334699,branch,241,https://2gis.ru/moscow/search/Супермаркеты/rubricId/350/filters/district_id=4504209520926899
Магнит,супермаркет,Супермаркеты,"Братьев Гранат, 6",1 этаж,108802,,Коммунарка,Москва,,Москва,Россия,Пн: 08:00-23:00; Вт: 08:00-23:00; Ср: 08:00-23:00; Чт: 08:00-23:00; Пт: 08:00-23:00; Сб: 08:00-23:00; Вс: 08:00-23:00,+03:00,,,88002009002 (единая справочная: пн-вс 6:00-00:00),,,info@magnit.ru,,,http://magnit.ru/?utm_source=_geopriority_&utm_medium=&utm_campaign=_MM_Geoprioritety_-&utm_content=main&utm_term=,,,,,,,,,,,,https://vk.com/magnitretail,,,,,,,,,https://t.me/magnit_retail,,,,,,,,,70000001113091835,55.594849,37.43765,70030076998858861,,,1562,4504137598701571,Магнит,супермаркет,Супермаркеты,mart,1,10,2026-07-02T13:03:44Z,,0,32,https://2gis.com/firm/70000001113091835,branch,241,https://2gis.ru/moscow/search/Супермаркеты/rubricId/350/filters/district_id=4504209520926899
Пятёрочка,супермаркет,Супермаркеты,"улица Лобановский Лес, 13",1 этаж,108802,,Коммунарка,Москва,,Москва,Россия,Пн: 08:00-22:00; Вт: 08:00-22:00; Ср: 08:00-22:00; Чт: 08:00-22:00; Пт: 08:00-22:00; Сб: 08:00-22:00; Вс: 08:00-22:00,+03:00,4.6,6,88007700400,,,info@x5.ru,,,http://5ka.ru/catalog?utm_source=2gis&utm_medium=cpm&utm_campaign=000161-17_igronik_media_5ka_promo_04_2026%7Cformat_banner%7Ctype_banner&utm_content=%7Ccreo_1&utm_term,http://max.ru/tspyaterochka,,,,,https://twitter.com/pyaterochka,,,,,,https://vk.com/pyaterochka_shop,,,,,,,,,,,,,,,,,,70000001088942574,55.593389,37.427854,70030076277590097,,,3347,4504136498316193,Пятёрочка,супермаркет,Супермаркеты,mart,1,13,2026-06-22T08:05:25Z,,0,32,https://2gis.com/firm/70000001088942574,branch,241,https://2gis.ru/moscow/search/Супермаркеты/rubricId/350/filters/district_id=4504209520926899
Пятёрочка,супермаркет,Супермаркеты,"улица Лобановский Лес, 9",,108802,,Коммунарка,Москва,,Москва,Россия,Пн: 08:00-23:00; Вт: 08:00-23:00; Ср: 08:00-23:00; Чт: 08:00-23:00; Пт: 08:00-23:00; Сб: 08:00-23:00; Вс: 08:00-23:00,+03:00,2.4,7,88007700400,,,info@x5.ru,,,http://5ka.ru/catalog?utm_source=2gis&utm_medium=cpm&utm_campaign=000161-17_igronik_media_5ka_promo_04_2026%7Cformat_banner%7Ctype_banner&utm_content=%7Ccreo_1&utm_term,http://max.ru/tspyaterochka,,,,,https://twitter.com/pyaterochka,,,,,,https://vk.com/pyaterochka_shop,,,,,,,,,,,,,,,,,,70000001097493456,55.594238,37.431796,70030076352191417,,,3347,4504136498316193,Пятёрочка,супермаркет,Супермаркеты,mart,1,12,2026-06-22T08:06:48Z,,0,32,https://2gis.com/firm/70000001097493456,branch,241,https://2gis.ru/moscow/search/Супермаркеты/rubricId/350/filters/district_id=4504209520926899
В1 — Первый выбор,супермаркет-дискаунтер,Супермаркеты,"Магеллана проспект, 1",1 этаж,108802,,Коммунарка,Москва,,Москва,Россия,Пн: 09:00-22:00; Вт: 09:00-22:00; Ср: 09:00-22:00; Чт: 09:00-22:00; Пт: 09:00-22:00; Сб: 09:00-22:00; Вс: 09:00-22:00,+03:00,4.5,6,88002008474 (единый номер: пн-вс 9:00-21:00),,,,,,http://v1.market,,,,,,,,,,,,https://vk.com/v1_discount,,,,,,,,,https://t.me/v1_discount,,,,,,,,,70000001104125762,55.590271,37.44721,70030076166060733,,,96,70000001068717318,В1 — Первый выбор,супермаркет-дискаунтер,Супермаркеты,mart,1,8,2026-06-24T04:44:37Z,,0,32,https://2gis.com/firm/70000001104125762,branch,241,https://2gis.ru/moscow/search/Супермаркеты/rubricId/350/filters/district_id=4504209520926899
Магнит,супермаркет,Супермаркеты,"квартал 28-й, 2 к3",,108802,,Коммунарка,Москва,,Москва,Россия,Пн: 09:00-22:00; Вт: 09:00-22:00; Ср: 09:00-22:00; Чт: 09:00-22:00; Пт: 09:00-22:00; Сб: 09:00-22:00; Вс: 09:00-22:00,+03:00,3.8,3,88002009002 (единая справочная: пн-вс 6:00-00:00),,,info@magnit.ru,,,http://magnit.ru/?utm_source=_geopriority_&utm_medium=&utm_campaign=_MM_Geoprioritety_-&utm_content=main&utm_term=,,,,,,,,,,,,https://vk.com/magnitretail,,,,,,,,,https://t.me/magnit_retail,,,,,,,,,70000001096266729,55.602681,37.41189,70030076193274833,,,1562,4504137598701571,Магнит,супермаркет,Супермаркеты,mart,1,9,2026-07-02T13:01:04Z,,0,32,https://2gis.com/firm/70000001096266729,branch,241,https://2gis.ru/moscow/search/Супермаркеты/rubricId/350/filters/district_id=4504209520926899
Перекрёсток,супермаркет,Супермаркеты; Доставка продуктов,"Николо-Хованская улица, 7 ст1",-1 этаж,108802,,Коммунарка,Москва,,Москва,Россия,Пн: 09:00-23:00; Вт: 09:00-23:00; Ср: 09:00-23:00; Чт: 09:00-23:00; Пт: 09:00-23:00; Сб: 09:00-23:00; Вс: 09:00-23:00,+03:00,4.1,31,88002009555 (многоканальный),,,info@x5.ru,,,http://perekrestok.ru/?utm_source=2gis_maps&utm_medium=display&utm_campaign=maps_wo_promo&utm_content=main_url,http://max.ru/perekrestok_shop,,,,,,,,,,,https://vk.com/perekrestok_shop,,,,,,,,,https://t.me/+rHsiEm_QR3EwNTky,,,,,,,,,70000001066951301,55.589208,37.451181,70030076276751858,ТРЦ Сиеста,70030076552275686,487,4504136498303078,Перекрёсток,супермаркет,Супермаркеты,mart,2,9,2026-06-27T05:12:02Z,,0,32,https://2gis.com/firm/70000001066951301,branch,241,https://2gis.ru/moscow/search/Супермаркеты/rubricId/350/filters/district_id=4504209520926899
Дикси,супермаркет,Супермаркеты,"улица Лобановский Лес, 11",1 этаж,108802,,Коммунарка,Москва,,Москва,Россия,Пн: 08:00-23:00; Вт: 08:00-23:00; Ср: 08:00-23:00; Чт: 08:00-23:00; Пт: 08:00-23:00; Сб: 08:00-23:00; Вс: 08:00-23:00,+03:00,3.5,3,88001011001,,,,,,http://dixy.ru,,,,,,,,,,,,https://vk.com/dixyclub,,,,,,,,,https://t.me/dixy_russia,,,https://youtube.com/user/dixychannel,,,,,,70000001101556907,55.593937,37.428746,70030076332139069,,,1418,4504136498313374,Дикси,супермаркет,Супермаркеты,mart,1,13,2026-06-25T04:05:54Z,,0,32,https://2gis.com/firm/70000001101556907,branch,241,https://2gis.ru/moscow/search/Супермаркеты/rubricId/350/filters/district_id=4504209520926899
ВкусВилл,супермаркет,Супермаркеты; Доставка продуктов; Доставка еды; Кулинарии,"Магеллана проспект, 2",1 этаж,108802,,Коммунарка,Москва,,Москва,Россия,Пн: 09:00-22:00; Вт: 09:00-22:00; Ср: 09:00-22:00; Чт: 09:00-22:00; Пт: 09:00-22:00; Сб: 09:00-22:00; Вс: 09:00-22:00,+03:00,4.9,11,88005508602,89366224615,89267167963,,,,http://vkusvill.ru/goods/?utm_source=2gis&utm_medium=maps&utm_campaign=glavnaya&deep_link_value=https%3A%2F%2Fvkusvill.ru%2Fmobile%3Fcatalog%2F&af_dp=vkusvill%3A%2F%2F&c=glavnaya&shortlink=5ca647b8&source_,http://max.ru/vkusvill_ru,,,,,,,,,,,https://vk.com/vkusvill_ru,,,,,,,,,https://t.me/we_are_vkusvill,,,https://youtube.com/channel/UC8f84TEqxTcS6LGv9Lbi8uw,,,,,,70000001078540296,55.59112,37.446453,70030076166059409,,,1420,4504137598285175,ВкусВилл,супермаркет,Супермаркеты,mart,4,19,2026-07-09T05:42:42Z,,0,32,https://2gis.com/firm/70000001078540296,branch,241,https://2gis.ru/moscow/search/Супермаркеты/rubricId/350/filters/district_id=4504209520926899
Пятёрочка,супермаркет,Супермаркеты; Доставка продуктов,"Прокшинский проспект, 11",1 этаж,108802,,Коммунарка,Москва,,Москва,Россия,Пн: 09:00-23:00; Вт: 09:00-23:00; Ср: 09:00-23:00; Чт: 09:00-23:00; Пт: 09:00-23:00; Сб: 09:00-23:00; Вс: 09:00-23:00,+03:00,4.7,21,88007700400,,,info@x5.ru,,,http://5ka.ru/catalog?utm_source=2gis&utm_medium=cpm&utm_campaign=000161-17_igronik_media_5ka_promo_04_2026%7Cformat_banner%7Ctype_banner&utm_content=%7Ccreo_1&utm_term,http://max.ru/tspyaterochka,,,,,https://twitter.com/pyaterochka,,,,,,https://vk.com/pyaterochka_shop,,,,,,,,,,,,,,,,,,70000001076132334,55.590783,37.427276,70030076221352484,,,3347,4504136498316193,Пятёрочка,супермаркет,Супермаркеты,mart,2,12,2026-06-22T08:07:41Z,,0,32,https://2gis.com/firm/70000001076132334,branch,241,https://2gis.ru/moscow/search/Супермаркеты/rubricId/350/filters/district_id=4504209520926899
ВкусВилл,супермаркет,Супермаркеты; Кулинарии; Доставка продуктов; Доставка еды,"улица Малое Понизовье, 3",1 этаж,108802,,Коммунарка,Москва,,Москва,Россия,Пн: 08:00-22:00; Вт: 08:00-22:00; Ср: 08:00-22:00; Чт: 08:00-22:00; Пт: 08:00-22:00; Сб: 08:00-22:00; Вс: 08:00-22:00,+03:00,3.9,8,89266103386,,,,,,http://vkusvill.ru/goods/?utm_source=2gis&utm_medium=maps&utm_campaign=glavnaya&deep_link_value=https%3A%2F%2Fvkusvill.ru%2Fmobile%3Fcatalog%2F&af_dp=vkusvill%3A%2F%2F&c=glavnaya&shortlink=5ca647b8&source_,http://max.ru/vkusvill_ru,,,,,,,,,,,https://vk.com/vkusvill_ru,,,,,,,,,https://t.me/we_are_vkusvill,,,,,,,,,70000001081134362,55.602717,37.414626,70030076202589851,,,1420,4504137598285175,ВкусВилл,супермаркет,Супермаркеты,mart,4,18,2026-06-28T05:22:44Z,,0,32,https://2gis.com/firm/70000001081134362,branch,241,https://2gis.ru/moscow/search/Супермаркеты/rubricId/350/filters/district_id=4504209520926899
ВкусВилл,супермаркет,Супермаркеты; Доставка продуктов; Кулинарии; Доставка еды,"бульвар Веласкеса, 2 ст1",1 этаж,108802,,Коммунарка,Москва,,Москва,Россия,Пн: 07:00-22:00; Вт: 07:00-22:00; Ср: 07:00-22:00; Чт: 07:00-22:00; Пт: 07:00-22:00; Сб: 07:00-22:00; Вс: 07:00-22:00,+03:00,4.8,74,89252920667,,,,,,http://vkusvill.ru/goods/?utm_source=2gis&utm_medium=maps&utm_campaign=glavnaya&deep_link_value=https%3A%2F%2Fvkusvill.ru%2Fmobile%3Fcatalog%2F&af_dp=vkusvill%3A%2F%2F&c=glavnaya&shortlink=5ca647b8&source_,http://max.ru/vkusvill_ru,,,,,,,,,,,https://vk.com/vkusvill_ru,,,,,,,,,https://t.me/we_are_vkusvill,,,,,,,,,70000001050234711,55.591385,37.454716,70030076190432046,,,1420,4504137598285175,ВкусВилл,супермаркет,Супермаркеты,mart,4,19,2026-06-29T08:36:53Z,,0,32,https://2gis.com/firm/70000001050234711,branch,241,https://2gis.ru/moscow/search/Супермаркеты/rubricId/350/filters/district_id=4504209520926899
Дикси,супермаркет,Супермаркеты,"Прокшинский проспект, 7",1 этаж,108802,,Коммунарка,Москва,,Москва,Россия,Пн: 08:00-23:00; Вт: 08:00-23:00; Ср: 08:00-23:00; Чт: 08:00-23:00; Пт: 08:00-23:00; Сб: 08:00-23:00; Вс: 08:00-23:00,+03:00,3.1,5,88001011001,,,,,,http://dixy.ru,,,,,,,,,,,,https://vk.com/dixyclub,,,,,,,,,https://t.me/dixy_russia,,,https://youtube.com/user/dixychannel,,,,,,70000001101585727,55.592442,37.432176,70030076385510691,,,1418,4504136498313374,Дикси,супермаркет,Супермаркеты,mart,1,11,2026-06-25T04:05:44Z,,0,32,https://2gis.com/firm/70000001101585727,branch,241,https://2gis.ru/moscow/search/Супермаркеты/rubricId/350/filters/district_id=4504209520926899
ВкусВилл,супермаркет,Супермаркеты; Доставка продуктов; Кулинарии; Доставка еды,"улица Малое Понизовье, 10",1 этаж,108802,,Коммунарка,Москва,,Москва,Россия,Пн: 09:00-22:00; Вт: 09:00-22:00; Ср: 09:00-22:00; Чт: 09:00-22:00; Пт: 09:00-22:00; Сб: 09:00-22:00; Вс: 09:00-22:00,+03:00,4.7,35,89256602095,,,,,,http://vkusvill.ru/goods/?utm_source=2gis&utm_medium=maps&utm_campaign=glavnaya&deep_link_value=https%3A%2F%2Fvkusvill.ru%2Fmobile%3Fcatalog%2F&af_dp=vkusvill%3A%2F%2F&c=glavnaya&shortlink=5ca647b8&source_,http://max.ru/vkusvill_ru,,,,,,,,,,,https://vk.com/vkusvill_ru,,,,,,,,,https://t.me/we_are_vkusvill,,,,,,,,,70000001064060124,55.601623,37.410499,70030076178151755,,,1420,4504137598285175,ВкусВилл,супермаркет,Супермаркеты,mart,4,17,2026-06-28T05:22:44Z,,0,32,https://2gis.com/firm/70000001064060124,branch,241,https://2gis.ru/moscow/search/Супермаркеты/rubricId/350/filters/district_id=4504209520926899
Дикси,супермаркет,Супермаркеты,"Прокшинский проспект, 12",1 этаж,108802,,Коммунарка,Москва,,Москва,Россия,Пн: 08:00-23:00; Вт: 08:00-23:00; Ср: 08:00-23:00; Чт: 08:00-23:00; Пт: 08:00-23:00; Сб: 08:00-23:00; Вс: 08:00-23:00,+03:00,4.5,5,88001011001,,,,,,http://dixy.ru,,,,,,,,,,,,https://vk.com/dixyclub,,,,,,,,,https://t.me/dixy_russia,,,https://youtube.com/user/dixychannel,,,,,,70000001092836678,55.591419,37.426239,70030076221353085,,,1418,4504136498313374,Дикси,супермаркет,Супермаркеты,mart,1,10,2026-06-25T04:05:47Z,,0,32,https://2gis.com/firm/70000001092836678,branch,241,https://2gis.ru/moscow/search/Супермаркеты/rubricId/350/filters/district_id=4504209520926899
Чижик,супермаркет,Супермаркеты,"улица Сервантеса, 1 к1",1 этаж,108802,,Коммунарка,Москва,,Москва,Россия,Пн: 09:00-21:00; Вт: 09:00-21:00; Ср: 09:00-21:00; Чт: 09:00-21:00; Пт: 09:00-21:00; Сб: 09:00-21:00; Вс: 09:00-21:00,+03:00,5.0,5,84992702713,,,112@chizhik.club,,,http://chizhik.club/?utm_campaign=HBCD&utm_medium=maps&utm_source=2gis,,,,,,,,,,,,https://vk.com/chizhik.club,,,,,,,,,,,,,,,,,,70000001099724919,55.589863,37.452273,4504235302578934,,,613,70000001046125844,Чижик,супермаркет,Супермаркеты,mart,1,5,2026-07-05T12:23:14Z,,0,32,https://2gis.com/firm/70000001099724919,branch,241,https://2gis.ru/moscow/search/Супермаркеты/rubricId/350/filters/district_id=4504209520926899
Пятёрочка,супермаркет,Супермаркеты; Доставка продуктов,"Саларьевская улица, 14 к3",,108811,,Коммунарка,Москва,,Москва,Россия,Пн: 08:00-23:00; Вт: 08:00-23:00; Ср: 08:00-23:00; Чт: 08:00-23:00; Пт: 08:00-23:00; Сб: 08:00-23:00; Вс: 08:00-23:00,+03:00,3.9,74,88007700400,,,info@x5.ru,,,http://5ka.ru/catalog?utm_source=2gis&utm_medium=cpm&utm_campaign=000161-17_igronik_media_5ka_promo_04_2026%7Cformat_banner%7Ctype_banner&utm_content=%7Ccreo_1&utm_term,http://max.ru/tspyaterochka,,,,,https://twitter.com/pyaterochka,,,,,,https://vk.com/pyaterochka_shop,,,,,,,,,,,,,,,,,,70000001043081913,55.618232,37.410032,70030076142305944,,,3347,4504136498316193,Пятёрочка,супермаркет,Супермаркеты,mart,2,11,2026-06-22T08:07:38Z,,0,32,https://2gis.com/firm/70000001043081913,branch,241,https://2gis.ru/moscow/search/Супермаркеты/rubricId/350/filters/district_id=4504209520926899
Дикси,супермаркет,Супермаркеты,"улица Лобановский Лес, 7",1 этаж,108802,,Коммунарка,Москва,,Москва,Россия,Пн: 08:00-23:00; Вт: 08:00-23:00; Ср: 08:00-23:00; Чт: 08:00-23:00; Пт: 08:00-23:00; Сб: 08:00-23:00; Вс: 08:00-23:00,+03:00,1.4,1,88001011001,,,,,,http://dixy.ru,,,,,,,,,,,,https://vk.com/dixyclub,,,,,,,,,https://t.me/dixy_russia,,,https://youtube.com/user/dixychannel,,,,,,70000001113326775,55.595454,37.43298,70030076628283265,,,1418,4504136498313374,Дикси,супермаркет,Супермаркеты,mart,1,9,2026-05-21T08:18:12Z,,0,32,https://2gis.com/firm/70000001113326775,branch,241,https://2gis.ru/moscow/search/Супермаркеты/rubricId/350/filters/district_id=4504209520926899
Магнит,супермаркет,Супермаркеты,"улица Малое Понизовье, 9 к2",1 этаж,108802,,Коммунарка,Москва,,Москва,Россия,Пн: 09:00-22:00; Вт: 09:00-22:00; Ср: 09:00-22:00; Чт: 09:00-22:00; Пт: 09:00-22:00; Сб: 09:00-22:00; Вс: 09:00-22:00,+03:00,,,88002009002 (единая справочная: пн-вс 6:00-00:00),,,info@magnit.ru,,,http://magnit.ru/?utm_source=_geopriority_&utm_medium=&utm_campaign=_MM_Geoprioritety_-&utm_content=main&utm_term=,,,,,,,,,,,,https://vk.com/magnitretail,,,,,,,,,https://t.me/magnit_retail,,,,,,,,,70000001099797423,55.600615,37.413077,70030076178151942,,,1562,4504137598701571,Магнит,супермаркет,Супермаркеты,mart,1,8,2026-07-02T13:00:43Z,,0,32,https://2gis.com/firm/70000001099797423,branch,241,https://2gis.ru/moscow/search/Супермаркеты/rubricId/350/filters/district_id=4504209520926899
Заряд,супермаркет,Супермаркеты,"Прокшинский проспект, 5",,108802,,Коммунарка,Москва,,Москва,Россия,Пн: 09:00-22:00; Вт: 09:00-22:00; Ср: 09:00-22:00; Чт: 09:00-22:00; Пт: 09:00-22:00; Сб: 09:00-22:00; Вс: 09:00-22:00,+03:00,5.0,1,88002005348,,,,,,http://magnit.ru/?utm_medium=&utm_campaign=_MM_Geoprioritety_-&utm_content=main&utm_term=,,,,,,,,,,,,https://vk.com/magnitretail,,,,,,,,,,,,,,,,,,70000001109647569,55.592033,37.429937,70030076455864545,,,47,70000001103711678,Заряд,супермаркет,Супермаркеты,mart,1,7,2026-04-15T09:04:05Z,,0,32,https://2gis.com/firm/70000001109647569,branch,241,https://2gis.ru/moscow/search/Супермаркеты/rubricId/350/filters/district_id=4504209520926899
Пятёрочка,супермаркет,Супермаркеты,"Магеллана проспект, 31",,108802,,Коммунарка,Москва,,Москва,Россия,Пн: 09:00-22:00; Вт: 09:00-22:00; Ср: 09:00-22:00; Чт: 09:00-22:00; Пт: 09:00-22:00; Сб: 09:00-22:00; Вс: 09:00-22:00,+03:00,4.4,30,88007700400,,,info@x5.ru,,,http://5ka.ru/catalog?utm_source=2gis&utm_medium=cpm&utm_campaign=000161-17_igronik_media_5ka_promo_04_2026%7Cformat_banner%7Ctype_banner&utm_content=%7Ccreo_1&utm_term,http://max.ru/tspyaterochka,,,,,https://twitter.com/pyaterochka,,,,,,https://vk.com/pyaterochka_shop,,,,,,,,,,,,,,,,,,70000001078726666,55.60854,37.411518,70030076295181296,,,3347,4504136498316193,Пятёрочка,супермаркет,Супермаркеты,mart,1,9,2026-06-22T08:06:40Z,,0,32,https://2gis.com/firm/70000001078726666,branch,241,https://2gis.ru/moscow/search/Супермаркеты/rubricId/350/filters/district_id=4504209520926899
Магнит,супермаркет,Супермаркеты,"бульвар Веласкеса, 2",1 этаж,108802,,Коммунарка,Москва,,Москва,Россия,Пн: 09:00-23:00; Вт: 09:00-23:00; Ср: 09:00-23:00; Чт: 09:00-23:00; Пт: 09:00-23:00; Сб: 09:00-23:00; Вс: 09:00-23:00,+03:00,4.5,53,88002009002 (единая справочная: пн-вс 6:00-00:00),,,info@magnit.ru,,,http://magnit.ru/?utm_source=_geopriority_&utm_medium=&utm_campaign=_MM_Geoprioritety_-&utm_content=main&utm_term=,,,,,,,,,,,,https://vk.com/magnitretail,,,,,,,,,https://t.me/magnit_retail,,,,,,,,,70000001038807541,55.591019,37.455435,4504235314987434,,,1562,4504137598701571,Магнит,супермаркет,Супермаркеты,mart,1,10,2026-07-02T13:01:36Z,,0,32,https://2gis.com/firm/70000001038807541,branch,241,https://2gis.ru/moscow/search/Супермаркеты/rubricId/350/filters/district_id=4504209520926899
Свежая лавка,минимаркет,Супермаркеты,"Магеллана проспект, 5",1 этаж,108802,,Коммунарка,Москва,,Москва,Россия,Пн: 00:00-24:00; Вт: 00:00-24:00; Ср: 00:00-24:00; Чт: 00:00-24:00; Пт: 00:00-24:00; Сб: 00:00-24:00; Вс: 00:00-24:00,+03:00,,,,,,,,,,,,,,,,,,,,,,,,,,,,,,,,,,,,,,,70000001109916260,55.589415,37.443573,70030076251470990,,,1,70000001109916259,Свежая лавка,минимаркет,Супермаркеты,mart,1,5,2026-01-19T16:20:12Z,,0,32,https://2gis.com/firm/70000001109916260,branch,241,https://2gis.ru/moscow/search/Супермаркеты/rubricId/350/filters/district_id=4504209520926899
Пятёрочка,супермаркет,Супермаркеты; Доставка продуктов,"бульвар Веласкеса, 7 к5",1 этаж,108802,,Коммунарка,Москва,,Москва,Россия,Пн: 10:00-23:00; Вт: 10:00-23:00; Ср: 10:00-23:00; Чт: 10:00-23:00; Пт: 10:00-23:00; Сб: 10:00-23:00; Вс: 10:00-23:00,+03:00,4.7,40,88007700400,,,info@x5.ru,,,http://5ka.ru/catalog?utm_source=2gis&utm_medium=cpm&utm_campaign=000161-17_igronik_media_5ka_promo_04_2026%7Cformat_banner%7Ctype_banner&utm_content=%7Ccreo_1&utm_term,http://max.ru/tspyaterochka,,,,,https://twitter.com/pyaterochka,,,,,,https://vk.com/pyaterochka_shop,,,,,,,,,,,,,,,,,,70000001044798240,55.594572,37.46059,70030076130500071,,,3347,4504136498316193,Пятёрочка,супермаркет,Супермаркеты,mart,2,12,2026-06-22T08:07:24Z,,0,32,https://2gis.com/firm/70000001044798240,branch,241,https://2gis.ru/moscow/search/Супермаркеты/rubricId/350/filters/district_id=4504209520926899
Пятёрочка,супермаркет,Супермаркеты; Доставка продуктов,"улица Трёхполье, 6 к1",,108811,,Коммунарка,Москва,,Москва,Россия,Пн: 08:30-23:00; Вт: 08:30-23:00; Ср: 08:30-23:00; Чт: 08:30-23:00; Пт: 08:30-23:00; Сб: 08:30-23:00; Вс: 08:30-23:00,+03:00,2.5,8,88007700400,,,info@x5.ru,,,http://5ka.ru/catalog?utm_source=2gis&utm_medium=cpm&utm_campaign=000161-17_igronik_media_5ka_promo_04_2026%7Cformat_banner%7Ctype_banner&utm_content=%7Ccreo_1&utm_term,http://max.ru/tspyaterochka,,,,,https://twitter.com/pyaterochka,,,,,,https://vk.com/pyaterochka_shop,,,,,,,,,,,,,,,,,,70000001099828347,55.611898,37.412853,70030076516988113,,,3347,4504136498316193,Пятёрочка,супермаркет,Супермаркеты,mart,2,4,2026-06-22T08:06:50Z,,0,32,https://2gis.com/firm/70000001099828347,branch,241,https://2gis.ru/moscow/search/Супермаркеты/rubricId/350/filters/district_id=4504209520926899
Первым делом,минимаркет,Супермаркеты,"улица Малое Понизовье, 3",1 этаж,108802,,Коммунарка,Москва,,Москва,Россия,Пн: 00:00-24:00; Вт: 00:00-24:00; Ср: 00:00-24:00; Чт: 00:00-24:00; Пт: 00:00-24:00; Сб: 00:00-24:00; Вс: 00:00-24:00,+03:00,1.8,2,84952233337,89251999038,,,,,http://dixy.ru/,,,,,,,,,,,,,,,,,,,,,,,,,,,,,,70000001066163814,55.603111,37.415184,70030076202589851,,,92,70000001025790117,Первым делом,минимаркет,Супермаркеты,mart,1,7,2025-11-17T15:53:43Z,,0,32,https://2gis.com/firm/70000001066163814,branch,241,https://2gis.ru/moscow/search/Супермаркеты/rubricId/350/filters/district_id=4504209520926899
ВкусВилл,супермаркет,Супермаркеты,"Красулинская улица, 24",1 этаж,108802,,Коммунарка,Москва,,Москва,Россия,Пн: 09:00-22:00; Вт: 09:00-22:00; Ср: 09:00-22:00; Чт: 09:00-22:00; Пт: 09:00-22:00; Сб: 09:00-22:00; Вс: 09:00-22:00,+03:00,4.6,8,89299079689,,,,,,http://vkusvill.ru/goods/?utm_source=2gis&utm_medium=maps&utm_campaign=glavnaya&deep_link_value=https%3A%2F%2Fvkusvill.ru%2Fmobile%3Fcatalog%2F&af_dp=vkusvill%3A%2F%2F&c=glavnaya&shortlink=5ca647b8&source_,http://max.ru/vkusvill_ru,,,,,,,,,,,https://vk.com/vkusvill_ru,,,,,,,,,https://t.me/we_are_vkusvill,,,,,,,,,70000001083525653,55.60651,37.412482,70030076318304390,,,1420,4504137598285175,ВкусВилл,супермаркет,Супермаркеты,mart,1,11,2026-06-28T05:22:29Z,,0,32,https://2gis.com/firm/70000001083525653,branch,241,https://2gis.ru/moscow/search/Супермаркеты/rubricId/350/filters/district_id=4504209520926899
ВкусВилл,супермаркет,Супермаркеты; Доставка продуктов,"Магеллана проспект, 1",1 этаж,108802,,Коммунарка,Москва,,Москва,Россия,Пн: 09:00-22:00; Вт: 09:00-22:00; Ср: 09:00-22:00; Чт: 09:00-22:00; Пт: 09:00-22:00; Сб: 09:00-22:00; Вс: 09:00-22:00,+03:00,3.0,1,89267167963,,,,,,http://vkusvill.ru/goods/?utm_source=2gis&utm_medium=maps&utm_campaign=glavnaya&deep_link_value=https%3A%2F%2Fvkusvill.ru%2Fmobile%3Fcatalog%2F&af_dp=vkusvill%3A%2F%2F&c=glavnaya&shortlink=5ca647b8&source_,http://max.ru/vkusvill_ru,,,,,,,,,,,https://vk.com/vkusvill_ru,,,,,,,,,https://t.me/we_are_vkusvill,,,,,,,,,70000001095168573,55.589597,37.447,70030076166060733,,,1420,4504137598285175,ВкусВилл,супермаркет,Супермаркеты,mart,2,14,2026-01-19T17:11:57Z,,0,32,https://2gis.com/firm/70000001095168573,branch,241,https://2gis.ru/moscow/search/Супермаркеты/rubricId/350/filters/district_id=4504209520926899
Перекрёсток,супермаркет,Супермаркеты; Доставка продуктов,"Николо-Хованская улица, 28 ст5",-1 этаж,108802,,Коммунарка,Москва,,Москва,Россия,Пн: 08:00-23:00; Вт: 08:00-23:00; Ср: 08:00-23:00; Чт: 08:00-23:00; Пт: 08:00-23:00; Сб: 08:00-23:00; Вс: 08:00-23:00,+03:00,3.8,18,88002009555 (многоканальный),,,info@x5.ru,,,http://perekrestok.ru/?utm_source=2gis_maps&utm_medium=display&utm_campaign=maps_wo_promo&utm_content=main_url,http://max.ru/perekrestok_shop,,,,,,,,,,,https://vk.com/perekrestok_shop,,,,,,,,,https://t.me/+rHsiEm_QR3EwNTky,,,,,,,,,70000001033441396,55.58896,37.453971,4504235295674881,ТОЦ Николин Парк,70030076552382473,487,4504136498303078,Перекрёсток,супермаркет,Супермаркеты,mart,2,11,2026-06-27T05:12:07Z,,0,32,https://2gis.com/firm/70000001033441396,branch,241,https://2gis.ru/moscow/search/Супермаркеты/rubricId/350/filters/district_id=4504209520926899
Пятёрочка,супермаркет,Супермаркеты; Доставка продуктов,"бульвар Веласкеса, 7 к1",1 этаж,108802,,Коммунарка,Москва,,Москва,Россия,Пн: 08:00-22:00; Вт: 08:00-22:00; Ср: 08:00-22:00; Чт: 08:00-22:00; Пт: 08:00-22:00; Сб: 08:00-22:00; Вс: 08:00-22:00,+03:00,3.1,10,88007700400,,,info@x5.ru,,,http://5ka.ru/catalog?utm_source=2gis&utm_medium=cpm&utm_campaign=000161-17_igronik_media_5ka_promo_04_2026%7Cformat_banner%7Ctype_banner&utm_content=%7Ccreo_1&utm_term,http://max.ru/tspyaterochka,,,,,https://twitter.com/pyaterochka,,,,,,https://vk.com/pyaterochka_shop,,,,,,,,,,,,,,,,,,70000001041133246,55.592922,37.460459,70030076158410236,,,3347,4504136498316193,Пятёрочка,супермаркет,Супермаркеты,mart,2,12,2026-06-22T08:07:38Z,,0,32,https://2gis.com/firm/70000001041133246,branch,241,https://2gis.ru/moscow/search/Супермаркеты/rubricId/350/filters/district_id=4504209520926899
Минимаркет,,Супермаркеты,"Красулинская улица, 21",1 этаж,108802,,Коммунарка,Москва,,Москва,Россия,Пн: 07:00-00:30; Вт: 07:00-00:30; Ср: 07:00-00:30; Чт: 07:00-00:30; Пт: 07:00-00:30; Сб: 07:00-00:30; Вс: 07:00-00:30,+03:00,2.8,9,89035084061,,,,,,,,,,,,,,,,,,,,,https://wa.me/79035084061,,,,,,,,,,,,,,,70000001063553698,55.603242,37.411413,70030076183127370,,,1,70000001063553697,Минимаркет,Минимаркет,Супермаркеты,mart,1,4,2025-11-17T14:51:51Z,,0,32,https://2gis.com/firm/70000001063553698,branch,241,https://2gis.ru/moscow/search/Супермаркеты/rubricId/350/filters/district_id=4504209520926899
Перекрёсток,супермаркет,Супермаркеты; Доставка продуктов,"Сосновая улица, 6",1 этаж,108802,,Коммунарка,,,Москва,Россия,Пн: 00:00-24:00; Вт: 00:00-24:00; Ср: 00:00-24:00; Чт: 00:00-24:00; Пт: 00:00-24:00; Сб: 00:00-24:00; Вс: 00:00-24:00,+03:00,4.7,59,84955809753 (многоканальный),,,info@x5.ru,,,http://perekrestok.ru/?utm_source=2gis_maps&utm_medium=display&utm_campaign=maps_wo_promo&utm_content=main_url,http://max.ru/perekrestok_shop,,,,,,,,,,,https://vk.com/perekrestok_shop,,,,,,,,,https://t.me/+rHsiEm_QR3EwNTky,,,,,,,,,4504127916616024,55.571537,37.45163,4504235282706731,ТЦ Уютный Дом,,487,4504136498303078,Перекрёсток,супермаркет,Супермаркеты,mart,2,12,2026-06-27T05:12:00Z,,0,32,https://2gis.com/firm/4504127916616024,branch,241,https://2gis.ru/moscow/search/Супермаркеты/rubricId/350/filters/district_id=4504209520926899
Азбука вкуса,супермаркет,Супермаркеты; Доставка продуктов,"деревня Сосенки, 4",,108802,,Коммунарка,,,Москва,Россия,Пн: 00:00-24:00; Вт: 00:00-24:00; Ср: 00:00-24:00; Чт: 00:00-24:00; Пт: 00:00-24:00; Сб: 00:00-24:00; Вс: 00:00-24:00,+03:00,5.0,28,84955043478 (служба поддержки),88007003487 (бесплатная единая справочная: пн-вс 9:00-21:00),84952230200,,,,http://av.ru,http://max.ru/azbukavkusa,,,,,,,,,,,https://vk.com/azbukavkusa,,,,,,,,,https://t.me/azbukavkusa,,,https://youtube.com/azbukav,,,,,,70000001065478888,55.565724,37.444367,4504235310747164,,,102,4504136498318829,Азбука вкуса,супермаркет,Супермаркеты,mart,2,12,2026-05-15T03:20:20Z,,0,32,https://2gis.com/firm/70000001065478888,branch,241,https://2gis.ru/moscow/search/Супермаркеты/rubricId/350/filters/district_id=4504209520926899
Пятёрочка,супермаркет,Супермаркеты; Доставка продуктов,"улица Пикассо, 1",,108802,,Коммунарка,Москва,,Москва,Россия,Пн: 09:30-23:00; Вт: 09:30-23:00; Ср: 09:30-23:00; Чт: 09:30-23:00; Пт: 09:30-23:00; Сб: 09:30-23:00; Вс: 09:30-23:00,+03:00,,,88007700400,,,info@x5.ru,,,http://5ka.ru/catalog?utm_source=2gis&utm_medium=cpm&utm_campaign=000161-17_igronik_media_5ka_promo_04_2026%7Cformat_banner%7Ctype_banner&utm_content=%7Ccreo_1&utm_term,http://max.ru/tspyaterochka,,,,,https://twitter.com/pyaterochka,,,,,,https://vk.com/pyaterochka_shop,,,,,,,,,,,,,,,,,,70000001109916236,55.5897,37.448607,70030076647284652,,,3347,4504136498316193,Пятёрочка,супермаркет,Супермаркеты,mart,2,11,2026-06-22T08:06:58Z,,0,32,https://2gis.com/firm/70000001109916236,branch,241,https://2gis.ru/moscow/search/Супермаркеты/rubricId/350/filters/district_id=4504209520926899
Перекрёсток,супермаркет,Супермаркеты; Доставка продуктов,"улица Александры Монаховой, 30 ст2",1 этаж,108814,,Коммунарка,,,Москва,Россия,Пн: 00:00-24:00; Вт: 00:00-24:00; Ср: 00:00-24:00; Чт: 00:00-24:00; Пт: 00:00-24:00; Сб: 00:00-24:00; Вс: 00:00-24:00,+03:00,4.3,68,84951457575,,,info@x5.ru,,,http://perekrestok.ru/?utm_source=2gis_maps&utm_medium=display&utm_campaign=maps_wo_promo&utm_content=main_url,http://max.ru/perekrestok_shop,,,,,,,,,,,https://vk.com/perekrestok_shop,,,,,,,,,https://t.me/+rHsiEm_QR3EwNTky,,,,,,,,,70000001025345491,55.56642,37.482966,4504235282731453,,,487,4504136498303078,Перекрёсток,супермаркет,Супермаркеты,mart,2,12,2026-06-27T05:12:07Z,,0,32,https://2gis.com/firm/70000001025345491,branch,241,https://2gis.ru/moscow/search/Супермаркеты/rubricId/350/filters/district_id=4504209520926899
Москвичка-маркет,,Супермаркеты,"бульвар Веласкеса, 5 к5",1 этаж,108802,,Коммунарка,Москва,,Москва,Россия,Пн: 00:00-24:00; Вт: 00:00-24:00; Ср: 00:00-24:00; Чт: 00:00-24:00; Пт: 00:00-24:00; Сб: 00:00-24:00; Вс: 00:00-24:00,+03:00,4.7,20,89773793277,,,,,,,,,,,,,,,,,,,,,https://wa.me/79773793277,,,,,,,,,,,,,,,70000001052116762,55.594132,37.457687,4504235325436168,,,2,70000001052116761,Москвичка-маркет,,Супермаркеты,mart,1,5,2025-11-07T13:36:36Z,,0,32,https://2gis.com/firm/70000001052116762,branch,241,https://2gis.ru/moscow/search/Супермаркеты/rubricId/350/filters/district_id=4504209520926899
Москвичка-маркет,,Супермаркеты,"бульвар Веласкеса, 1 к3",1 этаж,108802,,Коммунарка,Москва,,Москва,Россия,Пн: 07:00-01:00; Вт: 07:00-01:00; Ср: 07:00-01:00; Чт: 07:00-01:00; Пт: 07:00-01:00; Сб: 07:00-01:00; Вс: 07:00-01:00,+03:00,4.6,14,,,,,,,,,,,,,,,,,,,,,,,,,,,,,,,,,,,,,70000001061706675,55.592603,37.455149,4504235314988439,,,2,70000001052116761,Москвичка-маркет,,Супермаркеты,mart,1,5,2026-03-25T10:28:02Z,,0,32,https://2gis.com/firm/70000001061706675,branch,241,https://2gis.ru/moscow/search/Супермаркеты/rubricId/350/filters/district_id=4504209520926899
Налету,супермаркет,Супермаркеты,"улица Александры Монаховой, 85 к1",1 этаж,108826,,Коммунарка,,,Москва,Россия,Пн: 08:00-23:00; Вт: 08:00-23:00; Ср: 08:00-23:00; Чт: 08:00-23:00; Пт: 08:00-23:00; Сб: 08:00-23:00; Вс: 08:00-23:00,+03:00,,,88007700400,,,info@x5.ru,,,http://5ka.ru/catalog?utm_source=2gis&utm_medium=cpm&utm_campaign=000161-17_igronik_media_5ka_promo_04_2026%7Cformat_banner%7Ctype_banner&utm_content=%7Ccreo_1&utm_term,http://max.ru/tspyaterochka,,,,,https://twitter.com/pyaterochka,,,,,,https://vk.com/pyaterochka_shop,,,,,,,,,,,,,,,,,,70000001104867836,55.550529,37.490128,70030076356905209,,,3347,4504136498316193,Пятёрочка,супермаркет,Супермаркеты,mart,1,10,2026-04-23T14:05:22Z,,0,32,https://2gis.com/firm/70000001104867836,branch,241,https://2gis.ru/moscow/search/Супермаркеты/rubricId/350/filters/district_id=4504209520926899
Пятёрочка,супермаркет,Супермаркеты,"160 квартал, 1в к2",,108814,,Коммунарка,Москва,,Москва,Россия,Пн: 09:00-23:00; Вт: 09:00-23:00; Ср: 09:00-23:00; Чт: 09:00-23:00; Пт: 09:00-23:00; Сб: 09:00-23:00; Вс: 09:00-23:00,+03:00,,,88007700400,,,info@x5.ru,,,http://5ka.ru/catalog?utm_source=2gis&utm_medium=cpm&utm_campaign=000161-17_igronik_media_5ka_promo_04_2026%7Cformat_banner%7Ctype_banner&utm_content=%7Ccreo_1&utm_term,http://max.ru/tspyaterochka,,,,,https://twitter.com/pyaterochka,,,,,,https://vk.com/pyaterochka_shop,,,,,,,,,,,,,,,,,,70000001105670258,55.552611,37.477774,70030076612838612,,,3347,4504136498316193,Пятёрочка,супермаркет,Супермаркеты,mart,1,12,2026-06-22T08:08:06Z,,0,32,https://2gis.com/firm/70000001105670258,branch,241,https://2gis.ru/moscow/search/Супермаркеты/rubricId/350/filters/district_id=4504209520926899
Пятёрочка,супермаркет,Супермаркеты,"улица Эдварда Грига, 15",1 этаж,108834,,Коммунарка,Москва,,Москва,Россия,Пн: 09:00-23:00; Вт: 09:00-23:00; Ср: 09:00-23:00; Чт: 09:00-23:00; Пт: 09:00-23:00; Сб: 09:00-23:00; Вс: 09:00-23:00,+03:00,4.7,23,88007700400,,,info@x5.ru,,,http://5ka.ru/catalog?utm_source=2gis&utm_medium=cpm&utm_campaign=000161-17_igronik_media_5ka_promo_04_2026%7Cformat_banner%7Ctype_banner&utm_content=%7Ccreo_1&utm_term,http://max.ru/tspyaterochka,,,,,https://twitter.com/pyaterochka,,,,,,https://vk.com/pyaterochka_shop,,,,,,,,,,,,,,,,,,70000001064776438,55.556738,37.508604,70030076190387677,,,3347,4504136498316193,Пятёрочка,супермаркет,Супермаркеты,mart,1,10,2026-06-22T08:06:36Z,,0,32,https://2gis.com/firm/70000001064776438,branch,241,https://2gis.ru/moscow/search/Супермаркеты/rubricId/350/filters/district_id=4504209520926899
Фреш вкус,супермаркет,Супермаркеты,"Бачуринская улица, 13",1 этаж,108814,,Коммунарка,,,Москва,Россия,Пн: 09:00-23:00; Вт: 09:00-23:00; Ср: 09:00-23:00; Чт: 09:00-23:00; Пт: 09:00-23:00; Сб: 09:00-23:00; Вс: 09:00-23:00,+03:00,4.6,7,,,,,,,,,,,,,,,,,,,,,,,,,,,,,,,,,,,,,70000001038150841,55.576273,37.481245,4504235302589840,,,1,70000001038150840,Фреш вкус,супермаркет,Супермаркеты,mart,1,7,2025-11-19T21:36:27Z,,0,32,https://2gis.com/firm/70000001038150841,branch,241,https://2gis.ru/moscow/search/Супермаркеты/rubricId/350/filters/district_id=4504209520926899
Верный,универсам,Супермаркеты,"улица Василия Ощепкова, 6",1 этаж,108814,,Коммунарка,Москва,,Москва,Россия,Пн: 00:00-24:00; Вт: 00:00-24:00; Ср: 00:00-24:00; Чт: 00:00-24:00; Пт: 00:00-24:00; Сб: 00:00-24:00; Вс: 00:00-24:00,+03:00,4.5,53,88126010110,,,,,,http://verno-info.ru,,,,,,,,,,,,https://vk.com/verny_official,,,,,,,,,,,,,,,,,,70000001041411330,55.55498,37.467004,70030076130692762,,,539,4504137598364786,Верный,универсам,Супермаркеты,mart,1,10,2026-07-09T15:28:49Z,,0,32,https://2gis.com/firm/70000001041411330,branch,241,https://2gis.ru/moscow/search/Супермаркеты/rubricId/350/filters/district_id=4504209520926899
ВкусВилл,супермаркет,Супермаркеты; Доставка продуктов; Доставка еды; Кулинарии,"Скандинавский бульвар, 6",1 этаж,108801,,Коммунарка,,,Москва,Россия,Пн: 09:00-22:00; Вт: 09:00-22:00; Ср: 09:00-22:00; Чт: 09:00-22:00; Пт: 09:00-22:00; Сб: 09:00-22:00; Вс: 09:00-22:00,+03:00,4.9,42,89911440205,,,,,,http://vkusvill.ru/goods/?utm_source=2gis&utm_medium=maps&utm_campaign=glavnaya&deep_link_value=https%3A%2F%2Fvkusvill.ru%2Fmobile%3Fcatalog%2F&af_dp=vkusvill%3A%2F%2F&c=glavnaya&shortlink=5ca647b8&source_,http://max.ru/vkusvill_ru,,,,,,,,,,,https://vk.com/vkusvill_ru,,,,,,,,,https://t.me/we_are_vkusvill,,,,,,,,,70000001044312186,55.566556,37.497422,70030076149064279,,,1420,4504137598285175,ВкусВилл,супермаркет,Супермаркеты,mart,4,18,2026-06-28T05:22:38Z,,0,32,https://2gis.com/firm/70000001044312186,branch,241,https://2gis.ru/moscow/search/Супермаркеты/rubricId/350/filters/district_id=4504209520926899
Магнит,супермаркет,Супермаркеты,"улица Василия Ощепкова, 1",1 этаж,108814,,Коммунарка,Москва,,Москва,Россия,Пн: 08:00-23:00; Вт: 08:00-23:00; Ср: 08:00-23:00; Чт: 08:00-23:00; Пт: 08:00-23:00; Сб: 08:00-23:00; Вс: 08:00-23:00,+03:00,4.3,23,88002009002 (единая справочная: пн-вс 6:00-00:00),,,info@magnit.ru,,,http://magnit.ru/?utm_source=_geopriority_&utm_medium=&utm_campaign=_MM_Geoprioritety_-&utm_content=main&utm_term=,,,,,,,,,,,,https://vk.com/magnitretail,,,,,,,,,https://t.me/magnit_retail,,,,,,,,,70000001065093212,55.554188,37.46394,70030076170423596,,,1562,4504137598701571,Магнит,супермаркет,Супермаркеты,mart,1,11,2026-07-02T13:02:35Z,,0,32,https://2gis.com/firm/70000001065093212,branch,241,https://2gis.ru/moscow/search/Супермаркеты/rubricId/350/filters/district_id=4504209520926899
Магнит,супермаркет,Супермаркеты,"улица Эдварда Грига, 18 к1",,108834,,Коммунарка,Москва,,Москва,Россия,Пн: 08:00-23:00; Вт: 08:00-23:00; Ср: 08:00-23:00; Чт: 08:00-23:00; Пт: 08:00-23:00; Сб: 08:00-23:00; Вс: 08:00-23:00,+03:00,,,88002009002 (единая справочная: пн-вс 6:00-00:00),,,info@magnit.ru,,,http://promokod.magnit.ru,,,,,,,,,,,,https://vk.com/magnitretail,,,,,,,,,https://t.me/magnit_retail,,,,,,,,,70000001101573707,55.554474,37.505314,70030076210462045,,,1562,4504137598701571,Магнит,супермаркет,Супермаркеты,mart,1,9,2026-07-02T13:03:04Z,,0,32,https://2gis.com/firm/70000001101573707,branch,241,https://2gis.ru/moscow/search/Супермаркеты/rubricId/350/filters/district_id=4504209520926899
Заряд,супермаркет,Супермаркеты,"Куприна проспект, 3 к1",,108834,,Коммунарка,Москва,,Москва,Россия,Пн: 08:00-23:00; Вт: 08:00-23:00; Ср: 08:00-23:00; Чт: 08:00-23:00; Пт: 08:00-23:00; Сб: 08:00-23:00; Вс: 08:00-23:00,+03:00,,,88002005348,,,,,,http://magnit.ru/?utm_source=_geopriority_&utm_medium=&utm_campaign=_MM_Geoprioritety_-&utm_content=main&utm_term=,,,,,,,,,,,,https://vk.com/magnitretail,,,,,,,,,,,,,,,,,,70000001109496272,55.55682,37.501023,70030076425888709,,,47,70000001103711678,Заряд,супермаркет,Супермаркеты,mart,1,8,2026-07-02T13:03:03Z,,0,32,https://2gis.com/firm/70000001109496272,branch,241,https://2gis.ru/moscow/search/Супермаркеты/rubricId/350/filters/district_id=4504209520926899
Оливия,мини-маркет,Супермаркеты,"посёлок Коммунарка, 20",1 этаж,108814,,Коммунарка,,,Москва,Россия,Пн: 08:00-22:00; Вт: 08:00-22:00; Ср: 08:00-22:00; Чт: 08:00-22:00; Пт: 08:00-22:00; Сб: 08:00-22:00; Вс: 08:00-22:00,+03:00,3.0,2,,,,,,,,,,,,,,,,,,,,,,,,,,,,,,,,,,,,,70000001101462586,55.571478,37.47417,4504235283037730,,,1,70000001101462585,Оливия,мини-маркет,Супермаркеты,mart,1,4,2026-03-28T15:29:31Z,,0,32,https://2gis.com/firm/70000001101462586,branch,241,https://2gis.ru/moscow/search/Супермаркеты/rubricId/350/filters/district_id=4504209520926899
Верный,универсам,Супермаркеты,"улица Василия Ощепкова, 3",1 этаж,108814,,Коммунарка,Москва,,Москва,Россия,Пн: 08:00-23:00; Вт: 08:00-23:00; Ср: 08:00-23:00; Чт: 08:00-23:00; Пт: 08:00-23:00; Сб: 08:00-23:00; Вс: 08:00-23:00,+03:00,1.3,3,88435247545,,,,,,http://verno-info.ru,,,,,,,,,,,,https://vk.com/verny_official,,,,,,,,,,,,,,,,,,70000001096918147,55.55454,37.464145,70030076170424511,,,539,4504137598364786,Верный,универсам,Супермаркеты,mart,1,9,2026-07-09T15:27:31Z,,0,32,https://2gis.com/firm/70000001096918147,branch,241,https://2gis.ru/moscow/search/Супермаркеты/rubricId/350/filters/district_id=4504209520926899
ВкусВилл,супермаркет,Супермаркеты; Кулинарии; Доставка продуктов; Доставка еды,"Бачуринская улица, 9а к1",1 этаж,108814,,Коммунарка,,,Москва,Россия,Пн: 09:00-22:00; Вт: 09:00-22:00; Ср: 09:00-22:00; Чт: 09:00-22:00; Пт: 09:00-22:00; Сб: 09:00-22:00; Вс: 09:00-22:00,+03:00,4.6,11,89256602684,,,,,,http://vkusvill.ru/goods/?utm_source=2gis&utm_medium=maps&utm_campaign=glavnaya&deep_link_value=https%3A%2F%2Fvkusvill.ru%2Fmobile%3Fcatalog%2F&af_dp=vkusvill%3A%2F%2F&c=glavnaya&shortlink=5ca647b8&source_,http://max.ru/vkusvill_ru,,,,,,,,,,,https://vk.com/vkusvill_ru,,,,,,,,,https://t.me/we_are_vkusvill,,,,,,,,,70000001064309270,55.579056,37.481187,70030076177705924,,,1420,4504137598285175,ВкусВилл,супермаркет,Супермаркеты,mart,4,19,2026-06-28T05:22:38Z,,0,32,https://2gis.com/firm/70000001064309270,branch,241,https://2gis.ru/moscow/search/Супермаркеты/rubricId/350/filters/district_id=4504209520926899
Магнит,супермаркет,Супермаркеты,"Куприна проспект, 3 к7",,108834,,Коммунарка,Москва,,Москва,Россия,Пн: 08:00-23:00; Вт: 08:00-23:00; Ср: 08:00-23:00; Чт: 08:00-23:00; Пт: 08:00-23:00; Сб: 08:00-23:00; Вс: 08:00-23:00,+03:00,1.0,1,88002009002 (единая справочная: пн-вс 6:00-00:00),,,info@magnit.ru,,,http://magnit.ru/?utm_source=_geopriority_&utm_medium=&utm_campaign=_MM_Geoprioritety_-&utm_content=main&utm_term=,,,,,,,,,,,,https://vk.com/magnitretail,,,,,,,,,https://t.me/magnit_retail,,,,,,,,,70000001112431791,55.555552,37.499944,70030076478620858,,,1562,4504137598701571,Магнит,супермаркет,Супермаркеты,mart,1,6,2026-03-05T08:05:41Z,,0,32,https://2gis.com/firm/70000001112431791,branch,241,https://2gis.ru/moscow/search/Супермаркеты/rubricId/350/filters/district_id=4504209520926899
Магнит,супермаркет,Супермаркеты,"улица Эдварда Грига, 15",1 этаж,108834,,Коммунарка,Москва,,Москва,Россия,Пн: 08:00-23:00; Вт: 08:00-23:00; Ср: 08:00-23:00; Чт: 08:00-23:00; Пт: 08:00-23:00; Сб: 08:00-23:00; Вс: 08:00-23:00,+03:00,4.7,14,88002009002 (единая справочная: пн-вс 6:00-00:00),,,info@magnit.ru,,,http://magnit.ru/?utm_source=_geopriority_&utm_medium=&utm_campaign=_MM_Geoprioritety_-&utm_content=main&utm_term=,,,,,,,,,,,,https://vk.com/magnitretail,,,,,,,,,https://t.me/magnit_retail,,,,,,,,,70000001069726259,55.557137,37.508317,70030076190387677,,,1562,4504137598701571,Магнит,супермаркет,Супермаркеты,mart,1,12,2026-07-02T13:00:49Z,,0,32,https://2gis.com/firm/70000001069726259,branch,241,https://2gis.ru/moscow/search/Супермаркеты/rubricId/350/filters/district_id=4504209520926899
Ярче!,супермаркет,Супермаркеты,"улица Эдварда Грига, 18 к4",1 этаж,108834,,Коммунарка,Москва,,Москва,Россия,Пн: 08:00-22:00; Вт: 08:00-22:00; Ср: 08:00-22:00; Чт: 08:00-22:00; Пт: 08:00-22:00; Сб: 08:00-22:00; Вс: 08:00-22:00,+03:00,3.0,2,,,,,,,http://ярче.рф,http://yarcheplus.ru,,,,,,,,,,,https://vk.com/supermarket_yarche,,,,,,,,,,,,,,,,,,70000001111337783,55.5538,37.505387,70030076263294194,,,198,70000001025914019,Ярче!,супермаркет,Супермаркеты,mart,1,0,2026-02-18T06:02:56Z,,0,32,https://2gis.com/firm/70000001111337783,branch,241,https://2gis.ru/moscow/search/Супермаркеты/rubricId/350/filters/district_id=4504209520926899
Фасоль,минимаркет,Супермаркеты,"микрорайон Эдальго, 1",цокольный этаж,108814,Эдальго м-н,Коммунарка,,,Москва,Россия,Пн: 08:00-23:00; Вт: 08:00-23:00; Ср: 08:00-23:00; Чт: 08:00-23:00; Пт: 08:00-23:00; Сб: 08:00-23:00; Вс: 08:00-23:00,+03:00,,,88007001077 (единая справочная),,,,,,http://myfasol.ru,,,,,,,,,,,,,,,,,,,,,,,,,,,,,,70000001029486719,55.572744,37.485687,4504235283110690,,,132,4504137598352375,Фасоль,минимаркет,Супермаркеты,mart,1,5,2026-07-05T13:19:38Z,,0,32,https://2gis.com/firm/70000001029486719,branch,241,https://2gis.ru/moscow/search/Супермаркеты/rubricId/350/filters/district_id=4504209520926899
Мини-маркет,,Супермаркеты,"Бачуринская улица, 7 к2",1 этаж,108814,,Коммунарка,,,Москва,Россия,Пн: 08:00-23:00; Вт: 08:00-23:00; Ср: 08:00-23:00; Чт: 08:00-23:00; Пт: 08:00-23:00; Сб: 08:00-23:00; Вс: 08:00-23:00,+03:00,,,,,,,,,,,,,,,,,,,,,,,,,,,,,,,,,,,,,,,70000001049131459,55.577367,37.478797,4504235309877873,,,1,70000001049131458,Мини-маркет,Мини-маркет,Супермаркеты,mart,1,6,2025-11-19T21:47:05Z,,0,32,https://2gis.com/firm/70000001049131459,branch,241,https://2gis.ru/moscow/search/Супермаркеты/rubricId/350/filters/district_id=4504209520926899
Магнит,супермаркет,Супермаркеты,"160 квартал, 1в к4",,108814,,Коммунарка,Москва,,Москва,Россия,Пн: 08:00-23:00; Вт: 08:00-23:00; Ср: 08:00-23:00; Чт: 08:00-23:00; Пт: 08:00-23:00; Сб: 08:00-23:00; Вс: 08:00-23:00,+03:00,,,88002009002 (единая справочная: пн-вс 6:00-00:00),,,info@magnit.ru,,,http://magnit.ru/?utm_source=_geopriority_&utm_medium=&utm_campaign=_MM_Geoprioritety_-&utm_content=main&utm_term=,,,,,,,,,,,,https://vk.com/magnitretail,,,,,,,,,https://t.me/magnit_retail,,,,,,,,,70000001114765930,55.553259,37.47397,70030076552378789,,,1562,4504137598701571,Магнит,супермаркет,Супермаркеты,mart,1,1,2026-06-01T12:00:23Z,,0,32,https://2gis.com/firm/70000001114765930,branch,241,https://2gis.ru/moscow/search/Супермаркеты/rubricId/350/filters/district_id=4504209520926899
Магнит,супермаркет,Супермаркеты,"улица Александры Монаховой, 85 к2",,108826,,Коммунарка,,,Москва,Россия,Пн: 08:00-22:00; Вт: 08:00-22:00; Ср: 08:00-22:00; Чт: 08:00-22:00; Пт: 08:00-22:00; Сб: 08:00-22:00; Вс: 08:00-22:00,+03:00,4.2,2,88002009002 (единая справочная: пн-вс 6:00-00:00),,,info@magnit.ru,,,http://magnit.ru/?utm_source=_geopriority_&utm_medium=&utm_campaign=_MM_Geoprioritety_-&utm_content=main&utm_term=,,,,,,,,,,,,https://vk.com/magnitretail,,,,,,,,,https://t.me/magnit_retail,,,,,,,,,70000001098953842,55.549984,37.490034,70030076255278007,,,1562,4504137598701571,Магнит,супермаркет,Супермаркеты,mart,1,9,2026-07-02T13:04:39Z,,0,32,https://2gis.com/firm/70000001098953842,branch,241,https://2gis.ru/moscow/search/Супермаркеты/rubricId/350/filters/district_id=4504209520926899
Минимаркет,,Супермаркеты,"Лазурная улица, 7",1 этаж,108814,,Коммунарка,,,Москва,Россия,Пн: 00:00-24:00; Вт: 00:00-24:00; Ср: 00:00-24:00; Чт: 00:00-24:00; Пт: 00:00-24:00; Сб: 00:00-24:00; Вс: 00:00-24:00,+03:00,2.9,8,89672221502,,,,,,,,,,,,,,,,,,,,,,,,,,,,,,,,,,,,4504128908791664,55.566887,37.472524,4504235283111661,,,1,4504137598563518,Минимаркет,Минимаркет,Супермаркеты,mart,1,5,2026-03-24T15:16:36Z,,0,32,https://2gis.com/firm/4504128908791664,branch,241,https://2gis.ru/moscow/search/Супермаркеты/rubricId/350/filters/district_id=4504209520926899
Ярче!,супермаркет,Супермаркеты,"Куприна проспект, 24 к2",,108826,,Коммунарка,Москва,,Москва,Россия,Пн: 08:00-22:00; Вт: 08:00-22:00; Ср: 08:00-22:00; Чт: 08:00-22:00; Пт: 08:00-22:00; Сб: 08:00-22:00; Вс: 08:00-22:00,+03:00,5.0,9,,,,,,,http://ярче.рф,http://yarcheplus.ru,,,,,,,,,,,https://vk.com/supermarket_yarche,,,,,,,,,,,,,,,,,,70000001093831942,55.545097,37.478454,70030076190423044,,,198,70000001025914019,Ярче!,супермаркет,Супермаркеты,mart,1,3,2026-06-23T09:21:23Z,,0,32,https://2gis.com/firm/70000001093831942,branch,241,https://2gis.ru/moscow/search/Супермаркеты/rubricId/350/filters/district_id=4504209520926899
Пятёрочка,супермаркет,Супермаркеты,"улица Потаповская Роща, 20 к1",1 этаж,108834,,Коммунарка,,,Москва,Россия,Пн: 09:00-23:00; Вт: 09:00-23:00; Ср: 09:00-23:00; Чт: 09:00-23:00; Пт: 09:00-23:00; Сб: 09:00-23:00; Вс: 09:00-23:00,+03:00,4.4,14,88007700400,,,info@x5.ru,,,http://5ka.ru/catalog?utm_source=2gis&utm_medium=cpm&utm_campaign=000161-17_igronik_media_5ka_promo_04_2026%7Cformat_banner%7Ctype_banner&utm_content=%7Ccreo_1&utm_term,http://max.ru/tspyaterochka,,,,,https://twitter.com/pyaterochka,,,,,,https://vk.com/pyaterochka_shop,,,,,,,,,,,,,,,,,,70000001080007061,55.551879,37.50408,70030076251845334,,,3347,4504136498316193,Пятёрочка,супермаркет,Супермаркеты,mart,1,11,2026-06-22T08:06:40Z,,0,32,https://2gis.com/firm/70000001080007061,branch,241,https://2gis.ru/moscow/search/Супермаркеты/rubricId/350/filters/district_id=4504209520926899
Samra,оптовый супермаркет,Супермаркеты,"Калужское шоссе 22 километр, 10",6 линия; 98 павильон; 1 этаж,108802,,Коммунарка,Москва,,Москва,Россия,Пн: 07:00-18:00; Вт: 07:00-18:00; Ср: 07:00-18:00; Чт: 07:00-18:00; Пт: 07:00-18:00; Сб: 07:00-18:00; Вс: 07:00-18:00,+03:00,4.2,4,89661069393,,,,,,http://samraretail.ru,,,,,,,,,,,,,,,https://wa.me/79661069393,,,,,,,,,,,,,,,70000001049805944,55.602022,37.467384,4504235283119276,ФУД СИТИ,70030076482998368,2,70000001049805943,Samra,оптовый супермаркет,Супермаркеты,mart,1,7,2026-06-24T15:44:40Z,,0,32,https://2gis.com/firm/70000001049805944,branch,241,https://2gis.ru/moscow/search/Супермаркеты/rubricId/350/filters/district_id=4504209520926899
Дикси,супермаркет,Супермаркеты,"улица Александры Монаховой, 85 к3",,108826,,Коммунарка,,,Москва,Россия,Пн: 09:00-23:00; Вт: 09:00-23:00; Ср: 09:00-23:00; Чт: 09:00-23:00; Пт: 09:00-23:00; Сб: 09:00-23:00; Вс: 09:00-23:00,+03:00,5.0,6,88001011001,,,,,,http://dixy.ru,http://t.me/dixy_russia,,,,,,,,,,,https://vk.com/dixyclub,,,,,,,,,,,,https://youtube.com/user/dixychannel,,,,,,70000001103016385,55.549615,37.49066,70030076444028340,,,31,70000001089420579,Дикси,супермаркет,Супермаркеты,mart,1,6,2026-06-25T04:05:53Z,,0,32,https://2gis.com/firm/70000001103016385,branch,241,https://2gis.ru/moscow/search/Супермаркеты/rubricId/350/filters/district_id=4504209520926899
Дикси,супермаркет,Супермаркеты,"Сосновая улица, 5",1 этаж,108802,,Коммунарка,,,Москва,Россия,Пн: 08:00-23:00; Вт: 08:00-23:00; Ср: 08:00-23:00; Чт: 08:00-23:00; Пт: 08:00-23:00; Сб: 08:00-23:00; Вс: 08:00-23:00,+03:00,4.6,69,88001011001,,,,,,http://dixy.ru,,,,,,,,,,,,https://vk.com/dixyclub,,,,,,,,,https://t.me/dixy_russia,,,https://youtube.com/user/dixychannel,,,,,,70000001007193460,55.570799,37.450739,4504235282823279,,,1418,4504136498313374,Дикси,супермаркет,Супермаркеты,mart,1,10,2026-06-25T04:05:52Z,,0,32,https://2gis.com/firm/70000001007193460,branch,241,https://2gis.ru/moscow/search/Супермаркеты/rubricId/350/filters/district_id=4504209520926899
Магнит,супермаркет,Супермаркеты,"улица Александры Монаховой, 83",,108826,,Коммунарка,,,Москва,Россия,Пн: 08:30-23:00; Вт: 08:30-23:00; Ср: 08:30-23:00; Чт: 08:30-23:00; Пт: 08:30-23:00; Сб: 08:30-23:00; Вс: 08:30-23:00,+03:00,5.0,1,88002009002 (единая справочная: пн-вс 6:00-00:00),,,info@magnit.ru,,,http://magnit.ru/?utm_source=_geopriority_&utm_medium=&utm_campaign=_MM_Geoprioritety_-&utm_content=main&utm_term=,,,,,,,,,,,,https://vk.com/magnitretail,,,,,,,,,https://t.me/magnit_retail,,,,,,,,,70000001104467782,55.550656,37.493228,70030076450037797,,,1562,4504137598701571,Магнит,супермаркет,Супермаркеты,mart,1,9,2026-07-02T13:02:27Z,,0,32,https://2gis.com/firm/70000001104467782,branch,241,https://2gis.ru/moscow/search/Супермаркеты/rubricId/350/filters/district_id=4504209520926899
Мини-маркет,,Супермаркеты,"улица Липовый парк, 6",1 этаж,108801,,Коммунарка,,,Москва,Россия,Пн: 08:00-23:00; Вт: 08:00-23:00; Ср: 08:00-23:00; Чт: 08:00-23:00; Пт: 08:00-23:00; Сб: 08:00-23:00; Вс: 08:00-23:00,+03:00,1.0,1,,,,,,,,,,,,,,,,,,,,,,,,,,,,,,,,,,,,,70000001049117265,55.569722,37.489518,4504235283119739,,,1,70000001049117264,Мини-маркет,Мини-маркет,Супермаркеты,mart,1,5,2025-10-21T12:47:04Z,,0,32,https://2gis.com/firm/70000001049117265,branch,241,https://2gis.ru/moscow/search/Супермаркеты/rubricId/350/filters/district_id=4504209520926899
Дикси,супермаркет,Супермаркеты; Доставка продуктов,"улица Александры Монаховой, 97 ст1",,108826,,Коммунарка,,,Москва,Россия,Пн: 08:00-23:00; Вт: 08:00-23:00; Ср: 08:00-23:00; Чт: 08:00-23:00; Пт: 08:00-23:00; Сб: 08:00-23:00; Вс: 08:00-23:00,+03:00,4.2,82,88001011001,,,,,,http://dixy.ru,,,,,,,,,,,,https://vk.com/dixyclub,,,,,,,,,https://t.me/dixy_russia,,,https://youtube.com/user/dixychannel,,,,,,70000001022666322,55.540549,37.491121,70030076170243564,,,1418,4504136498313374,Дикси,супермаркет,Супермаркеты,mart,2,7,2026-06-25T04:05:58Z,,0,32,https://2gis.com/firm/70000001022666322,branch,241,https://2gis.ru/moscow/search/Супермаркеты/rubricId/350/filters/district_id=4504209520926899
Пятёрочка,супермаркет,Супермаркеты; Доставка продуктов,"улица Александры Монаховой, 92 к3",,108826,,Коммунарка,,,Москва,Россия,Пн: 09:00-23:00; Вт: 09:00-23:00; Ср: 09:00-23:00; Чт: 09:00-23:00; Пт: 09:00-23:00; Сб: 09:00-23:00; Вс: 09:00-23:00,+03:00,4.4,37,88007700400,,,info@x5.ru,,,http://5ka.ru/catalog?utm_source=2gis&utm_medium=cpm&utm_campaign=000161-17_igronik_media_5ka_promo_04_2026%7Cformat_banner%7Ctype_banner&utm_content=%7Ccreo_1&utm_term,http://max.ru/tspyaterochka,,,,,https://twitter.com/pyaterochka,,,,,,https://vk.com/pyaterochka_shop,,,,,,,,,,,,,,,,,,70000001041466407,55.542619,37.485117,70030076126464718,,,3347,4504136498316193,Пятёрочка,супермаркет,Супермаркеты,mart,2,8,2026-06-22T08:06:35Z,,0,32,https://2gis.com/firm/70000001041466407,branch,241,https://2gis.ru/moscow/search/Супермаркеты/rubricId/350/filters/district_id=4504209520926899
Пятёрочка,супермаркет,Супермаркеты,"улица Василия Ощепкова, 2",1 этаж,108814,,Коммунарка,Москва,,Москва,Россия,Пн: 09:00-22:00; Вт: 09:00-22:00; Ср: 09:00-22:00; Чт: 09:00-22:00; Пт: 09:00-22:00; Сб: 09:00-22:00; Вс: 09:00-22:00,+03:00,2.0,5,88007700400,,,info@x5.ru,,,http://5ka.ru/catalog?utm_source=2gis&utm_medium=cpm&utm_campaign=000161-17_igronik_media_5ka_promo_04_2026%7Cformat_banner%7Ctype_banner&utm_content=%7Ccreo_1&utm_term,http://max.ru/tspyaterochka,,,,,https://twitter.com/pyaterochka,,,,,,https://vk.com/pyaterochka_shop,,,,,,,,,,,,,,,,,,70000001088941617,55.552866,37.463913,70030076170423248,,,3347,4504136498316193,Пятёрочка,супермаркет,Супермаркеты,mart,1,12,2026-06-25T12:50:34Z,,0,32,https://2gis.com/firm/70000001088941617,branch,241,https://2gis.ru/moscow/search/Супермаркеты/rubricId/350/filters/district_id=4504209520926899
Мини-маркет,,Супермаркеты,"Бачуринская улица, 11",1 этаж,108814,,Коммунарка,,,Москва,Россия,Пн: 09:00-24:00; Вт: 09:00-24:00; Ср: 09:00-24:00; Чт: 09:00-24:00; Пт: 09:00-24:00; Сб: 09:00-24:00; Вс: 09:00-24:00,+03:00,4.2,4,,,,,,,,,,,,,,,,,,,,,,,,,,,,,,,,,,,,,70000001034405006,55.576748,37.480379,4504235302589895,,,1,70000001034405005,Мини-маркет,Мини-маркет,Супермаркеты,mart,1,5,2025-11-19T21:39:40Z,,0,32,https://2gis.com/firm/70000001034405006,branch,241,https://2gis.ru/moscow/search/Супермаркеты/rubricId/350/filters/district_id=4504209520926899
Магнит,супермаркет,Супермаркеты,"Куприна проспект, 18 к2",,108826,,Коммунарка,Москва,,Москва,Россия,Пн: 08:00-23:00; Вт: 08:00-23:00; Ср: 08:00-23:00; Чт: 08:00-23:00; Пт: 08:00-23:00; Сб: 08:00-23:00; Вс: 08:00-23:00,+03:00,2.1,20,88002009002 (единая справочная: пн-вс 6:00-00:00),,,info@magnit.ru,,,http://magnit.ru/?utm_source=_geopriority_&utm_medium=&utm_campaign=_MM_Geoprioritety_-&utm_content=main&utm_term=,,,,,,,,,,,,https://vk.com/magnitretail,,,,,,,,,https://t.me/magnit_retail,,,,,,,,,70000001087770872,55.546487,37.488155,70030076326225294,,,1562,4504137598701571,Магнит,супермаркет,Супермаркеты,mart,1,6,2026-07-02T13:04:35Z,,0,32,https://2gis.com/firm/70000001087770872,branch,241,https://2gis.ru/moscow/search/Супермаркеты/rubricId/350/filters/district_id=4504209520926899
Магнит,супермаркет,Супермаркеты,"улица Эдварда Грига, 17",1 этаж,108834,,Коммунарка,Москва,,Москва,Россия,Пн: 08:00-23:00; Вт: 08:00-23:00; Ср: 08:00-23:00; Чт: 08:00-23:00; Пт: 08:00-23:00; Сб: 08:00-23:00; Вс: 08:00-23:00,+03:00,5.0,21,88002009002 (единая справочная: пн-вс 6:00-00:00),,,info@magnit.ru,,,http://magnit.ru/?utm_source=_geopriority_&utm_medium=&utm_campaign=_MM_Geoprioritety_-&utm_content=main&utm_term=,,,,,,,,,,,,https://vk.com/magnitretail,,,,,,,,,https://t.me/magnit_retail,,,,,,,,,70000001097370042,55.555618,37.50748,70030076173581538,,,1562,4504137598701571,Магнит,супермаркет,Супермаркеты,mart,1,9,2026-07-02T13:01:14Z,,0,32,https://2gis.com/firm/70000001097370042,branch,241,https://2gis.ru/moscow/search/Супермаркеты/rubricId/350/filters/district_id=4504209520926899
Перекрёсток,супермаркет,Супермаркеты; Доставка продуктов,"Куприна проспект, 7 к1",,117041,,Коммунарка,Москва,,Москва,Россия,Пн: 08:00-23:00; Вт: 08:00-23:00; Ср: 08:00-23:00; Чт: 08:00-23:00; Пт: 08:00-23:00; Сб: 08:00-23:00; Вс: 08:00-23:00,+03:00,2.4,3,88002009555 (многоканальный),,,info@x5.ru,,,http://perekrestok.ru/?utm_source=2gis_maps&utm_medium=display&utm_campaign=maps_wo_promo&utm_content=main_url,http://max.ru/perekrestok_shop,,,,,,,,,,,https://vk.com/perekrestok_shop,,,,,,,,,https://t.me/myperekrestokbot,,,,,,,,,70000001109617777,55.542155,37.477174,70030076444248508,,,487,4504136498303078,Перекрёсток,супермаркет,Супермаркеты,mart,2,12,2026-06-30T03:52:23Z,,0,32,https://2gis.com/firm/70000001109617777,branch,241,https://2gis.ru/moscow/search/Супермаркеты/rubricId/350/filters/district_id=4504209520926899
Пятёрочка,супермаркет,Супермаркеты,"160 квартал, 1в к4",,108814,,Коммунарка,Москва,,Москва,Россия,Пн: 09:00-22:00; Вт: 09:00-22:00; Ср: 09:00-22:00; Чт: 09:00-22:00; Пт: 09:00-22:00; Сб: 09:00-22:00; Вс: 09:00-22:00,+03:00,,,88007700400,,,info@x5.ru,,,http://5ka.ru/catalog?utm_source=2gis&utm_medium=cpm&utm_campaign=000161-17_igronik_media_5ka_promo_04_2026%7Cformat_banner%7Ctype_banner&utm_content=%7Ccreo_1&utm_term,http://max.ru/tspyaterochka,,,,,https://twitter.com/pyaterochka,,,,,,https://vk.com/pyaterochka_shop,,,,,,,,,,,,,,,,,,70000001115618075,55.553259,37.47397,70030076552378789,,,3347,4504136498316193,Пятёрочка,супермаркет,Супермаркеты,mart,1,1,2026-07-01T05:28:54Z,,0,32,https://2gis.com/firm/70000001115618075,branch,241,https://2gis.ru/moscow/search/Супермаркеты/rubricId/350/filters/district_id=4504209520926899
Мираторг,супермаркет,Супермаркеты,"улица Александры Монаховой, 92 к1",,108826,,Коммунарка,,,Москва,Россия,Пн: 08:00-23:00; Вт: 08:00-23:00; Ср: 08:00-23:00; Чт: 08:00-23:00; Пт: 08:00-23:00; Сб: 08:00-22:00; Вс: 08:00-22:00,+03:00,4.7,58,88005502719,,,,,,http://miratorg.ru/super,http://t.me/+Y3RA1ifcI7RhNDNi,,,,,,,,,,,https://vk.com/supermarketmiratorg,,,,,,,,,https://t.me/+Y3RA1ifcI7RhNDNi,,,,,,,,,70000001037596100,55.543636,37.487409,4504235321549961,,,97,4504136499896740,Мираторг,супермаркет,Супермаркеты,mart,1,10,2026-07-04T20:56:42Z,,0,32,https://2gis.com/firm/70000001037596100,branch,241,https://2gis.ru/moscow/search/Супермаркеты/rubricId/350/filters/district_id=4504209520926899
Заряд,супермаркет,Супермаркеты,"улица Александры Монаховой, 85 к1",,108826,,Коммунарка,,,Москва,Россия,Пн: 09:00-24:00; Вт: 09:00-24:00; Ср: 09:00-24:00; Чт: 09:00-24:00; Пт: 09:00-24:00; Сб: 09:00-24:00; Вс: 09:00-24:00,+03:00,4.1,2,88002005348,,,,,,http://magnit.ru/?utm_medium=&utm_campaign=_MM_Geoprioritety_-&utm_content=main&utm_term=,,,,,,,,,,,,https://vk.com/magnitretail,,,,,,,,,,,,,,,,,,70000001109645674,55.550564,37.490289,70030076356905209,,,47,70000001103711678,Заряд,супермаркет,Супермаркеты,mart,1,7,2026-03-19T09:35:22Z,,0,32,https://2gis.com/firm/70000001109645674,branch,241,https://2gis.ru/moscow/search/Супермаркеты/rubricId/350/filters/district_id=4504209520926899
ВкусВилл,супермаркет,Супермаркеты; Доставка продуктов,"улица Александры Монаховой, 84 к2",,108826,,Коммунарка,,,Москва,Россия,Пн: 08:00-22:00; Вт: 08:00-22:00; Ср: 08:00-22:00; Чт: 08:00-22:00; Пт: 08:00-22:00; Сб: 08:00-22:00; Вс: 08:00-22:00,+03:00,4.6,25,89256602219,,,,,,http://vkusvill.ru/goods/?utm_source=2gis&utm_medium=maps&utm_campaign=glavnaya&deep_link_value=https%3A%2F%2Fvkusvill.ru%2Fmobile%3Fcatalog%2F&af_dp=vkusvill%3A%2F%2F&c=glavnaya&shortlink=5ca647b8&source_,http://max.ru/vkusvill_ru,,,,,,,,,,,https://vk.com/vkusvill_ru,,,,,,,,,https://t.me/we_are_vkusvill,,,,,,,,,70000001060702281,55.545306,37.484656,70030076165560171,,,1420,4504137598285175,ВкусВилл,супермаркет,Супермаркеты,mart,2,14,2026-06-28T05:22:44Z,,0,32,https://2gis.com/firm/70000001060702281,branch,241,https://2gis.ru/moscow/search/Супермаркеты/rubricId/350/filters/district_id=4504209520926899
Пятёрочка,супермаркет,Супермаркеты; Доставка продуктов,"улица Александры Монаховой, 88 к1",,108826,,Коммунарка,,,Москва,Россия,Пн: 09:00-22:00; Вт: 09:00-22:00; Ср: 09:00-22:00; Чт: 09:00-22:00; Пт: 09:00-22:00; Сб: 09:00-22:00; Вс: 09:00-22:00,+03:00,4.5,20,88007700400,,,info@x5.ru,,,http://5ka.ru/catalog?utm_source=2gis&utm_medium=cpm&utm_campaign=000161-17_igronik_media_5ka_promo_04_2026%7Cformat_banner%7Ctype_banner&utm_content=%7Ccreo_1&utm_term,http://max.ru/tspyaterochka,,,,,https://twitter.com/pyaterochka,,,,,,https://vk.com/pyaterochka_shop,,,,,,,,,,,,,,,,,,70000001033826719,55.544893,37.486423,70030076126464499,,,3347,4504136498316193,Пятёрочка,супермаркет,Супермаркеты,mart,2,10,2026-06-22T08:06:35Z,,0,32,https://2gis.com/firm/70000001033826719,branch,241,https://2gis.ru/moscow/search/Супермаркеты/rubricId/350/filters/district_id=4504209520926899
Магнит,супермаркет,Супермаркеты,"улица Александры Монаховой, 88 к2",,108826,,Коммунарка,,,Москва,Россия,Пн: 08:00-23:00; Вт: 08:00-23:00; Ср: 08:00-23:00; Чт: 08:00-23:00; Пт: 08:00-23:00; Сб: 08:00-23:00; Вс: 08:00-23:00,+03:00,4.0,35,88002009002 (единая справочная: пн-вс 6:00-00:00),,,info@magnit.ru,,,http://magnit.ru/?utm_source=_geopriority_&utm_medium=&utm_campaign=_MM_Geoprioritety_-&utm_content=main&utm_term=,,,,,,,,,,,,https://vk.com/magnitretail,,,,,,,,,https://t.me/magnit_retail,,,,,,,,,70000001033507551,55.543667,37.485788,70030076126464579,,,1562,4504137598701571,Магнит,супермаркет,Супермаркеты,mart,1,11,2026-07-02T13:04:36Z,,0,32,https://2gis.com/firm/70000001033507551,branch,241,https://2gis.ru/moscow/search/Супермаркеты/rubricId/350/filters/district_id=4504209520926899
Пятёрочка,супермаркет,Супермаркеты; Доставка продуктов,"Куприна проспект, 24 к3",,108826,,Коммунарка,Москва,,Москва,Россия,Пн: 09:00-23:00; Вт: 09:00-23:00; Ср: 09:00-23:00; Чт: 09:00-23:00; Пт: 09:00-23:00; Сб: 09:00-23:00; Вс: 09:00-23:00,+03:00,4.5,23,88007700400,,,info@x5.ru,,,http://5ka.ru/catalog?utm_source=2gis&utm_medium=cpm&utm_campaign=000161-17_igronik_media_5ka_promo_04_2026%7Cformat_banner%7Ctype_banner&utm_content=%7Ccreo_1&utm_term,http://max.ru/tspyaterochka,,,,,https://twitter.com/pyaterochka,,,,,,https://vk.com/pyaterochka_shop,,,,,,,,,,,,,,,,,,70000001064274101,55.543863,37.477773,70030076194800725,,,3347,4504136498316193,Пятёрочка,супермаркет,Супермаркеты,mart,2,10,2025-04-04T12:50:12Z,,0,32,https://2gis.com/firm/70000001064274101,branch,241,https://2gis.ru/moscow/search/Супермаркеты/rubricId/350/filters/district_id=4504209520926899
Дикси,супермаркет,Супермаркеты,"улица Александры Монаховой, 95 к3 ст1",,108826,,Коммунарка,,,Москва,Россия,Пн: 00:00-24:00; Вт: 00:00-24:00; Ср: 00:00-24:00; Чт: 00:00-24:00; Пт: 00:00-24:00; Сб: 00:00-24:00; Вс: 00:00-24:00,+03:00,4.2,62,88001011001,,,,,,http://dixy.ru,,,,,,,,,,,,https://vk.com/dixyclub,,,,,,,,,https://t.me/dixy_russia,,,https://youtube.com/user/dixychannel,,,,,,70000001028836211,55.542504,37.492308,70030076138115829,,,1418,4504136498313374,Дикси,супермаркет,Супермаркеты,mart,1,10,2026-06-25T04:05:58Z,,0,32,https://2gis.com/firm/70000001028836211,branch,241,https://2gis.ru/moscow/search/Супермаркеты/rubricId/350/filters/district_id=4504209520926899
ВкусВилл,супермаркет,Супермаркеты; Доставка продуктов,"улица Потаповская Роща, 6 к2",цокольный этаж,108826,Бутовские аллеи м-н,Коммунарка,,,Москва,Россия,Пн: 08:00-22:00; Вт: 08:00-22:00; Ср: 08:00-22:00; Чт: 08:00-22:00; Пт: 08:00-22:00; Сб: 08:00-22:00; Вс: 08:00-22:00,+03:00,4.7,6,89266403820,,,,,,http://vkusvill.ru/goods/?utm_source=2gis&utm_medium=maps&utm_campaign=glavnaya&deep_link_value=https%3A%2F%2Fvkusvill.ru%2Fmobile%3Fcatalog%2F&af_dp=vkusvill%3A%2F%2F&c=glavnaya&shortlink=5ca647b8&source_,http://max.ru/vkusvill_ru,,,,,,,,,,,https://vk.com/vkusvill_ru,,,,,,,,,https://t.me/we_are_vkusvill,,,,,,,,,70000001089394192,55.548226,37.495379,4504235283143997,,,1420,4504137598285175,ВкусВилл,супермаркет,Супермаркеты,mart,2,10,2026-06-28T05:22:36Z,,0,32,https://2gis.com/firm/70000001089394192,branch,241,https://2gis.ru/moscow/search/Супермаркеты/rubricId/350/filters/district_id=4504209520926899
Агрокомплекс Выселковский,продуктовый магазин,Супермаркеты,"улица Александры Монаховой, 92 к2",,108826,,Коммунарка,,,Москва,Россия,Пн: 09:00-22:00; Вт: 09:00-22:00; Ср: 09:00-22:00; Чт: 09:00-22:00; Пт: 09:00-22:00; Сб: 09:00-22:00; Вс: 09:00-22:00,+03:00,3.4,6,88002500690,,,,,,http://agrokomplex.ru,,,,,,,,,,,,https://vk.com/agrokomplex_ru,,,,,,,,,https://t.me/agrokomplex_msk,,,,,,,,,70000001087706850,55.543371,37.486149,70030076157403483,,,3,70000001082039692,Агрокомплекс Выселковский,продуктовый магазин,Супермаркеты,mart,1,6,2026-07-06T12:46:40Z,,0,32,https://2gis.com/firm/70000001087706850,branch,241,https://2gis.ru/moscow/search/Супермаркеты/rubricId/350/filters/district_id=4504209520926899
Винлаб,супермаркет напитков,Супермаркеты; Алкогольные напитки,"Скандинавский бульвар, 19",1 этаж,108834,,Коммунарка,,,Москва,Россия,Пн: 10:00-23:00; Вт: 10:00-23:00; Ср: 10:00-23:00; Чт: 10:00-23:00; Пт: 10:00-23:00; Сб: 10:00-23:00; Вс: 10:00-23:00 (Время продажи алкоголя ограничено.),+03:00,5.0,7,88003017755,,,,,,http://b2b.winelab.ru,http://max.ru/winelab_ru,,,,,,,,,,,https://vk.com/winelabru,,,,,,,,,https://t.me/winelab_chatbot,,,,,,,,,70000001066021130,55.55689,37.50984,70030076199558084,,,1163,70000001019234769,Винлаб,супермаркет напитков,Супермаркеты,mart,2,4,2026-07-07T13:29:15Z,,0,32,https://2gis.com/firm/70000001066021130,branch,241,https://2gis.ru/moscow/search/Супермаркеты/rubricId/350/filters/district_id=4504209520926899
Пятёрочка,супермаркет,Супермаркеты,"Ясеневая улица, 5",1 этаж,108802,,Коммунарка,,,Москва,Россия,Пн: 09:00-22:00; Вт: 09:00-22:00; Ср: 09:00-22:00; Чт: 09:00-22:00; Пт: 09:00-22:00; Сб: 09:00-22:00; Вс: 09:00-22:00,+03:00,4.7,47,88007700400,,,info@x5.ru,,,http://5ka.ru/catalog?utm_source=2gis&utm_medium=cpm&utm_campaign=000161-17_igronik_media_5ka_promo_04_2026%7Cformat_banner%7Ctype_banner&utm_content=%7Ccreo_1&utm_term,http://max.ru/tspyaterochka,,,,,https://twitter.com/pyaterochka,,,,,,https://vk.com/pyaterochka_shop,,,,,,,,,,,,,,,,,,70000001025864449,55.56823,37.441855,4504235283111889,,,3347,4504136498316193,Пятёрочка,супермаркет,Супермаркеты,mart,1,9,2026-06-22T08:06:35Z,,0,32,https://2gis.com/firm/70000001025864449,branch,241,https://2gis.ru/moscow/search/Супермаркеты/rubricId/350/filters/district_id=4504209520926899
ВкусВилл,супермаркет,Супермаркеты; Доставка продуктов; Кулинарии; Доставка еды,"улица Александры Монаховой, 95 к1 ст1",,108826,,Коммунарка,,,Москва,Россия,Пн: 08:00-22:00; Вт: 08:00-22:00; Ср: 08:00-22:00; Чт: 08:00-22:00; Пт: 08:00-22:00; Сб: 08:00-22:00; Вс: 08:00-22:00,+03:00,4.7,52,89263942951,,,,,,http://vkusvill.ru/goods/?utm_source=2gis&utm_medium=maps&utm_campaign=glavnaya&deep_link_value=https%3A%2F%2Fvkusvill.ru%2Fmobile%3Fcatalog%2F&af_dp=vkusvill%3A%2F%2F&c=glavnaya&shortlink=5ca647b8&source_,http://max.ru/vkusvill_ru,,,,,,,,,,,https://vk.com/vkusvill_ru,,,,,,,,,https://t.me/we_are_vkusvill,,,,,,,,,70000001035552399,55.542587,37.490286,70030076138116961,,,1420,4504137598285175,ВкусВилл,супермаркет,Супермаркеты,mart,4,16,2026-06-28T05:22:46Z,,0,32,https://2gis.com/firm/70000001035552399,branch,241,https://2gis.ru/moscow/search/Супермаркеты/rubricId/350/filters/district_id=4504209520926899
ВкусВилл,супермаркет,Супермаркеты; Кулинарии; Доставка еды,"улица Потаповская Роща, 24 к2",1 этаж,108834,,Коммунарка,,,Москва,Россия,Пн: 09:00-22:00; Вт: 09:00-22:00; Ср: 09:00-22:00; Чт: 09:00-22:00; Пт: 09:00-22:00; Сб: 09:00-22:00; Вс: 09:00-22:00,+03:00,4.2,6,89252658486,,,,,,http://vkusvill.ru/goods/?utm_source=2gis&utm_medium=maps&utm_campaign=glavnaya&deep_link_value=https%3A%2F%2Fvkusvill.ru%2Fmobile%3Fcatalog%2F&af_dp=vkusvill%3A%2F%2F&c=glavnaya&shortlink=5ca647b8&source_,http://max.ru/vkusvill_ru,,,,,,,,,,,https://vk.com/vkusvill_ru,,,,,,,,,https://t.me/we_are_vkusvill,,,,,,,,,70000001068930579,55.550869,37.5092,70030076149061346,,,1420,4504137598285175,ВкусВилл,супермаркет,Супермаркеты,mart,3,19,2026-06-28T05:22:39Z,,0,32,https://2gis.com/firm/70000001068930579,branch,241,https://2gis.ru/moscow/search/Супермаркеты/rubricId/350/filters/district_id=4504209520926899
Пятёрочка,супермаркет,Супермаркеты; Доставка продуктов,"Саларьевская улица, 14 к3",,108811,,Коммунарка,Москва,,Москва,Россия,Пн: 08:00-23:00; Вт: 08:00-23:00; Ср: 08:00-23:00; Чт: 08:00-23:00; Пт: 08:00-23:00; Сб: 08:00-23:00; Вс: 08:00-23:00,+03:00,3.9,74,88007700400,,,info@x5.ru,,,http://5ka.ru/catalog?utm_source=2gis&utm_medium=cpm&utm_campaign=000161-17_igronik_media_5ka_promo_04_2026%7Cformat_banner%7Ctype_banner&utm_content=%7Ccreo_1&utm_term,http://max.ru/tspyaterochka,,,,,https://twitter.com/pyaterochka,,,,,,https://vk.com/pyaterochka_shop,,,,,,,,,,,,,,,,,,70000001043081913,55.618232,37.410032,70030076142305944,,,3347,4504136498316193,Пятёрочка,супермаркет,Супермаркеты,mart,2,11,2026-06-22T08:07:38Z,,0,32,https://2gis.com/firm/70000001043081913,branch,241,https://2gis.ru/moscow/search/Супермаркеты/rubricId/350/filters/district_id=4504209520926899
Азбука daily,супермаркет,Супермаркеты; Доставка продуктов,"Садовая улица, 1 к1",1 этаж,108803,Антоновка коттеджный пос.,Коммунарка,,,Москва,Россия,Пн: 00:00-24:00; Вт: 00:00-24:00; Ср: 00:00-24:00; Чт: 00:00-24:00; Пт: 00:00-24:00; Сб: 00:00-24:00; Вс: 00:00-24:00,+03:00,5.0,25,88007003487 (бесплатная единая справочная: пн-вс 9:00-21:00),,,,,,http://av.ru,http://dzen.ru/azbukavkusa,http://max.ru/azbukavkusa,,,,,,,,,,https://vk.com/azbukavkusa,,,,,,,,,,,,,,,,,,70000001043536569,55.572965,37.392078,4504235282826361,,,56,70000001046146554,Азбука daily,супермаркет,Супермаркеты,mart,2,9,2026-05-28T06:51:33Z,,0,32,https://2gis.com/firm/70000001043536569,branch,241,https://2gis.ru/moscow/search/Супермаркеты/rubricId/350/filters/district_id=4504209520926899
Москвичка,мини-маркет,Супермаркеты,"улица Липовый парк, 7",1 этаж,108801,,Коммунарка,,,Москва,Россия,Пн: 00:00-24:00; Вт: 00:00-24:00; Ср: 00:00-24:00; Чт: 00:00-24:00; Пт: 00:00-24:00; Сб: 00:00-24:00; Вс: 00:00-24:00,+03:00,4.9,14,89963833333,,,,,,,,,,,,,,,,,,,,,https://wa.me/79963833333,,,,,,,,,,,,,,,70000001057591367,55.56873,37.491204,70030076150018675,,,1,70000001057591366,Москвичка,мини-маркет,Супермаркеты,mart,1,7,2025-11-10T16:45:27Z,,0,32,https://2gis.com/firm/70000001057591367,branch,241,https://2gis.ru/moscow/search/Супермаркеты/rubricId/350/filters/district_id=4504209520926899
Мираторг,супермаркет,Супермаркеты,"улица Александры Монаховой, 92 к1",,108826,,Коммунарка,,,Москва,Россия,Пн: 08:00-23:00; Вт: 08:00-23:00; Ср: 08:00-23:00; Чт: 08:00-23:00; Пт: 08:00-23:00; Сб: 08:00-22:00; Вс: 08:00-22:00,+03:00,4.7,58,88005502719,,,,,,http://miratorg.ru/super,http://t.me/+Y3RA1ifcI7RhNDNi,,,,,,,,,,,https://vk.com/supermarketmiratorg,,,,,,,,,https://t.me/+Y3RA1ifcI7RhNDNi,,,,,,,,,70000001037596100,55.543636,37.487409,4504235321549961,,,97,4504136499896740,Мираторг,супермаркет,Супермаркеты,mart,1,10,2026-07-04T20:56:42Z,,0,32,https://2gis.com/firm/70000001037596100,branch,241,https://2gis.ru/moscow/search/Супермаркеты/rubricId/350/filters/district_id=4504209520926899
Пятёрочка,супермаркет,Супермаркеты,"160 квартал, 1в к4",,108814,,Коммунарка,Москва,,Москва,Россия,Пн: 09:00-22:00; Вт: 09:00-22:00; Ср: 09:00-22:00; Чт: 09:00-22:00; Пт: 09:00-22:00; Сб: 09:00-22:00; Вс: 09:00-22:00,+03:00,,,88007700400,,,info@x5.ru,,,http://5ka.ru/catalog?utm_source=2gis&utm_medium=cpm&utm_campaign=000161-17_igronik_media_5ka_promo_04_2026%7Cformat_banner%7Ctype_banner&utm_content=%7Ccreo_1&utm_term,http://max.ru/tspyaterochka,,,,,https://twitter.com/pyaterochka,,,,,,https://vk.com/pyaterochka_shop,,,,,,,,,,,,,,,,,,70000001115618075,55.553259,37.47397,70030076552378789,,,3347,4504136498316193,Пятёрочка,супермаркет,Супермаркеты,mart,1,1,2026-07-01T05:28:54Z,,0,32,https://2gis.com/firm/70000001115618075,branch,241,https://2gis.ru/moscow/search/Супермаркеты/rubricId/350/filters/district_id=4504209520926899
Заряд,супермаркет,Супермаркеты,"Прокшинский проспект, 5",,108802,,Коммунарка,Москва,,Москва,Россия,Пн: 09:00-22:00; Вт: 09:00-22:00; Ср: 09:00-22:00; Чт: 09:00-22:00; Пт: 09:00-22:00; Сб: 09:00-22:00; Вс: 09:00-22:00,+03:00,5.0,1,88002005348,,,,,,http://magnit.ru/?utm_medium=&utm_campaign=_MM_Geoprioritety_-&utm_content=main&utm_term=,,,,,,,,,,,,https://vk.com/magnitretail,,,,,,,,,,,,,,,,,,70000001109647569,55.592033,37.429937,70030076455864545,,,47,70000001103711678,Заряд,супермаркет,Супермаркеты,mart,1,7,2026-04-15T09:04:05Z,,0,32,https://2gis.com/firm/70000001109647569,branch,241,https://2gis.ru/moscow/search/Супермаркеты/rubricId/350/filters/district_id=4504209520926899
Чижик,супермаркет,Супермаркеты,"Скандинавский бульвар, 17",1 этаж,108834,,Коммунарка,,,Москва,Россия,Пн: 09:00-21:00; Вт: 09:00-21:00; Ср: 09:00-21:00; Чт: 09:00-21:00; Пт: 09:00-21:00; Сб: 09:00-21:00; Вс: 09:00-21:00,+03:00,4.8,47,84992702713,,,112@chizhik.club,,,http://chizhik.club/?utm_campaign=HDC1&utm_medium=maps&utm_source=2gis,,,,,,,,,,,,https://vk.com/chizhik.club,,,,,,,,,,,,,,,,,,70000001065669872,55.557962,37.511034,70030076199557382,,,613,70000001046125844,Чижик,супермаркет,Супермаркеты,mart,1,4,2026-07-05T12:25:08Z,,0,32,https://2gis.com/firm/70000001065669872,branch,241,https://2gis.ru/moscow/search/Супермаркеты/rubricId/350/filters/district_id=4504209520926899
ВкусВилл,супермаркет,Супермаркеты; Доставка продуктов,"улица Александры Монаховой, 84 к2",,108826,,Коммунарка,,,Москва,Россия,Пн: 08:00-22:00; Вт: 08:00-22:00; Ср: 08:00-22:00; Чт: 08:00-22:00; Пт: 08:00-22:00; Сб: 08:00-22:00; Вс: 08:00-22:00,+03:00,4.6,25,89256602219,,,,,,http://vkusvill.ru/goods/?utm_source=2gis&utm_medium=maps&utm_campaign=glavnaya&deep_link_value=https%3A%2F%2Fvkusvill.ru%2Fmobile%3Fcatalog%2F&af_dp=vkusvill%3A%2F%2F&c=glavnaya&shortlink=5ca647b8&source_,http://max.ru/vkusvill_ru,,,,,,,,,,,https://vk.com/vkusvill_ru,,,,,,,,,https://t.me/we_are_vkusvill,,,,,,,,,70000001060702281,55.545306,37.484656,70030076165560171,,,1420,4504137598285175,ВкусВилл,супермаркет,Супермаркеты,mart,2,14,2026-06-28T05:22:44Z,,0,32,https://2gis.com/firm/70000001060702281,branch,241,https://2gis.ru/moscow/search/Супермаркеты/rubricId/350/filters/district_id=4504209520926899
Дикси,супермаркет,Супермаркеты,"Скандинавский бульвар, 8",1 этаж,108801,,Коммунарка,,,Москва,Россия,Пн: 08:00-23:00; Вт: 08:00-23:00; Ср: 08:00-23:00; Чт: 08:00-23:00; Пт: 08:00-23:00; Сб: 08:00-23:00; Вс: 08:00-23:00,+03:00,4.4,43,88001011001,,,,,,http://dixy.ru,,,,,,,,,,,,https://vk.com/dixyclub,,,,,,,,,https://t.me/dixy_russia,,,https://youtube.com/user/dixychannel,,,,,,70000001047733981,55.565512,37.498612,70030076149067210,,,1418,4504136498313374,Дикси,супермаркет,Супермаркеты,mart,1,8,2026-06-25T04:05:56Z,,0,32,https://2gis.com/firm/70000001047733981,branch,241,https://2gis.ru/moscow/search/Супермаркеты/rubricId/350/filters/district_id=4504209520926899
Магнит,супермаркет,Супермаркеты,"улица Александры Монаховой, 88 к2",,108826,,Коммунарка,,,Москва,Россия,Пн: 08:00-23:00; Вт: 08:00-23:00; Ср: 08:00-23:00; Чт: 08:00-23:00; Пт: 08:00-23:00; Сб: 08:00-23:00; Вс: 08:00-23:00,+03:00,4.0,35,88002009002 (единая справочная: пн-вс 6:00-00:00),,,info@magnit.ru,,,http://magnit.ru/?utm_source=_geopriority_&utm_medium=&utm_campaign=_MM_Geoprioritety_-&utm_content=main&utm_term=,,,,,,,,,,,,https://vk.com/magnitretail,,,,,,,,,https://t.me/magnit_retail,,,,,,,,,70000001033507551,55.543667,37.485788,70030076126464579,,,1562,4504137598701571,Магнит,супермаркет,Супермаркеты,mart,1,11,2026-07-02T13:04:36Z,,0,32,https://2gis.com/firm/70000001033507551,branch,241,https://2gis.ru/moscow/search/Супермаркеты/rubricId/350/filters/district_id=4504209520926899
Пятёрочка,супермаркет,Супермаркеты,"улица Эдварда Грига, 14",1 этаж,108834,,Коммунарка,Москва,,Москва,Россия,Пн: 09:00-23:00; Вт: 09:00-23:00; Ср: 09:00-23:00; Чт: 09:00-23:00; Пт: 09:00-23:00; Сб: 09:00-23:00; Вс: 09:00-23:00,+03:00,4.2,9,88007700400,,,info@x5.ru,,,http://5ka.ru/catalog?utm_source=2gis&utm_medium=cpm&utm_campaign=000161-17_igronik_media_5ka_promo_04_2026%7Cformat_banner%7Ctype_banner&utm_content=%7Ccreo_1&utm_term,http://max.ru/tspyaterochka,,,,,https://twitter.com/pyaterochka,,,,,,https://vk.com/pyaterochka_shop,,,,,,,,,,,,,,,,,,70000001082647853,55.553882,37.500948,70030076306972404,,,3347,4504136498316193,Пятёрочка,супермаркет,Супермаркеты,mart,1,11,2026-06-22T08:07:48Z,,0,32,https://2gis.com/firm/70000001082647853,branch,241,https://2gis.ru/moscow/search/Супермаркеты/rubricId/350/filters/district_id=4504209520926899
Магнит,супермаркет,Супермаркеты,"улица Александры Монаховой, 85 к2",,108826,,Коммунарка,,,Москва,Россия,Пн: 08:00-22:00; Вт: 08:00-22:00; Ср: 08:00-22:00; Чт: 08:00-22:00; Пт: 08:00-22:00; Сб: 08:00-22:00; Вс: 08:00-22:00,+03:00,4.2,2,88002009002 (единая справочная: пн-вс 6:00-00:00),,,info@magnit.ru,,,http://magnit.ru/?utm_source=_geopriority_&utm_medium=&utm_campaign=_MM_Geoprioritety_-&utm_content=main&utm_term=,,,,,,,,,,,,https://vk.com/magnitretail,,,,,,,,,https://t.me/magnit_retail,,,,,,,,,70000001098953842,55.549984,37.490034,70030076255278007,,,1562,4504137598701571,Магнит,супермаркет,Супермаркеты,mart,1,9,2026-07-02T13:04:39Z,,0,32,https://2gis.com/firm/70000001098953842,branch,241,https://2gis.ru/moscow/search/Супермаркеты/rubricId/350/filters/district_id=4504209520926899
Mindal,супермаркет,Супермаркеты,"Саларьевская улица, 10 к2",,108811,,Коммунарка,Москва,,Москва,Россия,Пн: 09:00-23:00; Вт: 09:00-23:00; Ср: 09:00-23:00; Чт: 09:00-23:00; Пт: 09:00-23:00; Сб: 09:00-23:00; Вс: 09:00-23:00,+03:00,4.7,21,89267086000,,,,,,,,,,,,,,,,,,,,,,,,,,,,,,,,,,,,70000001061531799,55.618456,37.412939,70030076129879577,,,1,70000001061531798,Mindal,супермаркет,Супермаркеты,mart,1,4,2025-12-18T09:15:15Z,,0,32,https://2gis.com/firm/70000001061531799,branch,241,https://2gis.ru/moscow/search/Супермаркеты/rubricId/350/filters/district_id=4504209520926899
Мираторг,супермаркет,Супермаркеты,"Калужское шоссе 22 километр, 10",27 линия; 1 этаж,108802,,Коммунарка,Москва,,Москва,Россия,Пн: 06:00-20:00; Вт: 06:00-20:00; Ср: 06:00-20:00; Чт: 06:00-20:00; Пт: 06:00-20:00; Сб: 06:00-20:00; Вс: 06:00-20:00,+03:00,4.2,12,88005502719,,,,,,http://miratorg.ru/super,http://t.me/+Y3RA1ifcI7RhNDNi,,,,,,,,,,,https://vk.com/supermarketmiratorg,,,,,,,,,https://t.me/+Y3RA1ifcI7RhNDNi,,,,,,,,,70000001047144608,55.601834,37.466737,4504235283119276,ФУД СИТИ,70030076482998368,97,4504136499896740,Мираторг,супермаркет,Супермаркеты,mart,1,6,2026-07-04T20:53:09Z,,0,32,https://2gis.com/firm/70000001047144608,branch,241,https://2gis.ru/moscow/search/Супермаркеты/rubricId/350/filters/district_id=4504209520926899
Дикси,супермаркет,Супермаркеты,"Фитарёвская улица, 6",1 этаж,108801,,Коммунарка,,,Москва,Россия,Пн: 08:00-23:00; Вт: 08:00-23:00; Ср: 08:00-23:00; Чт: 08:00-23:00; Пт: 08:00-23:00; Сб: 08:00-23:00; Вс: 08:00-23:00,+03:00,3.8,10,88001011001,,,,,,http://dixy.ru,,,,,,,,,,,,https://vk.com/dixyclub,,,,,,,,,https://t.me/dixy_russia,,,https://youtube.com/user/dixychannel,,,,,,70000001092836783,55.570588,37.485521,70030076198182332,,,1418,4504136498313374,Дикси,супермаркет,Супермаркеты,mart,1,9,2026-06-25T04:05:57Z,,0,32,https://2gis.com/firm/70000001092836783,branch,241,https://2gis.ru/moscow/search/Супермаркеты/rubricId/350/filters/district_id=4504209520926899
Мираторг,супермаркет,Супермаркеты,"улица Александры Монаховой, 92 к1",,108826,,Коммунарка,,,Москва,Россия,Пн: 08:00-23:00; Вт: 08:00-23:00; Ср: 08:00-23:00; Чт: 08:00-23:00; Пт: 08:00-23:00; Сб: 08:00-22:00; Вс: 08:00-22:00,+03:00,4.7,58,88005502719,,,,,,http://miratorg.ru/super,http://t.me/+Y3RA1ifcI7RhNDNi,,,,,,,,,,,https://vk.com/supermarketmiratorg,,,,,,,,,https://t.me/+Y3RA1ifcI7RhNDNi,,,,,,,,,70000001037596100,55.543636,37.487409,4504235321549961,,,97,4504136499896740,Мираторг,супермаркет,Супермаркеты,mart,1,10,2026-07-04T20:56:42Z,,0,32,https://2gis.com/firm/70000001037596100,branch,241,https://2gis.ru/moscow/search/Супермаркеты/rubricId/350/filters/district_id=4504209520926899
Чижик,супермаркет,Супермаркеты,"Скандинавский бульвар, 17",1 этаж,108834,,Коммунарка,,,Москва,Россия,Пн: 09:00-21:00; Вт: 09:00-21:00; Ср: 09:00-21:00; Чт: 09:00-21:00; Пт: 09:00-21:00; Сб: 09:00-21:00; Вс: 09:00-21:00,+03:00,4.8,47,84992702713,,,112@chizhik.club,,,http://chizhik.club/?utm_campaign=HDC1&utm_medium=maps&utm_source=2gis,,,,,,,,,,,,https://vk.com/chizhik.club,,,,,,,,,,,,,,,,,,70000001065669872,55.557962,37.511034,70030076199557382,,,613,70000001046125844,Чижик,супермаркет,Супермаркеты,mart,1,4,2026-07-05T12:25:08Z,,0,32,https://2gis.com/firm/70000001065669872,branch,241,https://2gis.ru/moscow/search/Супермаркеты/rubricId/350/filters/district_id=4504209520926899
Москвичка-маркет,,Супермаркеты,"бульвар Веласкеса, 5 к5",1 этаж,108802,,Коммунарка,Москва,,Москва,Россия,Пн: 00:00-24:00; Вт: 00:00-24:00; Ср: 00:00-24:00; Чт: 00:00-24:00; Пт: 00:00-24:00; Сб: 00:00-24:00; Вс: 00:00-24:00,+03:00,4.7,20,89773793277,,,,,,,,,,,,,,,,,,,,,https://wa.me/79773793277,,,,,,,,,,,,,,,70000001052116762,55.594132,37.457687,4504235325436168,,,2,70000001052116761,Москвичка-маркет,,Супермаркеты,mart,1,5,2025-11-07T13:36:36Z,,0,32,https://2gis.com/firm/70000001052116762,branch,241,https://2gis.ru/moscow/search/Супермаркеты/rubricId/350/filters/district_id=4504209520926899
Магнит,супермаркет,Супермаркеты,"160 квартал, 1в к1",,108814,,Коммунарка,Москва,,Москва,Россия,Пн: 08:00-23:00; Вт: 08:00-23:00; Ср: 08:00-23:00; Чт: 08:00-23:00; Пт: 08:00-23:00; Сб: 08:00-23:00; Вс: 08:00-23:00,+03:00,3.9,4,88002009002 (единая справочная: пн-вс 6:00-00:00),,,info@magnit.ru,,,http://magnit.ru/?utm_source=_geopriority_&utm_medium=&utm_campaign=_MM_Geoprioritety_-&utm_content=main&utm_term=,,,,,,,,,,,,https://vk.com/magnitretail,,,,,,,,,https://t.me/magnit_retail,,,,,,,,,70000001104295239,55.553168,37.47651,70030076478609950,,,1562,4504137598701571,Магнит,супермаркет,Супермаркеты,mart,1,11,2026-07-03T02:11:13Z,,0,32,https://2gis.com/firm/70000001104295239,branch,241,https://2gis.ru/moscow/search/Супермаркеты/rubricId/350/filters/district_id=4504209520926899
Чижик,супермаркет,Супермаркеты,"Скандинавский бульвар, 5 к3",1 этаж,108801,,Коммунарка,,,Москва,Россия,Пн: 09:00-21:00; Вт: 09:00-21:00; Ср: 09:00-21:00; Чт: 09:00-21:00; Пт: 09:00-21:00; Сб: 09:00-21:00; Вс: 09:00-21:00,+03:00,4.8,105,84992702713,,,112@chizhik.club,,,http://chizhik.club/?utm_campaign=HA5Z&utm_medium=maps&utm_source=2gis,,,,,,,,,,,,https://vk.com/chizhik.club,,,,,,,,,,,,,,,,,,70000001057000902,55.565729,37.501302,70030076173520426,,,613,70000001046125844,Чижик,супермаркет,Супермаркеты,mart,1,5,2026-07-05T12:25:38Z,,0,32,https://2gis.com/firm/70000001057000902,branch,241,https://2gis.ru/moscow/search/Супермаркеты/rubricId/350/filters/district_id=4504209520926899
Колхоз,минимаркет,Супермаркеты,"бульвар Веласкеса, 5 к2",1 этаж,108802,,Коммунарка,Москва,,Москва,Россия,Пн: 09:00-22:00; Вт: 09:00-22:00; Ср: 09:00-22:00; Чт: 09:00-22:00; Пт: 09:00-22:00; Сб: 09:00-22:00; Вс: 09:00-22:00,+03:00,4.8,5,,,,,,,,,,,,,,,,,,,,,,,,,,,,,,,,,,,,,70000001065501401,55.593203,37.458236,4504235325436192,,,1,70000001065501400,Колхоз,минимаркет,Супермаркеты,mart,1,5,2026-03-25T17:19:43Z,,0,32,https://2gis.com/firm/70000001065501401,branch,241,https://2gis.ru/moscow/search/Супермаркеты/rubricId/350/filters/district_id=4504209520926899
Пятёрочка,супермаркет,Супермаркеты; Доставка продуктов,"Куприна проспект, 24 к3",,108826,,Коммунарка,Москва,,Москва,Россия,Пн: 09:00-23:00; Вт: 09:00-23:00; Ср: 09:00-23:00; Чт: 09:00-23:00; Пт: 09:00-23:00; Сб: 09:00-23:00; Вс: 09:00-23:00,+03:00,4.5,23,88007700400,,,info@x5.ru,,,http://5ka.ru/catalog?utm_source=2gis&utm_medium=cpm&utm_campaign=000161-17_igronik_media_5ka_promo_04_2026%7Cformat_banner%7Ctype_banner&utm_content=%7Ccreo_1&utm_term,http://max.ru/tspyaterochka,,,,,https://twitter.com/pyaterochka,,,,,,https://vk.com/pyaterochka_shop,,,,,,,,,,,,,,,,,,70000001064274101,55.543863,37.477773,70030076194800725,,,3347,4504136498316193,Пятёрочка,супермаркет,Супермаркеты,mart,2,10,2025-04-04T12:50:12Z,,0,32,https://2gis.com/firm/70000001064274101,branch,241,https://2gis.ru/moscow/search/Супермаркеты/rubricId/350/filters/district_id=4504209520926899
Пятёрочка,супермаркет,Супермаркеты; Доставка продуктов,"улица Пикассо, 1",,108802,,Коммунарка,Москва,,Москва,Россия,Пн: 09:30-23:00; Вт: 09:30-23:00; Ср: 09:30-23:00; Чт: 09:30-23:00; Пт: 09:30-23:00; Сб: 09:30-23:00; Вс: 09:30-23:00,+03:00,,,88007700400,,,info@x5.ru,,,http://5ka.ru/catalog?utm_source=2gis&utm_medium=cpm&utm_campaign=000161-17_igronik_media_5ka_promo_04_2026%7Cformat_banner%7Ctype_banner&utm_content=%7Ccreo_1&utm_term,http://max.ru/tspyaterochka,,,,,https://twitter.com/pyaterochka,,,,,,https://vk.com/pyaterochka_shop,,,,,,,,,,,,,,,,,,70000001109916236,55.5897,37.448607,70030076647284652,,,3347,4504136498316193,Пятёрочка,супермаркет,Супермаркеты,mart,2,11,2026-06-22T08:06:58Z,,0,32,https://2gis.com/firm/70000001109916236,branch,241,https://2gis.ru/moscow/search/Супермаркеты/rubricId/350/filters/district_id=4504209520926899
Фасоль,минимаркет,Супермаркеты,"Саларьевская улица, 9",1 этаж; около 1 подъезда,108811,,Коммунарка,Москва,,Москва,Россия,Пн: 08:00-23:00; Вт: 08:00-23:00; Ср: 08:00-23:00; Чт: 08:00-23:00; Пт: 08:00-23:00; Сб: 08:00-23:00; Вс: 08:00-23:00,+03:00,3.2,7,88007001077 (единая справочная),,,,,,http://myfasol.ru,,,,,,,,,,,,,,,,,,,,,,,,,,,,,,70000001055048059,55.616903,37.416027,70030076160148748,,,132,4504137598352375,Фасоль,минимаркет,Супермаркеты,mart,1,5,2026-07-05T13:19:33Z,,0,32,https://2gis.com/firm/70000001055048059,branch,241,https://2gis.ru/moscow/search/Супермаркеты/rubricId/350/filters/district_id=4504209520926899
Пятёрочка,супермаркет,Супермаркеты; Доставка продуктов,"улица Липовый парк, 4 к1",1 этаж,108801,,Коммунарка,,,Москва,Россия,Пн: 08:00-22:00; Вт: 08:00-22:00; Ср: 08:00-22:00; Чт: 08:00-22:00; Пт: 08:00-22:00; Сб: 08:00-22:00; Вс: 08:00-22:00,+03:00,3.9,22,88007700400,,,info@x5.ru,,,http://5ka.ru/catalog?utm_source=2gis&utm_medium=cpm&utm_campaign=000161-17_igronik_media_5ka_promo_04_2026%7Cformat_banner%7Ctype_banner&utm_content=%7Ccreo_1&utm_term,http://max.ru/tspyaterochka,,,,,https://twitter.com/pyaterochka,,,,,,https://vk.com/pyaterochka_shop,,,,,,,,,,,,,,,,,,70000001023198220,55.570384,37.492059,4504235283172466,,,3347,4504136498316193,Пятёрочка,супермаркет,Супермаркеты,mart,2,13,2026-06-22T08:06:35Z,,0,32,https://2gis.com/firm/70000001023198220,branch,241,https://2gis.ru/moscow/search/Супермаркеты/rubricId/350/filters/district_id=4504209520926899
Пятёрочка,супермаркет,Супермаркеты,"улица Василия Ощепкова, 3",,108814,,Коммунарка,Москва,,Москва,Россия,Пн: 09:00-22:00; Вт: 09:00-22:00; Ср: 09:00-22:00; Чт: 09:00-22:00; Пт: 09:00-22:00; Сб: 09:00-22:00; Вс: 09:00-22:00,+03:00,1.4,5,88007700400,,,info@x5.ru,,,http://5ka.ru/catalog?utm_source=2gis&utm_medium=cpm&utm_campaign=000161-17_igronik_media_5ka_promo_04_2026%7Cformat_banner%7Ctype_banner&utm_content=%7Ccreo_1&utm_term,http://max.ru/tspyaterochka,,,,,https://twitter.com/pyaterochka,,,,,,https://vk.com/pyaterochka_shop,,,,,,,,,,,,,,,,,,70000001100859947,55.555012,37.464734,70030076170424511,,,3347,4504136498316193,Пятёрочка,супермаркет,Супермаркеты,mart,1,14,2026-06-22T08:06:52Z,,0,32,https://2gis.com/firm/70000001100859947,branch,241,https://2gis.ru/moscow/search/Супермаркеты/rubricId/350/filters/district_id=4504209520926899
Экопрод,минимаркет,Супермаркеты,"посёлок Завода Мосрентген, 88ю",1 этаж,142704,,Коммунарка,,,Москва,Россия,Пн: 09:00-21:00; Вт: 09:00-21:00; Ср: 09:00-21:00; Чт: 09:00-21:00; Пт: 09:00-21:00; Сб: 09:00-21:00; Вс: 09:00-21:00,+03:00,,,,,,,,,,,,,,,,,,,,,,,,,,,,,,,,,,,,,,,70000001058904452,55.604943,37.482856,4504235283048084,,,1,70000001058904451,Экопрод,минимаркет,Супермаркеты,mart,1,3,2026-04-16T09:42:32Z,,0,32,https://2gis.com/firm/70000001058904452,branch,241,https://2gis.ru/moscow/search/Супермаркеты/rubricId/350/filters/district_id=4504209520926899
Дикси,супермаркет,Супермаркеты,"Фитарёвская улица, 6",1 этаж,108801,,Коммунарка,,,Москва,Россия,Пн: 08:00-23:00; Вт: 08:00-23:00; Ср: 08:00-23:00; Чт: 08:00-23:00; Пт: 08:00-23:00; Сб: 08:00-23:00; Вс: 08:00-23:00,+03:00,3.8,10,88001011001,,,,,,http://dixy.ru,,,,,,,,,,,,https://vk.com/dixyclub,,,,,,,,,https://t.me/dixy_russia,,,https://youtube.com/user/dixychannel,,,,,,70000001092836783,55.570588,37.485521,70030076198182332,,,1418,4504136498313374,Дикси,супермаркет,Супермаркеты,mart,1,9,2026-06-25T04:05:57Z,,0,32,https://2gis.com/firm/70000001092836783,branch,241,https://2gis.ru/moscow/search/Супермаркеты/rubricId/350/filters/district_id=4504209520926899
Мини-маркет,,Супермаркеты,"деревня Мамыри, 4",1 этаж,142704,,Коммунарка,Москва,,Москва,Россия,Пн: 00:00-24:00; Вт: 00:00-24:00; Ср: 00:00-24:00; Чт: 00:00-24:00; Пт: 00:00-24:00; Сб: 00:00-24:00; Вс: 00:00-24:00,+03:00,,,,,,,,,,,,,,,,,,,,,,,,,,,,,,,,,,,,,,,70000001062722717,55.601176,37.481085,70030076187789924,,,1,70000001062722716,Мини-маркет,Мини-маркет,Супермаркеты,mart,1,4,2026-04-06T13:28:15Z,,0,32,https://2gis.com/firm/70000001062722717,branch,241,https://2gis.ru/moscow/search/Супермаркеты/rubricId/350/filters/district_id=4504209520926899
Чижик,супермаркет,Супермаркеты,"Скандинавский бульвар, 5 к3",1 этаж,108801,,Коммунарка,,,Москва,Россия,Пн: 09:00-21:00; Вт: 09:00-21:00; Ср: 09:00-21:00; Чт: 09:00-21:00; Пт: 09:00-21:00; Сб: 09:00-21:00; Вс: 09:00-21:00,+03:00,4.8,105,84992702713,,,112@chizhik.club,,,http://chizhik.club/?utm_campaign=HA5Z&utm_medium=maps&utm_source=2gis,,,,,,,,,,,,https://vk.com/chizhik.club,,,,,,,,,,,,,,,,,,70000001057000902,55.565729,37.501302,70030076173520426,,,613,70000001046125844,Чижик,супермаркет,Супермаркеты,mart,1,5,2026-07-05T12:25:38Z,,0,32,https://2gis.com/firm/70000001057000902,branch,241,https://2gis.ru/moscow/search/Супермаркеты/rubricId/350/filters/district_id=4504209520926899
Чижик,супермаркет,Супермаркеты,"Скандинавский бульвар, 17",1 этаж,108834,,Коммунарка,,,Москва,Россия,Пн: 09:00-21:00; Вт: 09:00-21:00; Ср: 09:00-21:00; Чт: 09:00-21:00; Пт: 09:00-21:00; Сб: 09:00-21:00; Вс: 09:00-21:00,+03:00,4.8,47,84992702713,,,112@chizhik.club,,,http://chizhik.club/?utm_campaign=HDC1&utm_medium=maps&utm_source=2gis,,,,,,,,,,,,https://vk.com/chizhik.club,,,,,,,,,,,,,,,,,,70000001065669872,55.557962,37.511034,70030076199557382,,,613,70000001046125844,Чижик,супермаркет,Супермаркеты,mart,1,4,2026-07-05T12:25:08Z,,0,32,https://2gis.com/firm/70000001065669872,branch,241,https://2gis.ru/moscow/search/Супермаркеты/rubricId/350/filters/district_id=4504209520926899
Минимаркет,,Супермаркеты,"МКАД 42 километр, 1 ст1",38 павильон; 1 этаж,142704,,Коммунарка,Москва,,Москва,Россия,Пн: 08:00-20:00; Вт: 08:00-20:00; Ср: 08:00-20:00; Чт: 08:00-20:00; Пт: 08:00-20:00; Сб: 08:00-20:00; Вс: 08:00-20:00,+03:00,,,,,,,,,,,,,,,,,,,,,,,,,,,,,,,,,,,,,,,70000001101461588,55.612401,37.486961,4504235282831080,,,1,70000001101461587,Минимаркет,Минимаркет,Супермаркеты,mart,1,6,2026-04-13T12:22:04Z,,0,32,https://2gis.com/firm/70000001101461588,branch,241,https://2gis.ru/moscow/search/Супермаркеты/rubricId/350/filters/district_id=4504209520926899
Дикси,супермаркет,Супермаркеты; Доставка продуктов,"улица Александры Монаховой, 97 ст1",,108826,,Коммунарка,,,Москва,Россия,Пн: 08:00-23:00; Вт: 08:00-23:00; Ср: 08:00-23:00; Чт: 08:00-23:00; Пт: 08:00-23:00; Сб: 08:00-23:00; Вс: 08:00-23:00,+03:00,4.2,82,88001011001,,,,,,http://dixy.ru,,,,,,,,,,,,https://vk.com/dixyclub,,,,,,,,,https://t.me/dixy_russia,,,https://youtube.com/user/dixychannel,,,,,,70000001022666322,55.540549,37.491121,70030076170243564,,,1418,4504136498313374,Дикси,супермаркет,Супермаркеты,mart,2,7,2026-06-25T04:05:58Z,,0,32,https://2gis.com/firm/70000001022666322,branch,241,https://2gis.ru/moscow/search/Супермаркеты/rubricId/350/filters/district_id=4504209520926899
Дикси,супермаркет,Супермаркеты,"улица Липовый парк, 6а",1 этаж,108801,,Коммунарка,,,Москва,Россия,Пн: 08:00-23:00; Вт: 08:00-23:00; Ср: 08:00-23:00; Чт: 08:00-23:00; Пт: 08:00-23:00; Сб: 08:00-23:00; Вс: 08:00-23:00,+03:00,4.5,66,88001011001,,,,,,http://dixy.ru,,,,,,,,,,,,https://vk.com/dixyclub,,,,,,,,,https://t.me/dixy_russia,,,https://youtube.com/user/dixychannel,,,,,,70000001022404033,55.56996,37.489168,4504235315180917,,,1418,4504136498313374,Дикси,супермаркет,Супермаркеты,mart,1,9,2026-06-25T04:05:54Z,,0,32,https://2gis.com/firm/70000001022404033,branch,241,https://2gis.ru/moscow/search/Супермаркеты/rubricId/350/filters/district_id=4504209520926899
ВкусВилл,супермаркет,Супермаркеты; Кулинарии; Доставка продуктов; Доставка еды,"Бачуринская улица, 9а к1",1 этаж,108814,,Коммунарка,,,Москва,Россия,Пн: 09:00-22:00; Вт: 09:00-22:00; Ср: 09:00-22:00; Чт: 09:00-22:00; Пт: 09:00-22:00; Сб: 09:00-22:00; Вс: 09:00-22:00,+03:00,4.6,11,89256602684,,,,,,http://vkusvill.ru/goods/?utm_source=2gis&utm_medium=maps&utm_campaign=glavnaya&deep_link_value=https%3A%2F%2Fvkusvill.ru%2Fmobile%3Fcatalog%2F&af_dp=vkusvill%3A%2F%2F&c=glavnaya&shortlink=5ca647b8&source_,http://max.ru/vkusvill_ru,,,,,,,,,,,https://vk.com/vkusvill_ru,,,,,,,,,https://t.me/we_are_vkusvill,,,,,,,,,70000001064309270,55.579056,37.481187,70030076177705924,,,1420,4504137598285175,ВкусВилл,супермаркет,Супермаркеты,mart,4,19,2026-06-28T05:22:38Z,,0,32,https://2gis.com/firm/70000001064309270,branch,241,https://2gis.ru/moscow/search/Супермаркеты/rubricId/350/filters/district_id=4504209520926899
ВкусВилл,супермаркет,Супермаркеты; Доставка продуктов; Доставка еды,"улица Василия Ощепкова, 6",1 этаж,108814,,Коммунарка,Москва,,Москва,Россия,Пн: 09:00-22:00; Вт: 09:00-22:00; Ср: 09:00-22:00; Чт: 09:00-22:00; Пт: 09:00-22:00; Сб: 09:00-22:00; Вс: 09:00-22:00,+03:00,4.3,9,89269510285,,,,,,http://vkusvill.ru/goods/?utm_source=2gis&utm_medium=maps&utm_campaign=glavnaya&deep_link_value=https%3A%2F%2Fvkusvill.ru%2Fmobile%3Fcatalog%2F&af_dp=vkusvill%3A%2F%2F&c=glavnaya&shortlink=5ca647b8&source_,http://max.ru/vkusvill_ru,,,,,,,,,,,https://vk.com/vkusvill_ru,,,,,,,,,https://t.me/we_are_vkusvill,,,,,,,,,70000001051482182,55.555364,37.467667,70030076130692762,,,1420,4504137598285175,ВкусВилл,супермаркет,Супермаркеты,mart,3,10,2026-06-28T05:22:32Z,,0,32,https://2gis.com/firm/70000001051482182,branch,241,https://2gis.ru/moscow/search/Супермаркеты/rubricId/350/filters/district_id=4504209520926899
Магнит,супермаркет,Супермаркеты,"Куприна проспект, 7 к2",,117041,,Коммунарка,Москва,,Москва,Россия,Пн: 08:00-23:00; Вт: 08:00-23:00; Ср: 08:00-23:00; Чт: 08:00-23:00; Пт: 08:00-23:00; Сб: 08:00-23:00; Вс: 08:00-23:00,+03:00,1.7,1,88002009002 (единая справочная: пн-вс 6:00-00:00),,,info@magnit.ru,,,http://magnit.ru/?utm_source=_geopriority_&utm_medium=&utm_campaign=_MM_Geoprioritety_-&utm_content=main&utm_term=,,,,,,,,,,,,https://vk.com/magnitretail,,,,,,,,,https://t.me/magnit_retail,,,,,,,,,70000001110794114,55.5415,37.478101,70030076466897184,,,1562,4504137598701571,Магнит,супермаркет,Супермаркеты,mart,1,11,2026-01-19T14:22:23Z,,0,32,https://2gis.com/firm/70000001110794114,branch,241,https://2gis.ru/moscow/search/Супермаркеты/rubricId/350/filters/district_id=4504209520926899
Заряд,супермаркет,Супермаркеты,"улица Александры Монаховой, 89 к1",,108826,,Коммунарка,,,Москва,Россия,Пн: 07:00-23:00; Вт: 07:00-23:00; Ср: 07:00-23:00; Чт: 07:00-23:00; Пт: 07:00-23:00; Сб: 08:00-23:00; Вс: 08:00-23:00,+03:00,5.0,1,88002005348,,,,,,http://magnit.ru/?utm_medium=&utm_campaign=_MM_Geoprioritety_-&utm_content=main&utm_term=,,,,,,,,,,,,https://vk.com/magnitretail,,,,,,,,,,,,,,,,,,70000001109646382,55.54816,37.487067,70030076210441233,,,47,70000001103711678,Заряд,супермаркет,Супермаркеты,mart,1,7,2025-11-19T12:08:39Z,,0,32,https://2gis.com/firm/70000001109646382,branch,241,https://2gis.ru/moscow/search/Супермаркеты/rubricId/350/filters/district_id=4504209520926899
Магнит,супермаркет,Супермаркеты,"Куприна проспект, 36 к2",1 этаж,108803,,Коммунарка,Москва,,Москва,Россия,Пн: 08:00-22:00; Вт: 08:00-22:00; Ср: 08:00-22:00; Чт: 08:00-22:00; Пт: 08:00-22:00; Сб: 08:00-22:00; Вс: 08:00-22:00,+03:00,4.6,37,88002009002 (единая справочная: пн-вс 6:00-00:00),,,info@magnit.ru,,,http://magnit.ru/?utm_source=_geopriority_&utm_medium=&utm_campaign=_MM_Geoprioritety_-&utm_content=main&utm_term=,,,,,,,,,,,,https://vk.com/magnitretail,,,,,,,,,https://t.me/magnit_retail,,,,,,,,,70000001061798110,55.541987,37.45525,70030076190423635,,,1562,4504137598701571,Магнит,супермаркет,Супермаркеты,mart,1,9,2026-07-02T13:00:46Z,,0,32,https://2gis.com/firm/70000001061798110,branch,241,https://2gis.ru/moscow/search/Супермаркеты/rubricId/350/filters/district_id=4504209520926899
ВкусВилл,супермаркет,Супермаркеты; Доставка продуктов; Доставка еды; Кулинарии,"Магеллана проспект, 2",1 этаж,108802,,Коммунарка,Москва,,Москва,Россия,Пн: 09:00-22:00; Вт: 09:00-22:00; Ср: 09:00-22:00; Чт: 09:00-22:00; Пт: 09:00-22:00; Сб: 09:00-22:00; Вс: 09:00-22:00,+03:00,4.9,11,88005508602,89366224615,89267167963,,,,http://vkusvill.ru/goods/?utm_source=2gis&utm_medium=maps&utm_campaign=glavnaya&deep_link_value=https%3A%2F%2Fvkusvill.ru%2Fmobile%3Fcatalog%2F&af_dp=vkusvill%3A%2F%2F&c=glavnaya&shortlink=5ca647b8&source_,http://max.ru/vkusvill_ru,,,,,,,,,,,https://vk.com/vkusvill_ru,,,,,,,,,https://t.me/we_are_vkusvill,,,https://youtube.com/channel/UC8f84TEqxTcS6LGv9Lbi8uw,,,,,,70000001078540296,55.59112,37.446453,70030076166059409,,,1420,4504137598285175,ВкусВилл,супермаркет,Супермаркеты,mart,4,19,2026-07-09T05:42:42Z,,0,32,https://2gis.com/firm/70000001078540296,branch,241,https://2gis.ru/moscow/search/Супермаркеты/rubricId/350/filters/district_id=4504209520926899
Первым делом,супермаркет,Супермаркеты,"улица Александры Монаховой, 84 к1",,108826,,Коммунарка,,,Москва,Россия,Пн: 09:00-23:00; Вт: 09:00-23:00; Ср: 09:00-23:00; Чт: 09:00-23:00; Пт: 09:00-23:00; Сб: 09:00-23:00; Вс: 09:00-23:00,+03:00,3.1,3,84952233337,89251999038,,,,,,,,,,,,,,,,,,,,,,,,,,,,,,,,,,,70000001057888415,55.54518,37.483416,70030076165560030,,,92,70000001025790117,Первым делом,минимаркет,Супермаркеты,mart,1,5,2025-11-23T16:21:05Z,,0,32,https://2gis.com/firm/70000001057888415,branch,241,https://2gis.ru/moscow/search/Супермаркеты/rubricId/350/filters/district_id=4504209520926899
М.Косметик,магазин косметики и бытовой химии,Супермаркеты,"Куприна проспект, 30 к1",1 этаж,108803,,Коммунарка,Москва,,Москва,Россия,Пн: 10:00-22:00; Вт: 10:00-22:00; Ср: 10:00-22:00; Чт: 10:00-22:00; Пт: 10:00-22:00; Сб: 10:00-22:00; Вс: 10:00-22:00,+03:00,4.0,4,88007006303 (горячая линия: пн-вс 7:00-23:00),88002009002 (горячая линия: пн-вс 7:00-23:00),,info@magnit.ru,,,http://cosmetic.magnit.ru/?utm_source=_geopriority_&utm_medium=&utm_campaign=_MK_Geoprioritety_-&utm_content=main&utm_term=,http://max.ru/magnitcosmeticofficial,,,,,,,,,,,https://vk.com/magnitcosmetic,,,,,,,,,https://t.me/Magnit_official_Bot,https://t.me/magnit_retail,,,,,,,,70000001093619970,55.540612,37.4599,70030076474589790,,,507,4504137598409011,М.Косметик,магазин косметики и бытовой химии,Супермаркеты,mart,1,3,2026-05-28T04:12:38Z,,0,32,https://2gis.com/firm/70000001093619970,branch,241,https://2gis.ru/moscow/search/Супермаркеты/rubricId/350/filters/district_id=4504209520926899
Дикси,супермаркет,Супермаркеты,"Куприна проспект, 11 к1",,117041,,Коммунарка,Москва,,Москва,Россия,Пн: 08:00-23:00; Вт: 08:00-23:00; Ср: 08:00-23:00; Чт: 08:00-23:00; Пт: 08:00-23:00; Сб: 08:00-23:00; Вс: 08:00-23:00,+03:00,,,88001011001,,,,,,http://dixy.ru,,,,,,,,,,,,https://vk.com/dixyclub,,,,,,,,,https://t.me/dixy_russia,,,https://youtube.com/user/dixychannel,,,,,,70000001114538335,55.538528,37.472962,70030076788060735,,,1418,4504136498313374,Дикси,супермаркет,Супермаркеты,mart,1,1,2026-06-25T04:05:47Z,,0,32,https://2gis.com/firm/70000001114538335,branch,241,https://2gis.ru/moscow/search/Супермаркеты/rubricId/350/filters/district_id=4504209520926899
Пятёрочка,супермаркет,Супермаркеты,"Куприна проспект, 38 к2",1 этаж,108803,,Коммунарка,Москва,,Москва,Россия,Пн: 08:30-23:00; Вт: 08:30-23:00; Ср: 08:30-23:00; Чт: 08:30-23:00; Пт: 08:30-23:00; Сб: 08:30-23:00; Вс: 08:30-23:00,+03:00,4.6,12,88007700400,,,info@x5.ru,,,http://5ka.ru/catalog?utm_source=2gis&utm_medium=cpm&utm_campaign=000161-17_igronik_media_5ka_promo_04_2026%7Cformat_banner%7Ctype_banner&utm_content=%7Ccreo_1&utm_term,http://max.ru/tspyaterochka,,,,,https://twitter.com/pyaterochka,,,,,,https://vk.com/pyaterochka_shop,,,,,,,,,,,,,,,,,,70000001078616200,55.544225,37.458112,70030076203677897,,,3347,4504136498316193,Пятёрочка,супермаркет,Супермаркеты,mart,1,9,2026-06-22T08:07:45Z,,0,32,https://2gis.com/firm/70000001078616200,branch,241,https://2gis.ru/moscow/search/Супермаркеты/rubricId/350/filters/district_id=4504209520926899
Мираторг,супермаркет,Супермаркеты,"Калужское шоссе 22 километр, 10",27 линия; 1 этаж,108802,,Коммунарка,Москва,,Москва,Россия,Пн: 06:00-20:00; Вт: 06:00-20:00; Ср: 06:00-20:00; Чт: 06:00-20:00; Пт: 06:00-20:00; Сб: 06:00-20:00; Вс: 06:00-20:00,+03:00,4.2,12,88005502719,,,,,,http://miratorg.ru/super,http://t.me/+Y3RA1ifcI7RhNDNi,,,,,,,,,,,https://vk.com/supermarketmiratorg,,,,,,,,,https://t.me/+Y3RA1ifcI7RhNDNi,,,,,,,,,70000001047144608,55.601834,37.466737,4504235283119276,ФУД СИТИ,70030076482998368,97,4504136499896740,Мираторг,супермаркет,Супермаркеты,mart,1,6,2026-07-04T20:53:09Z,,0,32,https://2gis.com/firm/70000001047144608,branch,241,https://2gis.ru/moscow/search/Супермаркеты/rubricId/350/filters/district_id=4504209520926899
Пятёрочка,супермаркет,Супермаркеты,"Куприна проспект, 36 к2",1 этаж,108803,,Коммунарка,Москва,,Москва,Россия,Пн: 08:00-23:00; Вт: 08:00-23:00; Ср: 08:00-23:00; Чт: 08:00-23:00; Пт: 08:00-23:00; Сб: 08:00-23:00; Вс: 08:00-23:00,+03:00,1.8,4,88007700400,,,info@x5.ru,,,http://5ka.ru/catalog?utm_source=2gis&utm_medium=cpm&utm_campaign=000161-17_igronik_media_5ka_promo_04_2026%7Cformat_banner%7Ctype_banner&utm_content=%7Ccreo_1&utm_term,http://max.ru/tspyaterochka,,,,,https://twitter.com/pyaterochka,,,,,,https://vk.com/pyaterochka_shop,,,,,,,,,,,,,,,,,,70000001062680285,55.542285,37.45534,70030076190423635,,,3347,4504136498316193,Пятёрочка,супермаркет,Супермаркеты,mart,1,12,2026-06-22T08:06:31Z,,0,32,https://2gis.com/firm/70000001062680285,branch,241,https://2gis.ru/moscow/search/Супермаркеты/rubricId/350/filters/district_id=4504209520926899
Заряд,супермаркет,Супермаркеты,"Куприна проспект, 7 к1",,117041,,Коммунарка,Москва,,Москва,Россия,Пн: 08:00-22:30; Вт: 08:00-22:30; Ср: 08:00-22:30; Чт: 08:00-22:30; Пт: 08:00-22:30; Сб: 08:00-22:30; Вс: 08:00-22:30,+03:00,5.0,1,88002005348,,,,,,http://magnit.ru/?utm_source=_geopriority_&utm_medium=&utm_campaign=_MM_Geoprioritety_-&utm_content=main&utm_term=,,,,,,,,,,,,https://vk.com/magnitretail,,,,,,,,,,,,,,,,,,70000001105112718,55.541663,37.476002,70030076444248508,,,47,70000001103711678,Заряд,супермаркет,Супермаркеты,mart,1,8,2026-07-02T13:03:25Z,,0,32,https://2gis.com/firm/70000001105112718,branch,241,https://2gis.ru/moscow/search/Супермаркеты/rubricId/350/filters/district_id=4504209520926899
ВкусВилл,супермаркет,Супермаркеты,"улица Александры Монаховой, 94 к3",,108826,,Коммунарка,,,Москва,Россия,Пн: 08:00-22:00; Вт: 08:00-22:00; Ср: 08:00-22:00; Чт: 08:00-22:00; Пт: 08:00-22:00; Сб: 08:00-22:00; Вс: 08:00-22:00,+03:00,2.1,3,89267619172,,,,,,http://vkusvill.ru/goods/?utm_source=2gis&utm_medium=maps&utm_campaign=glavnaya&deep_link_value=https%3A%2F%2Fvkusvill.ru%2Fmobile%3Fcatalog%2F&af_dp=vkusvill%3A%2F%2F&c=glavnaya&shortlink=5ca647b8&source_,http://max.ru/vkusvill_ru,,,,,,,,,,,https://vk.com/vkusvill_ru,,,,,,,,,https://t.me/we_are_vkusvill,,,,,,,,,70000001094451248,55.541643,37.479084,4504235321549893,,,1420,4504137598285175,ВкусВилл,супермаркет,Супермаркеты,mart,1,8,2026-06-28T05:22:41Z,,0,32,https://2gis.com/firm/70000001094451248,branch,241,https://2gis.ru/moscow/search/Супермаркеты/rubricId/350/filters/district_id=4504209520926899
Налету,супермаркет,Супермаркеты,"улица Александры Монаховой, 85 к1",1 этаж,108826,,Коммунарка,,,Москва,Россия,Пн: 08:00-23:00; Вт: 08:00-23:00; Ср: 08:00-23:00; Чт: 08:00-23:00; Пт: 08:00-23:00; Сб: 08:00-23:00; Вс: 08:00-23:00,+03:00,,,88007700400,,,info@x5.ru,,,http://5ka.ru/catalog?utm_source=2gis&utm_medium=cpm&utm_campaign=000161-17_igronik_media_5ka_promo_04_2026%7Cformat_banner%7Ctype_banner&utm_content=%7Ccreo_1&utm_term,http://max.ru/tspyaterochka,,,,,https://twitter.com/pyaterochka,,,,,,https://vk.com/pyaterochka_shop,,,,,,,,,,,,,,,,,,70000001104867836,55.550529,37.490128,70030076356905209,,,3347,4504136498316193,Пятёрочка,супермаркет,Супермаркеты,mart,1,10,2026-04-23T14:05:22Z,,0,32,https://2gis.com/firm/70000001104867836,branch,241,https://2gis.ru/moscow/search/Супермаркеты/rubricId/350/filters/district_id=4504209520926899
Пятёрочка,супермаркет,Супермаркеты; Доставка продуктов,"квартал 2, 5 ст4",1 этаж,108820,,Коммунарка,Москва,,Москва,Россия,Пн: 08:00-22:00; Вт: 08:00-22:00; Ср: 08:00-22:00; Чт: 08:00-22:00; Пт: 08:00-22:00; Сб: 08:00-22:00; Вс: 08:00-22:00,+03:00,5.0,1,88007700400,,,info@x5.ru,,,http://5ka.ru/catalog?utm_source=2gis&utm_medium=cpm&utm_campaign=000161-17_igronik_media_5ka_promo_04_2026%7Cformat_banner%7Ctype_banner&utm_content=%7Ccreo_1&utm_term,http://max.ru/tspyaterochka,,,,,https://twitter.com/pyaterochka,,,,,,https://vk.com/pyaterochka_shop,,,,,,,,,,,,,,,,,,70000001104288729,55.631816,37.454449,70030076353889455,,,3347,4504136498316193,Пятёрочка,супермаркет,Супермаркеты,mart,2,13,2026-06-22T08:06:58Z,,0,32,https://2gis.com/firm/70000001104288729,branch,241,https://2gis.ru/moscow/search/Супермаркеты/rubricId/350/filters/district_id=4504209520926899
Дикси,супермаркет,Супермаркеты; Продуктовые магазины,"Куприна проспект, 3 к2",,108834,,Коммунарка,Москва,,Москва,Россия,Пн: 08:00-23:00; Вт: 08:00-23:00; Ср: 08:00-23:00; Чт: 08:00-23:00; Пт: 08:00-23:00; Сб: 08:00-23:00; Вс: 08:00-23:00,+03:00,5.0,13,88001011001,,,,,,http://dixy.ru,,,,,,,,,,,,https://vk.com/dixyclub,,,,,,,,,https://t.me/dixy_russia,,,https://youtube.com/user/dixychannel,,,,,,70000001111164123,55.556283,37.500115,70030076446644269,,,1418,4504136498313374,Дикси,супермаркет,Продуктовые магазины,mart,2,8,2026-06-25T04:05:47Z,,0,32,https://2gis.com/firm/70000001111164123,branch,241,https://2gis.ru/moscow/search/Супермаркеты/rubricId/350/filters/district_id=4504209520926899
Пятёрочка,супермаркет,Супермаркеты,"160 квартал, 1в к2",,108814,,Коммунарка,Москва,,Москва,Россия,Пн: 09:00-23:00; Вт: 09:00-23:00; Ср: 09:00-23:00; Чт: 09:00-23:00; Пт: 09:00-23:00; Сб: 09:00-23:00; Вс: 09:00-23:00,+03:00,,,88007700400,,,info@x5.ru,,,http://5ka.ru/catalog?utm_source=2gis&utm_medium=cpm&utm_campaign=000161-17_igronik_media_5ka_promo_04_2026%7Cformat_banner%7Ctype_banner&utm_content=%7Ccreo_1&utm_term,http://max.ru/tspyaterochka,,,,,https://twitter.com/pyaterochka,,,,,,https://vk.com/pyaterochka_shop,,,,,,,,,,,,,,,,,,70000001105670258,55.552611,37.477774,70030076612838612,,,3347,4504136498316193,Пятёрочка,супермаркет,Супермаркеты,mart,1,12,2026-06-22T08:08:06Z,,0,32,https://2gis.com/firm/70000001105670258,branch,241,https://2gis.ru/moscow/search/Супермаркеты/rubricId/350/filters/district_id=4504209520926899
Наша лавка,мини-маркет,Супермаркеты,"СНТ Дары природы, 341",,108820,Дары природы,Коммунарка,,,Москва,Россия,Пн: 00:00-24:00; Вт: 00:00-24:00; Ср: 00:00-24:00; Чт: 00:00-24:00; Пт: 00:00-24:00; Сб: 00:00-24:00; Вс: 00:00-24:00,+03:00,1.4,1,,,,,,,,,,,,,,,,,,,,,,,,,,,,,,,,,,,,,70000001036594853,55.624788,37.470423,70030076177177991,,,1,70000001036594852,Наша лавка,мини-маркет,Супермаркеты,mart,1,2,2026-04-23T19:47:04Z,,0,32,https://2gis.com/firm/70000001036594853,branch,241,https://2gis.ru/moscow/search/Супермаркеты/rubricId/350/filters/district_id=4504209520926899
Магнит,супермаркет,Супермаркеты,"улица Эдварда Грига, 18 к1",,108834,,Коммунарка,Москва,,Москва,Россия,Пн: 08:00-23:00; Вт: 08:00-23:00; Ср: 08:00-23:00; Чт: 08:00-23:00; Пт: 08:00-23:00; Сб: 08:00-23:00; Вс: 08:00-23:00,+03:00,,,88002009002 (единая справочная: пн-вс 6:00-00:00),,,info@magnit.ru,,,http://promokod.magnit.ru,,,,,,,,,,,,https://vk.com/magnitretail,,,,,,,,,https://t.me/magnit_retail,,,,,,,,,70000001101573707,55.554474,37.505314,70030076210462045,,,1562,4504137598701571,Магнит,супермаркет,Супермаркеты,mart,1,9,2026-07-02T13:03:04Z,,0,32,https://2gis.com/firm/70000001101573707,branch,241,https://2gis.ru/moscow/search/Супермаркеты/rubricId/350/filters/district_id=4504209520926899
Магнит,супермаркет,Супермаркеты,"Куприна проспект, 30 к1",1 этаж,108803,,Коммунарка,Москва,,Москва,Россия,Пн: 00:00-24:00; Вт: 00:00-24:00; Ср: 00:00-24:00; Чт: 00:00-24:00; Пт: 00:00-24:00; Сб: 00:00-24:00; Вс: 00:00-24:00,+03:00,2.6,25,88002009002 (единая справочная: пн-вс 6:00-00:00),,,info@magnit.ru,,,http://magnit.ru/?utm_source=_geopriority_&utm_medium=&utm_campaign=_MM_Geoprioritety_-&utm_content=main&utm_term=,,,,,,,,,,,,https://vk.com/magnitretail,,,,,,,,,https://t.me/magnit_retail,,,,,,,,,70000001093619607,55.539665,37.459377,70030076474589790,,,1562,4504137598701571,Магнит,супермаркет,Супермаркеты,mart,1,13,2026-07-02T13:02:51Z,,0,32,https://2gis.com/firm/70000001093619607,branch,241,https://2gis.ru/moscow/search/Супермаркеты/rubricId/350/filters/district_id=4504209520926899
Мираторг,супермаркет,Супермаркеты,"улица Александры Монаховой, 92 к1",,108826,,Коммунарка,,,Москва,Россия,Пн: 08:00-23:00; Вт: 08:00-23:00; Ср: 08:00-23:00; Чт: 08:00-23:00; Пт: 08:00-23:00; Сб: 08:00-22:00; Вс: 08:00-22:00,+03:00,4.7,58,88005502719,,,,,,http://miratorg.ru/super,http://t.me/+Y3RA1ifcI7RhNDNi,,,,,,,,,,,https://vk.com/supermarketmiratorg,,,,,,,,,https://t.me/+Y3RA1ifcI7RhNDNi,,,,,,,,,70000001037596100,55.543636,37.487409,4504235321549961,,,97,4504136499896740,Мираторг,супермаркет,Супермаркеты,mart,1,10,2026-07-04T20:56:42Z,,0,32,https://2gis.com/firm/70000001037596100,branch,241,https://2gis.ru/moscow/search/Супермаркеты/rubricId/350/filters/district_id=4504209520926899
Пятёрочка,супермаркет,Супермаркеты,"посёлок Завода Мосрентген, 35",,108820,,Коммунарка,,,Москва,Россия,Пн: 09:00-22:00; Вт: 09:00-22:00; Ср: 09:00-22:00; Чт: 09:00-22:00; Пт: 09:00-22:00; Сб: 09:00-22:00; Вс: 09:00-22:00,+03:00,5.0,1,88007700400,,,info@x5.ru,,,http://5ka.ru/catalog?utm_source=2gis&utm_medium=cpm&utm_campaign=000161-17_igronik_media_5ka_promo_04_2026%7Cformat_banner%7Ctype_banner&utm_content=%7Ccreo_1&utm_term,http://max.ru/tspyaterochka,,,,,https://twitter.com/pyaterochka,,,,,,https://vk.com/pyaterochka_shop,,,,,,,,,,,,,,,,,,70000001113712751,55.621556,37.474877,4504235283110726,,,3347,4504136498316193,Пятёрочка,супермаркет,Супермаркеты,mart,1,2,2026-06-22T08:06:44Z,,0,32,https://2gis.com/firm/70000001113712751,branch,241,https://2gis.ru/moscow/search/Супермаркеты/rubricId/350/filters/district_id=4504209520926899
Ярче!,супермаркет,Супермаркеты,"улица Эдварда Грига, 18 к4",1 этаж,108834,,Коммунарка,Москва,,Москва,Россия,Пн: 08:00-22:00; Вт: 08:00-22:00; Ср: 08:00-22:00; Чт: 08:00-22:00; Пт: 08:00-22:00; Сб: 08:00-22:00; Вс: 08:00-22:00,+03:00,3.0,2,,,,,,,http://ярче.рф,http://yarcheplus.ru,,,,,,,,,,,https://vk.com/supermarket_yarche,,,,,,,,,,,,,,,,,,70000001111337783,55.5538,37.505387,70030076263294194,,,198,70000001025914019,Ярче!,супермаркет,Супермаркеты,mart,1,0,2026-02-18T06:02:56Z,,0,32,https://2gis.com/firm/70000001111337783,branch,241,https://2gis.ru/moscow/search/Супермаркеты/rubricId/350/filters/district_id=4504209520926899
Магнит,супермаркет,Супермаркеты,"160 квартал, 1в к4",,108814,,Коммунарка,Москва,,Москва,Россия,Пн: 08:00-23:00; Вт: 08:00-23:00; Ср: 08:00-23:00; Чт: 08:00-23:00; Пт: 08:00-23:00; Сб: 08:00-23:00; Вс: 08:00-23:00,+03:00,,,88002009002 (единая справочная: пн-вс 6:00-00:00),,,info@magnit.ru,,,http://magnit.ru/?utm_source=_geopriority_&utm_medium=&utm_campaign=_MM_Geoprioritety_-&utm_content=main&utm_term=,,,,,,,,,,,,https://vk.com/magnitretail,,,,,,,,,https://t.me/magnit_retail,,,,,,,,,70000001114765930,55.553259,37.47397,70030076552378789,,,1562,4504137598701571,Магнит,супермаркет,Супермаркеты,mart,1,1,2026-06-01T12:00:23Z,,0,32,https://2gis.com/firm/70000001114765930,branch,241,https://2gis.ru/moscow/search/Супермаркеты/rubricId/350/filters/district_id=4504209520926899
Дикси,супермаркет,Супермаркеты,"Куприна проспект, 38 к1",1 этаж,108803,,Коммунарка,Москва,,Москва,Россия,Пн: 08:00-23:00; Вт: 08:00-23:00; Ср: 08:00-23:00; Чт: 08:00-23:00; Пт: 08:00-23:00; Сб: 08:00-23:00; Вс: 08:00-23:00,+03:00,4.5,9,88001011001,,,,,,http://dixy.ru,,,,,,,,,,,,https://vk.com/dixyclub,,,,,,,,,https://t.me/dixy_russia,,,https://youtube.com/user/dixychannel,,,,,,70000001101203372,55.543698,37.456494,70030076203677894,,,1418,4504136498313374,Дикси,супермаркет,Супермаркеты,mart,1,8,2026-06-25T04:05:46Z,,0,32,https://2gis.com/firm/70000001101203372,branch,241,https://2gis.ru/moscow/search/Супермаркеты/rubricId/350/filters/district_id=4504209520926899
Магнит,супермаркет,Супермаркеты,"бульвар Веласкеса, 2",1 этаж,108802,,Коммунарка,Москва,,Москва,Россия,Пн: 09:00-23:00; Вт: 09:00-23:00; Ср: 09:00-23:00; Чт: 09:00-23:00; Пт: 09:00-23:00; Сб: 09:00-23:00; Вс: 09:00-23:00,+03:00,4.5,53,88002009002 (единая справочная: пн-вс 6:00-00:00),,,info@magnit.ru,,,http://magnit.ru/?utm_source=_geopriority_&utm_medium=&utm_campaign=_MM_Geoprioritety_-&utm_content=main&utm_term=,,,,,,,,,,,,https://vk.com/magnitretail,,,,,,,,,https://t.me/magnit_retail,,,,,,,,,70000001038807541,55.591019,37.455435,4504235314987434,,,1562,4504137598701571,Магнит,супермаркет,Супермаркеты,mart,1,10,2026-07-02T13:01:36Z,,0,32,https://2gis.com/firm/70000001038807541,branch,241,https://2gis.ru/moscow/search/Супермаркеты/rubricId/350/filters/district_id=4504209520926899
Свежая точка,супермаркет,Супермаркеты,"улица Эдварда Грига, 15",1 этаж,108834,,Коммунарка,Москва,,Москва,Россия,Пн: 09:00-23:00; Вт: 09:00-23:00; Ср: 09:00-23:00; Чт: 09:00-23:00; Пт: 09:00-23:00; Сб: 09:00-23:00; Вс: 09:00-23:00,+03:00,5.0,1,89648522825,,,,,,,,,,,,,,,,,,,,,,,,,,,,,,,,,,,,70000001101391687,55.556389,37.507358,70030076190387677,,,1,70000001101391686,Свежая точка,супермаркет,Супермаркеты,mart,1,5,2026-04-27T06:45:13Z,,0,32,https://2gis.com/firm/70000001101391687,branch,241,https://2gis.ru/moscow/search/Супермаркеты/rubricId/350/filters/district_id=4504209520926899
Пятёрочка,супермаркет,Супермаркеты; Доставка продуктов,"бульвар Веласкеса, 7 к1",1 этаж,108802,,Коммунарка,Москва,,Москва,Россия,Пн: 08:00-22:00; Вт: 08:00-22:00; Ср: 08:00-22:00; Чт: 08:00-22:00; Пт: 08:00-22:00; Сб: 08:00-22:00; Вс: 08:00-22:00,+03:00,3.1,10,88007700400,,,info@x5.ru,,,http://5ka.ru/catalog?utm_source=2gis&utm_medium=cpm&utm_campaign=000161-17_igronik_media_5ka_promo_04_2026%7Cformat_banner%7Ctype_banner&utm_content=%7Ccreo_1&utm_term,http://max.ru/tspyaterochka,,,,,https://twitter.com/pyaterochka,,,,,,https://vk.com/pyaterochka_shop,,,,,,,,,,,,,,,,,,70000001041133246,55.592922,37.460459,70030076158410236,,,3347,4504136498316193,Пятёрочка,супермаркет,Супермаркеты,mart,2,12,2026-06-22T08:07:38Z,,0,32,https://2gis.com/firm/70000001041133246,branch,241,https://2gis.ru/moscow/search/Супермаркеты/rubricId/350/filters/district_id=4504209520926899
Пятёрочка,супермаркет,Супермаркеты,"улица Большое Понизовье, 8",,108802,,Коммунарка,Москва,,Москва,Россия,Пн: 09:00-22:00; Вт: 09:00-22:00; Ср: 09:00-22:00; Чт: 09:00-22:00; Пт: 09:00-22:00; Сб: 09:00-22:00; Вс: 09:00-22:00,+03:00,5.0,1,88007700400,,,info@x5.ru,,,http://5ka.ru/catalog?utm_source=2gis&utm_medium=cpm&utm_campaign=000161-17_igronik_media_5ka_promo_04_2026%7Cformat_banner%7Ctype_banner&utm_content=%7Ccreo_1&utm_term,http://max.ru/tspyaterochka,,,,,https://twitter.com/pyaterochka,,,,,,https://vk.com/pyaterochka_shop,,,,,,,,,,,,,,,,,,70000001113038866,55.605826,37.413856,70030077006111804,,,3347,4504136498316193,Пятёрочка,супермаркет,Супермаркеты,mart,1,12,2026-06-22T08:08:11Z,,0,32,https://2gis.com/firm/70000001113038866,branch,241,https://2gis.ru/moscow/search/Супермаркеты/rubricId/350/filters/district_id=4504209520926899
Мини-маркет,,Супермаркеты,"улица Липовый парк, 6",1 этаж,108801,,Коммунарка,,,Москва,Россия,Пн: 08:00-23:00; Вт: 08:00-23:00; Ср: 08:00-23:00; Чт: 08:00-23:00; Пт: 08:00-23:00; Сб: 08:00-23:00; Вс: 08:00-23:00,+03:00,1.0,1,,,,,,,,,,,,,,,,,,,,,,,,,,,,,,,,,,,,,70000001049117265,55.569722,37.489518,4504235283119739,,,1,70000001049117264,Мини-маркет,Мини-маркет,Супермаркеты,mart,1,5,2025-10-21T12:47:04Z,,0,32,https://2gis.com/firm/70000001049117265,branch,241,https://2gis.ru/moscow/search/Супермаркеты/rubricId/350/filters/district_id=4504209520926899
Магнит,супермаркет,Супермаркеты,"улица Лобановский Лес, 13",1 этаж,108802,,Коммунарка,Москва,,Москва,Россия,Пн: 09:00-23:00; Вт: 09:00-23:00; Ср: 09:00-23:00; Чт: 09:00-23:00; Пт: 09:00-23:00; Сб: 09:00-23:00; Вс: 09:00-23:00,+03:00,2.3,7,88002009002 (единая справочная: пн-вс 6:00-00:00),,,info@magnit.ru,,,http://magnit.ru/?utm_source=_geopriority_&utm_medium=&utm_campaign=_MM_Geoprioritety_-&utm_content=main&utm_term=,,,,,,,,,,,,https://vk.com/magnitretail,,,,,,,,,https://t.me/magnit_retail,,,,,,,,,70000001082894023,55.593843,37.427435,70030076277590097,,,1562,4504137598701571,Магнит,супермаркет,Супермаркеты,mart,1,9,2026-07-02T13:03:36Z,,0,32,https://2gis.com/firm/70000001082894023,branch,241,https://2gis.ru/moscow/search/Супермаркеты/rubricId/350/filters/district_id=4504209520926899
ВкусВилл,супермаркет,Супермаркеты; Доставка продуктов; Доставка еды; Кулинарии,"Магеллана проспект, 2",1 этаж,108802,,Коммунарка,Москва,,Москва,Россия,Пн: 09:00-22:00; Вт: 09:00-22:00; Ср: 09:00-22:00; Чт: 09:00-22:00; Пт: 09:00-22:00; Сб: 09:00-22:00; Вс: 09:00-22:00,+03:00,4.9,11,88005508602,89366224615,89267167963,,,,http://vkusvill.ru/goods/?utm_source=2gis&utm_medium=maps&utm_campaign=glavnaya&deep_link_value=https%3A%2F%2Fvkusvill.ru%2Fmobile%3Fcatalog%2F&af_dp=vkusvill%3A%2F%2F&c=glavnaya&shortlink=5ca647b8&source_,http://max.ru/vkusvill_ru,,,,,,,,,,,https://vk.com/vkusvill_ru,,,,,,,,,https://t.me/we_are_vkusvill,,,https://youtube.com/channel/UC8f84TEqxTcS6LGv9Lbi8uw,,,,,,70000001078540296,55.59112,37.446453,70030076166059409,,,1420,4504137598285175,ВкусВилл,супермаркет,Супермаркеты,mart,4,19,2026-07-09T05:42:42Z,,0,32,https://2gis.com/firm/70000001078540296,branch,241,https://2gis.ru/moscow/search/Супермаркеты/rubricId/350/filters/district_id=4504209520926899
Азбука вкуса,супермаркет,Супермаркеты; Доставка продуктов,"деревня Мамыри, 3",1 этаж,142704,,Коммунарка,Москва,,Москва,Россия,Пн: 00:00-24:00; Вт: 00:00-24:00; Ср: 00:00-24:00; Чт: 00:00-24:00; Пт: 00:00-24:00; Сб: 00:00-24:00; Вс: 00:00-24:00,+03:00,4.7,59,84955043478 (служба поддержки),88007003487 (бесплатная единая справочная: пн-вс 9:00-21:00),84952230200,,,,http://av.ru,http://max.ru/azbukavkusa,,,,,,,,,,,https://vk.com/azbukavkusa,,,,,,,,,https://t.me/azbukavkusa,,,https://youtube.com/azbukav,,,,,,4504128908434040,55.601775,37.482896,4504235283122686,ТЦ Славянский Град,,102,4504136498318829,Азбука вкуса,супермаркет,Супермаркеты,mart,2,11,2026-07-06T03:20:06Z,,0,32,https://2gis.com/firm/4504128908434040,branch,241,https://2gis.ru/moscow/search/Супермаркеты/rubricId/350/filters/district_id=4504209520926899
Дикси,супермаркет,Супермаркеты,"улица Малое Понизовье, 7",,108802,,Коммунарка,Москва,,Москва,Россия,Пн: 08:00-23:00; Вт: 08:00-23:00; Ср: 08:00-23:00; Чт: 08:00-23:00; Пт: 08:00-23:00; Сб: 08:00-23:00; Вс: 08:00-23:00,+03:00,2.5,20,88001011001,,,,,,http://dixy.ru,,,,,,,,,,,,https://vk.com/dixyclub,,,,,,,,,https://t.me/dixy_russia,,,https://youtube.com/user/dixychannel,,,,,,70000001091480684,55.60165,37.413118,70030076193274965,,,1418,4504136498313374,Дикси,супермаркет,Супермаркеты,mart,1,11,2026-06-25T04:05:44Z,,0,32,https://2gis.com/firm/70000001091480684,branch,241,https://2gis.ru/moscow/search/Супермаркеты/rubricId/350/filters/district_id=4504209520926899
Азбука daily,супермаркет,Супермаркеты; Доставка продуктов,"Садовая улица, 1 к1",1 этаж,108803,Антоновка коттеджный пос.,Коммунарка,,,Москва,Россия,Пн: 00:00-24:00; Вт: 00:00-24:00; Ср: 00:00-24:00; Чт: 00:00-24:00; Пт: 00:00-24:00; Сб: 00:00-24:00; Вс: 00:00-24:00,+03:00,5.0,25,88007003487 (бесплатная единая справочная: пн-вс 9:00-21:00),,,,,,http://av.ru,http://dzen.ru/azbukavkusa,http://max.ru/azbukavkusa,,,,,,,,,,https://vk.com/azbukavkusa,,,,,,,,,,,,,,,,,,70000001043536569,55.572965,37.392078,4504235282826361,,,56,70000001046146554,Азбука daily,супермаркет,Супермаркеты,mart,2,9,2026-05-28T06:51:33Z,,0,32,https://2gis.com/firm/70000001043536569,branch,241,https://2gis.ru/moscow/search/Супермаркеты/rubricId/350/filters/district_id=4504209520926899
Перекрёсток,супермаркет,Супермаркеты; Доставка продуктов,"Николо-Хованская улица, 28 ст5",-1 этаж,108802,,Коммунарка,Москва,,Москва,Россия,Пн: 08:00-23:00; Вт: 08:00-23:00; Ср: 08:00-23:00; Чт: 08:00-23:00; Пт: 08:00-23:00; Сб: 08:00-23:00; Вс: 08:00-23:00,+03:00,3.8,18,88002009555 (многоканальный),,,info@x5.ru,,,http://perekrestok.ru/?utm_source=2gis_maps&utm_medium=display&utm_campaign=maps_wo_promo&utm_content=main_url,http://max.ru/perekrestok_shop,,,,,,,,,,,https://vk.com/perekrestok_shop,,,,,,,,,https://t.me/+rHsiEm_QR3EwNTky,,,,,,,,,70000001033441396,55.58896,37.453971,4504235295674881,ТОЦ Николин Парк,70030076552382473,487,4504136498303078,Перекрёсток,супермаркет,Супермаркеты,mart,2,11,2026-06-27T05:12:07Z,,0,32,https://2gis.com/firm/70000001033441396,branch,241,https://2gis.ru/moscow/search/Супермаркеты/rubricId/350/filters/district_id=4504209520926899
Магнит,супермаркет,Супермаркеты,"Братьев Гранат, 6",1 этаж,108802,,Коммунарка,Москва,,Москва,Россия,Пн: 08:00-23:00; Вт: 08:00-23:00; Ср: 08:00-23:00; Чт: 08:00-23:00; Пт: 08:00-23:00; Сб: 08:00-23:00; Вс: 08:00-23:00,+03:00,,,88002009002 (единая справочная: пн-вс 6:00-00:00),,,info@magnit.ru,,,http://magnit.ru/?utm_source=_geopriority_&utm_medium=&utm_campaign=_MM_Geoprioritety_-&utm_content=main&utm_term=,,,,,,,,,,,,https://vk.com/magnitretail,,,,,,,,,https://t.me/magnit_retail,,,,,,,,,70000001113091835,55.594849,37.43765,70030076998858861,,,1562,4504137598701571,Магнит,супермаркет,Супермаркеты,mart,1,10,2026-07-02T13:03:44Z,,0,32,https://2gis.com/firm/70000001113091835,branch,241,https://2gis.ru/moscow/search/Супермаркеты/rubricId/350/filters/district_id=4504209520926899
Мини-маркет,,Супермаркеты,"МКАД 43 километр, к35",1 этаж,108820,,Коммунарка,Москва,,Москва,Россия,Пн: 09:00-21:00; Вт: 09:00-21:00; Ср: 09:00-21:00; Чт: 09:00-21:00; Пт: 09:00-21:00; Сб: 09:00-21:00; Вс: 09:00-21:00,+03:00,,,,,,,,,,,,,,,,,,,,,,,,,,,,,,,,,,,,,,,70000001092839515,55.625373,37.466306,4504235326111261,,,1,70000001092839514,Мини-маркет,Мини-маркет,Супермаркеты,mart,1,5,2026-04-23T09:14:00Z,,0,32,https://2gis.com/firm/70000001092839515,branch,241,https://2gis.ru/moscow/search/Супермаркеты/rubricId/350/filters/district_id=4504209520926899
Дикси,супермаркет,Супермаркеты,"Зимёнковская улица, 159",,108803,,Коммунарка,Москва,,Москва,Россия,Пн: 08:00-23:00; Вт: 08:00-23:00; Ср: 08:00-23:00; Чт: 08:00-23:00; Пт: 08:00-23:00; Сб: 08:00-23:00; Вс: 08:00-23:00,+03:00,,,88001011001,,,,,,http://dixy.ru,http://t.me/dixy_russia,,,,,,,,,,,https://vk.com/dixyclub,,,,,,,,,,,,https://youtube.com/user/dixychannel,,,,,,70000001115467494,55.571679,37.382707,70030076605528598,,,31,70000001089420579,Дикси,супермаркет,Супермаркеты,mart,1,0,2026-06-25T13:05:21Z,,0,32,https://2gis.com/firm/70000001115467494,branch,241,https://2gis.ru/moscow/search/Супермаркеты/rubricId/350/filters/district_id=4504209520926899
Магнит,супермаркет,Супермаркеты,"160 квартал, 1в к4",,108814,,Коммунарка,Москва,,Москва,Россия,Пн: 08:00-23:00; Вт: 08:00-23:00; Ср: 08:00-23:00; Чт: 08:00-23:00; Пт: 08:00-23:00; Сб: 08:00-23:00; Вс: 08:00-23:00,+03:00,,,88002009002 (единая справочная: пн-вс 6:00-00:00),,,info@magnit.ru,,,http://magnit.ru/?utm_source=_geopriority_&utm_medium=&utm_campaign=_MM_Geoprioritety_-&utm_content=main&utm_term=,,,,,,,,,,,,https://vk.com/magnitretail,,,,,,,,,https://t.me/magnit_retail,,,,,,,,,70000001114765930,55.553259,37.47397,70030076552378789,,,1562,4504137598701571,Магнит,супермаркет,Супермаркеты,mart,1,1,2026-06-01T12:00:23Z,,0,32,https://2gis.com/firm/70000001114765930,branch,241,https://2gis.ru/moscow/search/Супермаркеты/rubricId/350/filters/district_id=4504209520926899
Магнит,супермаркет,Супермаркеты,"улица Эдварда Грига, 15",1 этаж,108834,,Коммунарка,Москва,,Москва,Россия,Пн: 08:00-23:00; Вт: 08:00-23:00; Ср: 08:00-23:00; Чт: 08:00-23:00; Пт: 08:00-23:00; Сб: 08:00-23:00; Вс: 08:00-23:00,+03:00,4.7,14,88002009002 (единая справочная: пн-вс 6:00-00:00),,,info@magnit.ru,,,http://magnit.ru/?utm_source=_geopriority_&utm_medium=&utm_campaign=_MM_Geoprioritety_-&utm_content=main&utm_term=,,,,,,,,,,,,https://vk.com/magnitretail,,,,,,,,,https://t.me/magnit_retail,,,,,,,,,70000001069726259,55.557137,37.508317,70030076190387677,,,1562,4504137598701571,Магнит,супермаркет,Супермаркеты,mart,1,12,2026-07-02T13:00:49Z,,0,32,https://2gis.com/firm/70000001069726259,branch,241,https://2gis.ru/moscow/search/Супермаркеты/rubricId/350/filters/district_id=4504209520926899
Магнит,супермаркет,Супермаркеты,"улица Александры Монаховой, 85 к2",,108826,,Коммунарка,,,Москва,Россия,Пн: 08:00-22:00; Вт: 08:00-22:00; Ср: 08:00-22:00; Чт: 08:00-22:00; Пт: 08:00-22:00; Сб: 08:00-22:00; Вс: 08:00-22:00,+03:00,4.2,2,88002009002 (единая справочная: пн-вс 6:00-00:00),,,info@magnit.ru,,,http://magnit.ru/?utm_source=_geopriority_&utm_medium=&utm_campaign=_MM_Geoprioritety_-&utm_content=main&utm_term=,,,,,,,,,,,,https://vk.com/magnitretail,,,,,,,,,https://t.me/magnit_retail,,,,,,,,,70000001098953842,55.549984,37.490034,70030076255278007,,,1562,4504137598701571,Магнит,супермаркет,Супермаркеты,mart,1,9,2026-07-02T13:04:39Z,,0,32,https://2gis.com/firm/70000001098953842,branch,241,https://2gis.ru/moscow/search/Супермаркеты/rubricId/350/filters/district_id=4504209520926899
Магнит,супермаркет,Супермаркеты,"улица Александры Монаховой, 88 к2",,108826,,Коммунарка,,,Москва,Россия,Пн: 08:00-23:00; Вт: 08:00-23:00; Ср: 08:00-23:00; Чт: 08:00-23:00; Пт: 08:00-23:00; Сб: 08:00-23:00; Вс: 08:00-23:00,+03:00,4.0,35,88002009002 (единая справочная: пн-вс 6:00-00:00),,,info@magnit.ru,,,http://magnit.ru/?utm_source=_geopriority_&utm_medium=&utm_campaign=_MM_Geoprioritety_-&utm_content=main&utm_term=,,,,,,,,,,,,https://vk.com/magnitretail,,,,,,,,,https://t.me/magnit_retail,,,,,,,,,70000001033507551,55.543667,37.485788,70030076126464579,,,1562,4504137598701571,Магнит,супермаркет,Супермаркеты,mart,1,11,2026-07-02T13:04:36Z,,0,32,https://2gis.com/firm/70000001033507551,branch,241,https://2gis.ru/moscow/search/Супермаркеты/rubricId/350/filters/district_id=4504209520926899
Пятёрочка,супермаркет,Супермаркеты; Доставка продуктов,"Куприна проспект, 24 к3",,108826,,Коммунарка,Москва,,Москва,Россия,Пн: 09:00-23:00; Вт: 09:00-23:00; Ср: 09:00-23:00; Чт: 09:00-23:00; Пт: 09:00-23:00; Сб: 09:00-23:00; Вс: 09:00-23:00,+03:00,4.5,23,88007700400,,,info@x5.ru,,,http://5ka.ru/catalog?utm_source=2gis&utm_medium=cpm&utm_campaign=000161-17_igronik_media_5ka_promo_04_2026%7Cformat_banner%7Ctype_banner&utm_content=%7Ccreo_1&utm_term,http://max.ru/tspyaterochka,,,,,https://twitter.com/pyaterochka,,,,,,https://vk.com/pyaterochka_shop,,,,,,,,,,,,,,,,,,70000001064274101,55.543863,37.477773,70030076194800725,,,3347,4504136498316193,Пятёрочка,супермаркет,Супермаркеты,mart,2,10,2025-04-04T12:50:12Z,,0,32,https://2gis.com/firm/70000001064274101,branch,241,https://2gis.ru/moscow/search/Супермаркеты/rubricId/350/filters/district_id=4504209520926899
Дикси,супермаркет,Супермаркеты,"улица Александры Монаховой, 95 к3 ст1",,108826,,Коммунарка,,,Москва,Россия,Пн: 00:00-24:00; Вт: 00:00-24:00; Ср: 00:00-24:00; Чт: 00:00-24:00; Пт: 00:00-24:00; Сб: 00:00-24:00; Вс: 00:00-24:00,+03:00,4.2,62,88001011001,,,,,,http://dixy.ru,,,,,,,,,,,,https://vk.com/dixyclub,,,,,,,,,https://t.me/dixy_russia,,,https://youtube.com/user/dixychannel,,,,,,70000001028836211,55.542504,37.492308,70030076138115829,,,1418,4504136498313374,Дикси,супермаркет,Супермаркеты,mart,1,10,2026-06-25T04:05:58Z,,0,32,https://2gis.com/firm/70000001028836211,branch,241,https://2gis.ru/moscow/search/Супермаркеты/rubricId/350/filters/district_id=4504209520926899
ВкусВилл,супермаркет,Супермаркеты; Доставка продуктов,"улица Александры Монаховой, 84 к2",,108826,,Коммунарка,,,Москва,Россия,Пн: 08:00-22:00; Вт: 08:00-22:00; Ср: 08:00-22:00; Чт: 08:00-22:00; Пт: 08:00-22:00; Сб: 08:00-22:00; Вс: 08:00-22:00,+03:00,4.6,25,89256602219,,,,,,http://vkusvill.ru/goods/?utm_source=2gis&utm_medium=maps&utm_campaign=glavnaya&deep_link_value=https%3A%2F%2Fvkusvill.ru%2Fmobile%3Fcatalog%2F&af_dp=vkusvill%3A%2F%2F&c=glavnaya&shortlink=5ca647b8&source_,http://max.ru/vkusvill_ru,,,,,,,,,,,https://vk.com/vkusvill_ru,,,,,,,,,https://t.me/we_are_vkusvill,,,,,,,,,70000001060702281,55.545306,37.484656,70030076165560171,,,1420,4504137598285175,ВкусВилл,супермаркет,Супермаркеты,mart,2,14,2026-06-28T05:22:44Z,,0,32,https://2gis.com/firm/70000001060702281,branch,241,https://2gis.ru/moscow/search/Супермаркеты/rubricId/350/filters/district_id=4504209520926899
Магнит,супермаркет,Супермаркеты,"Куприна проспект, 18 к2",,108826,,Коммунарка,Москва,,Москва,Россия,Пн: 08:00-23:00; Вт: 08:00-23:00; Ср: 08:00-23:00; Чт: 08:00-23:00; Пт: 08:00-23:00; Сб: 08:00-23:00; Вс: 08:00-23:00,+03:00,2.1,20,88002009002 (единая справочная: пн-вс 6:00-00:00),,,info@magnit.ru,,,http://magnit.ru/?utm_source=_geopriority_&utm_medium=&utm_campaign=_MM_Geoprioritety_-&utm_content=main&utm_term=,,,,,,,,,,,,https://vk.com/magnitretail,,,,,,,,,https://t.me/magnit_retail,,,,,,,,,70000001087770872,55.546487,37.488155,70030076326225294,,,1562,4504137598701571,Магнит,супермаркет,Супермаркеты,mart,1,6,2026-07-02T13:04:35Z,,0,32,https://2gis.com/firm/70000001087770872,branch,241,https://2gis.ru/moscow/search/Супермаркеты/rubricId/350/filters/district_id=4504209520926899
Пятёрочка,супермаркет,Супермаркеты; Доставка продуктов,"улица Александры Монаховой, 88 к1",,108826,,Коммунарка,,,Москва,Россия,Пн: 09:00-22:00; Вт: 09:00-22:00; Ср: 09:00-22:00; Чт: 09:00-22:00; Пт: 09:00-22:00; Сб: 09:00-22:00; Вс: 09:00-22:00,+03:00,4.5,20,88007700400,,,info@x5.ru,,,http://5ka.ru/catalog?utm_source=2gis&utm_medium=cpm&utm_campaign=000161-17_igronik_media_5ka_promo_04_2026%7Cformat_banner%7Ctype_banner&utm_content=%7Ccreo_1&utm_term,http://max.ru/tspyaterochka,,,,,https://twitter.com/pyaterochka,,,,,,https://vk.com/pyaterochka_shop,,,,,,,,,,,,,,,,,,70000001033826719,55.544893,37.486423,70030076126464499,,,3347,4504136498316193,Пятёрочка,супермаркет,Супермаркеты,mart,2,10,2026-06-22T08:06:35Z,,0,32,https://2gis.com/firm/70000001033826719,branch,241,https://2gis.ru/moscow/search/Супермаркеты/rubricId/350/filters/district_id=4504209520926899
Пятёрочка,супермаркет,Супермаркеты,"Куприна проспект, 36 к2",1 этаж,108803,,Коммунарка,Москва,,Москва,Россия,Пн: 08:00-23:00; Вт: 08:00-23:00; Ср: 08:00-23:00; Чт: 08:00-23:00; Пт: 08:00-23:00; Сб: 08:00-23:00; Вс: 08:00-23:00,+03:00,1.8,4,88007700400,,,info@x5.ru,,,http://5ka.ru/catalog?utm_source=2gis&utm_medium=cpm&utm_campaign=000161-17_igronik_media_5ka_promo_04_2026%7Cformat_banner%7Ctype_banner&utm_content=%7Ccreo_1&utm_term,http://max.ru/tspyaterochka,,,,,https://twitter.com/pyaterochka,,,,,,https://vk.com/pyaterochka_shop,,,,,,,,,,,,,,,,,,70000001062680285,55.542285,37.45534,70030076190423635,,,3347,4504136498316193,Пятёрочка,супермаркет,Супермаркеты,mart,1,12,2026-06-22T08:06:31Z,,0,32,https://2gis.com/firm/70000001062680285,branch,241,https://2gis.ru/moscow/search/Супермаркеты/rubricId/350/filters/district_id=4504209520926899
ВкусВилл,супермаркет,Супермаркеты; Кулинарии; Доставка продуктов; Доставка еды,"Куприна проспект, 40 к1",1 этаж,108803,,Коммунарка,Москва,,Москва,Россия,Пн: 09:00-22:00; Вт: 09:00-22:00; Ср: 09:00-22:00; Чт: 09:00-22:00; Пт: 09:00-22:00; Сб: 09:00-22:00; Вс: 09:00-22:00,+03:00,4.7,27,89256597144,,,,,,http://vkusvill.ru/goods/?utm_source=2gis&utm_medium=maps&utm_campaign=glavnaya&deep_link_value=https%3A%2F%2Fvkusvill.ru%2Fmobile%3Fcatalog%2F&af_dp=vkusvill%3A%2F%2F&c=glavnaya&shortlink=5ca647b8&source_,http://max.ru/vkusvill_ru,,,,,,,,,,,https://vk.com/vkusvill_ru,,,,,,,,,https://t.me/we_are_vkusvill,,,,,,,,,70000001066136572,55.540413,37.453883,70030076164462408,,,1420,4504137598285175,ВкусВилл,супермаркет,Супермаркеты,mart,4,19,2026-06-28T05:22:33Z,,0,32,https://2gis.com/firm/70000001066136572,branch,241,https://2gis.ru/moscow/search/Супермаркеты/rubricId/350/filters/district_id=4504209520926899
Мини-маркет,,Супермаркеты,,,108820,Круиз,Коммунарка,Москва,,Москва,Россия,Пн: 09:00-23:00; Вт: 09:00-23:00; Ср: 09:00-23:00; Чт: 09:00-23:00; Пт: 09:00-23:00; Сб: 09:00-23:00; Вс: 09:00-23:00,+03:00,,,,,,,,,,,,,,,,,,,,,,,,,,,,,,,,,,,,,,,70000001064912035,55.628448,37.462456,70030076453130807,,,1,70000001064912034,Мини-маркет,Мини-маркет,Супермаркеты,mart,1,3,2026-04-23T19:33:07Z,,0,32,https://2gis.com/firm/70000001064912035,branch,241,https://2gis.ru/moscow/search/Супермаркеты/rubricId/350/filters/district_id=4504209520926899
Пятёрочка,супермаркет,Супермаркеты,"улица Потаповская Роща, 20 к1",1 этаж,108834,,Коммунарка,,,Москва,Россия,Пн: 09:00-23:00; Вт: 09:00-23:00; Ср: 09:00-23:00; Чт: 09:00-23:00; Пт: 09:00-23:00; Сб: 09:00-23:00; Вс: 09:00-23:00,+03:00,4.4,14,88007700400,,,info@x5.ru,,,http://5ka.ru/catalog?utm_source=2gis&utm_medium=cpm&utm_campaign=000161-17_igronik_media_5ka_promo_04_2026%7Cformat_banner%7Ctype_banner&utm_content=%7Ccreo_1&utm_term,http://max.ru/tspyaterochka,,,,,https://twitter.com/pyaterochka,,,,,,https://vk.com/pyaterochka_shop,,,,,,,,,,,,,,,,,,70000001080007061,55.551879,37.50408,70030076251845334,,,3347,4504136498316193,Пятёрочка,супермаркет,Супермаркеты,mart,1,11,2026-06-22T08:06:40Z,,0,32,https://2gis.com/firm/70000001080007061,branch,241,https://2gis.ru/moscow/search/Супермаркеты/rubricId/350/filters/district_id=4504209520926899
Пятёрочка,супермаркет,Супермаркеты,"деревня Ямонтово, 71/1",1 этаж,108803,,Коммунарка,,,Москва,Россия,Пн: 00:15-23:45; Вт: 00:15-23:45; Ср: 00:15-23:45; Чт: 00:15-23:45; Пт: 00:15-23:45; Сб: 00:15-23:45; Вс: 00:15-23:45,+03:00,4.5,58,88007700400,,,info@x5.ru,,,http://5ka.ru/catalog?utm_source=2gis&utm_medium=cpm&utm_campaign=000161-17_igronik_media_5ka_promo_04_2026%7Cformat_banner%7Ctype_banner&utm_content=%7Ccreo_1&utm_term,http://max.ru/tspyaterochka,,,,,https://twitter.com/pyaterochka,,,,,,https://vk.com/pyaterochka_shop,,,,,,,,,,,,,,,,,,70000001017303531,55.535155,37.447603,4504235282859986,ТЦ Подсолнух,,3347,4504136498316193,Пятёрочка,супермаркет,Супермаркеты,mart,1,10,2026-06-22T08:06:33Z,,0,32,https://2gis.com/firm/70000001017303531,branch,241,https://2gis.ru/moscow/search/Супермаркеты/rubricId/350/filters/district_id=4504209520926899
Пятёрочка,супермаркет,Супермаркеты; Доставка продуктов,"Куприна проспект, 3 к1",,108834,,Коммунарка,Москва,,Москва,Россия,Пн: 09:00-22:00; Вт: 09:00-22:00; Ср: 09:00-22:00; Чт: 09:00-22:00; Пт: 09:00-22:00; Сб: 09:00-22:00; Вс: 09:00-22:00,+03:00,,,88007700400,,,info@x5.ru,,,http://5ka.ru/catalog?utm_source=2gis&utm_medium=cpm&utm_campaign=000161-17_igronik_media_5ka_promo_04_2026%7Cformat_banner%7Ctype_banner&utm_content=%7Ccreo_1&utm_term,http://max.ru/tspyaterochka,,,,,https://twitter.com/pyaterochka,,,,,,https://vk.com/pyaterochka_shop,,,,,,,,,,,,,,,,,,70000001107450115,55.557618,37.500454,70030076425888709,,,3347,4504136498316193,Пятёрочка,супермаркет,Супермаркеты,mart,2,12,2026-06-22T08:06:59Z,,0,32,https://2gis.com/firm/70000001107450115,branch,241,https://2gis.ru/moscow/search/Супермаркеты/rubricId/350/filters/district_id=4504209520926899
ВкусВилл,супермаркет,Супермаркеты; Доставка продуктов; Кулинарии; Доставка еды,"улица Александры Монаховой, 95 к1 ст1",,108826,,Коммунарка,,,Москва,Россия,Пн: 08:00-22:00; Вт: 08:00-22:00; Ср: 08:00-22:00; Чт: 08:00-22:00; Пт: 08:00-22:00; Сб: 08:00-22:00; Вс: 08:00-22:00,+03:00,4.7,52,89263942951,,,,,,http://vkusvill.ru/goods/?utm_source=2gis&utm_medium=maps&utm_campaign=glavnaya&deep_link_value=https%3A%2F%2Fvkusvill.ru%2Fmobile%3Fcatalog%2F&af_dp=vkusvill%3A%2F%2F&c=glavnaya&shortlink=5ca647b8&source_,http://max.ru/vkusvill_ru,,,,,,,,,,,https://vk.com/vkusvill_ru,,,,,,,,,https://t.me/we_are_vkusvill,,,,,,,,,70000001035552399,55.542587,37.490286,70030076138116961,,,1420,4504137598285175,ВкусВилл,супермаркет,Супермаркеты,mart,4,16,2026-06-28T05:22:46Z,,0,32,https://2gis.com/firm/70000001035552399,branch,241,https://2gis.ru/moscow/search/Супермаркеты/rubricId/350/filters/district_id=4504209520926899
Агрокомплекс Выселковский,продуктовый магазин,Супермаркеты,"улица Александры Монаховой, 92 к2",,108826,,Коммунарка,,,Москва,Россия,Пн: 09:00-22:00; Вт: 09:00-22:00; Ср: 09:00-22:00; Чт: 09:00-22:00; Пт: 09:00-22:00; Сб: 09:00-22:00; Вс: 09:00-22:00,+03:00,3.4,6,88002500690,,,,,,http://agrokomplex.ru,,,,,,,,,,,,https://vk.com/agrokomplex_ru,,,,,,,,,https://t.me/agrokomplex_msk,,,,,,,,,70000001087706850,55.543371,37.486149,70030076157403483,,,3,70000001082039692,Агрокомплекс Выселковский,продуктовый магазин,Супермаркеты,mart,1,6,2026-07-06T12:46:40Z,,0,32,https://2gis.com/firm/70000001087706850,branch,241,https://2gis.ru/moscow/search/Супермаркеты/rubricId/350/filters/district_id=4504209520926899
М.Косметик,магазин косметики и бытовой химии,Супермаркеты,"Куприна проспект, 30 к1",1 этаж,108803,,Коммунарка,Москва,,Москва,Россия,Пн: 10:00-22:00; Вт: 10:00-22:00; Ср: 10:00-22:00; Чт: 10:00-22:00; Пт: 10:00-22:00; Сб: 10:00-22:00; Вс: 10:00-22:00,+03:00,4.0,4,88007006303 (горячая линия: пн-вс 7:00-23:00),88002009002 (горячая линия: пн-вс 7:00-23:00),,info@magnit.ru,,,http://cosmetic.magnit.ru/?utm_source=_geopriority_&utm_medium=&utm_campaign=_MK_Geoprioritety_-&utm_content=main&utm_term=,http://max.ru/magnitcosmeticofficial,,,,,,,,,,,https://vk.com/magnitcosmetic,,,,,,,,,https://t.me/Magnit_official_Bot,https://t.me/magnit_retail,,,,,,,,70000001093619970,55.540612,37.4599,70030076474589790,,,507,4504137598409011,М.Косметик,магазин косметики и бытовой химии,Супермаркеты,mart,1,3,2026-05-28T04:12:38Z,,0,32,https://2gis.com/firm/70000001093619970,branch,241,https://2gis.ru/moscow/search/Супермаркеты/rubricId/350/filters/district_id=4504209520926899
Магнит,супермаркет,Супермаркеты,"улица Александры Монаховой, 96 к2",,108826,,Коммунарка,,,Москва,Россия,Пн: 08:00-23:00; Вт: 08:00-23:00; Ср: 08:00-23:00; Чт: 08:00-23:00; Пт: 08:00-23:00; Сб: 08:00-23:00; Вс: 08:00-23:00,+03:00,4.6,34,88002009002 (единая справочная: пн-вс 6:00-00:00),,,info@magnit.ru,,,http://magnit.ru/?utm_source=_geopriority_&utm_medium=&utm_campaign=_MM_Geoprioritety_-&utm_content=main&utm_term=,,,,,,,,,,,,https://vk.com/magnitretail,,,,,,,,,https://t.me/magnit_retail,,,,,,,,,70000001028838230,55.54097,37.486091,4504235321549273,,,1562,4504137598701571,Магнит,супермаркет,Супермаркеты,mart,1,7,2026-07-02T13:04:36Z,,0,32,https://2gis.com/firm/70000001028838230,branch,241,https://2gis.ru/moscow/search/Супермаркеты/rubricId/350/filters/district_id=4504209520926899
ВкусВилл,супермаркет,Супермаркеты; Доставка продуктов; Доставка еды; Кулинарии,"Скандинавский бульвар, 6",1 этаж,108801,,Коммунарка,,,Москва,Россия,Пн: 09:00-22:00; Вт: 09:00-22:00; Ср: 09:00-22:00; Чт: 09:00-22:00; Пт: 09:00-22:00; Сб: 09:00-22:00; Вс: 09:00-22:00,+03:00,4.9,42,89911440205,,,,,,http://vkusvill.ru/goods/?utm_source=2gis&utm_medium=maps&utm_campaign=glavnaya&deep_link_value=https%3A%2F%2Fvkusvill.ru%2Fmobile%3Fcatalog%2F&af_dp=vkusvill%3A%2F%2F&c=glavnaya&shortlink=5ca647b8&source_,http://max.ru/vkusvill_ru,,,,,,,,,,,https://vk.com/vkusvill_ru,,,,,,,,,https://t.me/we_are_vkusvill,,,,,,,,,70000001044312186,55.566556,37.497422,70030076149064279,,,1420,4504137598285175,ВкусВилл,супермаркет,Супермаркеты,mart,4,18,2026-06-28T05:22:38Z,,0,32,https://2gis.com/firm/70000001044312186,branch,241,https://2gis.ru/moscow/search/Супермаркеты/rubricId/350/filters/district_id=4504209520926899
Пятёрочка,супермаркет,Супермаркеты,"Куприна проспект, 38 к2",1 этаж,108803,,Коммунарка,Москва,,Москва,Россия,Пн: 08:30-23:00; Вт: 08:30-23:00; Ср: 08:30-23:00; Чт: 08:30-23:00; Пт: 08:30-23:00; Сб: 08:30-23:00; Вс: 08:30-23:00,+03:00,4.6,12,88007700400,,,info@x5.ru,,,http://5ka.ru/catalog?utm_source=2gis&utm_medium=cpm&utm_campaign=000161-17_igronik_media_5ka_promo_04_2026%7Cformat_banner%7Ctype_banner&utm_content=%7Ccreo_1&utm_term,http://max.ru/tspyaterochka,,,,,https://twitter.com/pyaterochka,,,,,,https://vk.com/pyaterochka_shop,,,,,,,,,,,,,,,,,,70000001078616200,55.544225,37.458112,70030076203677897,,,3347,4504136498316193,Пятёрочка,супермаркет,Супермаркеты,mart,1,9,2026-06-22T08:07:45Z,,0,32,https://2gis.com/firm/70000001078616200,branch,241,https://2gis.ru/moscow/search/Супермаркеты/rubricId/350/filters/district_id=4504209520926899
Пятёрочка,супермаркет,Супермаркеты,"посёлок подсобного хозяйства Воскресенское, 40 к3",1 этаж,108803,,Коммунарка,,,Москва,Россия,Пн: 09:00-22:00; Вт: 09:00-22:00; Ср: 09:00-22:00; Чт: 09:00-22:00; Пт: 09:00-22:00; Сб: 09:00-22:00; Вс: 09:00-22:00,+03:00,4.7,31,88007700400,,,info@x5.ru,,,http://5ka.ru/catalog?utm_source=2gis&utm_medium=cpm&utm_campaign=000161-17_igronik_media_5ka_promo_04_2026%7Cformat_banner%7Ctype_banner&utm_content=%7Ccreo_1&utm_term,http://max.ru/tspyaterochka,,,,,https://twitter.com/pyaterochka,,,,,,https://vk.com/pyaterochka_shop,,,,,,,,,,,,,,,,,,70000001033395166,55.532938,37.449962,4504235314684351,,,3347,4504136498316193,Пятёрочка,супермаркет,Супермаркеты,mart,1,8,2026-06-22T08:06:35Z,,0,32,https://2gis.com/firm/70000001033395166,branch,241,https://2gis.ru/moscow/search/Супермаркеты/rubricId/350/filters/district_id=4504209520926899
Заряд,супермаркет,Супермаркеты,"Прокшинский проспект, 5",,108802,,Коммунарка,Москва,,Москва,Россия,Пн: 09:00-22:00; Вт: 09:00-22:00; Ср: 09:00-22:00; Чт: 09:00-22:00; Пт: 09:00-22:00; Сб: 09:00-22:00; Вс: 09:00-22:00,+03:00,5.0,1,88002005348,,,,,,http://magnit.ru/?utm_medium=&utm_campaign=_MM_Geoprioritety_-&utm_content=main&utm_term=,,,,,,,,,,,,https://vk.com/magnitretail,,,,,,,,,,,,,,,,,,70000001109647569,55.592033,37.429937,70030076455864545,,,47,70000001103711678,Заряд,супермаркет,Супермаркеты,mart,1,7,2026-04-15T09:04:05Z,,0,32,https://2gis.com/firm/70000001109647569,branch,241,https://2gis.ru/moscow/search/Супермаркеты/rubricId/350/filters/district_id=4504209520926899
Экопрод,минимаркет,Супермаркеты,"посёлок Завода Мосрентген, 88ю",1 этаж,142704,,Коммунарка,,,Москва,Россия,Пн: 09:00-21:00; Вт: 09:00-21:00; Ср: 09:00-21:00; Чт: 09:00-21:00; Пт: 09:00-21:00; Сб: 09:00-21:00; Вс: 09:00-21:00,+03:00,,,,,,,,,,,,,,,,,,,,,,,,,,,,,,,,,,,,,,,70000001058904452,55.604943,37.482856,4504235283048084,,,1,70000001058904451,Экопрод,минимаркет,Супермаркеты,mart,1,3,2026-04-16T09:42:32Z,,0,32,https://2gis.com/firm/70000001058904452,branch,241,https://2gis.ru/moscow/search/Супермаркеты/rubricId/350/filters/district_id=4504209520926899
ВкусВилл,супермаркет,Супермаркеты; Доставка продуктов; Кулинарии; Доставка еды,"посёлок подсобного хозяйства Воскресенское, 29а",,108803,,Коммунарка,,,Москва,Россия,Пн: 09:00-22:00; Вт: 09:00-22:00; Ср: 09:00-22:00; Чт: 09:00-22:00; Пт: 09:00-22:00; Сб: 09:00-22:00; Вс: 09:00-22:00,+03:00,4.9,4,89260320751,,,,,,http://vkusvill.ru/goods/?utm_source=2gis&utm_medium=maps&utm_campaign=glavnaya&deep_link_value=https%3A%2F%2Fvkusvill.ru%2Fmobile%3Fcatalog%2F&af_dp=vkusvill%3A%2F%2F&c=glavnaya&shortlink=5ca647b8&source_,http://max.ru/vkusvill_ru,,,,,,,,,,,https://vk.com/vkusvill_ru,,,,,,,,,https://t.me/we_are_vkusvill,,,,,,,,,70000001032519532,55.529944,37.445511,4504235283111373,,,1420,4504137598285175,ВкусВилл,супермаркет,Супермаркеты,mart,4,16,2026-06-28T05:22:33Z,,0,32,https://2gis.com/firm/70000001032519532,branch,241,https://2gis.ru/moscow/search/Супермаркеты/rubricId/350/filters/district_id=4504209520926899
Пятёрочка,супермаркет,Супермаркеты; Доставка продуктов,"улица Картмазовские Пруды, 2 к3",1 этаж,108811,,Коммунарка,Москва,,Москва,Россия,Пн: 09:00-23:00; Вт: 09:00-23:00; Ср: 09:00-23:00; Чт: 09:00-23:00; Пт: 09:00-23:00; Сб: 09:00-23:00; Вс: 09:00-23:00,+03:00,4.6,40,88007700400,,,info@x5.ru,,,http://5ka.ru/catalog?utm_source=2gis&utm_medium=cpm&utm_campaign=000161-17_igronik_media_5ka_promo_04_2026%7Cformat_banner%7Ctype_banner&utm_content=%7Ccreo_1&utm_term,http://max.ru/tspyaterochka,,,,,https://twitter.com/pyaterochka,,,,,,https://vk.com/pyaterochka_shop,,,,,,,,,,,,,,,,,,70000001063816773,55.614088,37.386685,70030076173658504,,,3347,4504136498316193,Пятёрочка,супермаркет,Супермаркеты,mart,2,9,2026-06-22T08:06:33Z,,0,32,https://2gis.com/firm/70000001063816773,branch,241,https://2gis.ru/moscow/search/Супермаркеты/rubricId/350/filters/district_id=4504209520926899
ВкусВилл,супермаркет,Супермаркеты; Доставка продуктов; Кулинарии; Доставка еды,"улица Малое Понизовье, 10",1 этаж,108802,,Коммунарка,Москва,,Москва,Россия,Пн: 09:00-22:00; Вт: 09:00-22:00; Ср: 09:00-22:00; Чт: 09:00-22:00; Пт: 09:00-22:00; Сб: 09:00-22:00; Вс: 09:00-22:00,+03:00,4.7,35,89256602095,,,,,,http://vkusvill.ru/goods/?utm_source=2gis&utm_medium=maps&utm_campaign=glavnaya&deep_link_value=https%3A%2F%2Fvkusvill.ru%2Fmobile%3Fcatalog%2F&af_dp=vkusvill%3A%2F%2F&c=glavnaya&shortlink=5ca647b8&source_,http://max.ru/vkusvill_ru,,,,,,,,,,,https://vk.com/vkusvill_ru,,,,,,,,,https://t.me/we_are_vkusvill,,,,,,,,,70000001064060124,55.601623,37.410499,70030076178151755,,,1420,4504137598285175,ВкусВилл,супермаркет,Супермаркеты,mart,4,17,2026-06-28T05:22:44Z,,0,32,https://2gis.com/firm/70000001064060124,branch,241,https://2gis.ru/moscow/search/Супермаркеты/rubricId/350/filters/district_id=4504209520926899
Первым делом,минимаркет,Супермаркеты,"Новомихайловское шоссе, 1 к4",,142704,,Коммунарка,Москва,,Москва,Россия,Пн: 08:00-24:00; Вт: 08:00-24:00; Ср: 08:00-24:00; Чт: 08:00-24:00; Пт: 08:00-24:00; Сб: 08:00-24:00; Вс: 08:00-24:00,+03:00,1.0,2,84952233337,89251999038,,,,,,,,,,,,,,,,,,,,,,,,,,,,,,,,,,,70000001109710665,55.606862,37.472908,70030076212055791,,,92,70000001025790117,Первым делом,минимаркет,Супермаркеты,mart,1,4,2026-03-20T08:18:37Z,,0,32,https://2gis.com/firm/70000001109710665,branch,241,https://2gis.ru/moscow/search/Супермаркеты/rubricId/350/filters/district_id=4504209520926899
Азбука daily,супермаркет,Супермаркеты; Доставка продуктов,"Садовая улица, 1 к1",1 этаж,108803,Антоновка коттеджный пос.,Коммунарка,,,Москва,Россия,Пн: 00:00-24:00; Вт: 00:00-24:00; Ср: 00:00-24:00; Чт: 00:00-24:00; Пт: 00:00-24:00; Сб: 00:00-24:00; Вс: 00:00-24:00,+03:00,5.0,25,88007003487 (бесплатная единая справочная: пн-вс 9:00-21:00),,,,,,http://av.ru,http://dzen.ru/azbukavkusa,http://max.ru/azbukavkusa,,,,,,,,,,https://vk.com/azbukavkusa,,,,,,,,,,,,,,,,,,70000001043536569,55.572965,37.392078,4504235282826361,,,56,70000001046146554,Азбука daily,супермаркет,Супермаркеты,mart,2,9,2026-05-28T06:51:33Z,,0,32,https://2gis.com/firm/70000001043536569,branch,241,https://2gis.ru/moscow/search/Супермаркеты/rubricId/350/filters/district_id=4504209520926899
ВкусВилл,супермаркет,Супермаркеты,"Красулинская улица, 24",1 этаж,108802,,Коммунарка,Москва,,Москва,Россия,Пн: 09:00-22:00; Вт: 09:00-22:00; Ср: 09:00-22:00; Чт: 09:00-22:00; Пт: 09:00-22:00; Сб: 09:00-22:00; Вс: 09:00-22:00,+03:00,4.6,8,89299079689,,,,,,http://vkusvill.ru/goods/?utm_source=2gis&utm_medium=maps&utm_campaign=glavnaya&deep_link_value=https%3A%2F%2Fvkusvill.ru%2Fmobile%3Fcatalog%2F&af_dp=vkusvill%3A%2F%2F&c=glavnaya&shortlink=5ca647b8&source_,http://max.ru/vkusvill_ru,,,,,,,,,,,https://vk.com/vkusvill_ru,,,,,,,,,https://t.me/we_are_vkusvill,,,,,,,,,70000001083525653,55.60651,37.412482,70030076318304390,,,1420,4504137598285175,ВкусВилл,супермаркет,Супермаркеты,mart,1,11,2026-06-28T05:22:29Z,,0,32,https://2gis.com/firm/70000001083525653,branch,241,https://2gis.ru/moscow/search/Супермаркеты/rubricId/350/filters/district_id=4504209520926899
Авокадо,минимаркет,Супермаркеты,"посёлок подсобного хозяйства Воскресенское, 34",1 этаж,108803,,Коммунарка,,,Москва,Россия,Пн: 08:00-23:00; Вт: 08:00-23:00; Ср: 08:00-23:00; Чт: 08:00-23:00; Пт: 08:00-23:00; Сб: 08:00-23:00; Вс: 08:00-23:00,+03:00,3.7,2,88002007575,,,,,,http://авокадо.рф,http://max.ru/avocado_grocery_stores,,,,,,,,,,,,,,,,,,,,https://t.me/avocadoswnn,,,,,,,,,70000001045610837,55.533091,37.447032,4504235282823632,,,687,70000001041565312,Авокадо,минимаркет,Супермаркеты,mart,1,4,2026-03-05T13:56:52Z,,0,32,https://2gis.com/firm/70000001045610837,branch,241,https://2gis.ru/moscow/search/Супермаркеты/rubricId/350/filters/district_id=4504209520926899
Дикси,супермаркет,Супермаркеты,"посёлок Завода Мосрентген, 35",,108820,,Коммунарка,,,Москва,Россия,Пн: 08:00-23:00; Вт: 08:00-23:00; Ср: 08:00-23:00; Чт: 08:00-23:00; Пт: 08:00-23:00; Сб: 08:00-23:00; Вс: 08:00-23:00,+03:00,4.3,66,88001011001,,,,,,http://dixy.ru,,,,,,,,,,,,https://vk.com/dixyclub,,,,,,,,,https://t.me/dixy_russia,,,https://youtube.com/user/dixychannel,,,,,,70000001019027135,55.621493,37.474404,4504235283110726,,,1418,4504136498313374,Дикси,супермаркет,Супермаркеты,mart,1,9,2026-06-25T04:05:46Z,,0,32,https://2gis.com/firm/70000001019027135,branch,241,https://2gis.ru/moscow/search/Супермаркеты/rubricId/350/filters/district_id=4504209520926899
ВкусВилл,супермаркет,Супермаркеты; Доставка продуктов; Доставка еды,"Саларьевская улица, 14 к2",,108811,,Коммунарка,Москва,,Москва,Россия,Пн: 08:00-23:00; Вт: 08:00-23:00; Ср: 08:00-23:00; Чт: 08:00-23:00; Пт: 08:00-23:00; Сб: 08:00-23:00; Вс: 08:00-23:00,+03:00,3.9,11,89295229014,,,,,,http://onelink.me/psD7/5ca647b8,http://max.ru/vkusvill_ru,,,,,,,,,,,https://vk.com/vkusvill_ru,,,,,,,,,https://t.me/we_are_vkusvill,,,,,,,,,70000001047800912,55.617712,37.410684,70030076142594874,,,1420,4504137598285175,ВкусВилл,супермаркет,Супермаркеты,mart,3,19,2026-06-28T05:22:33Z,,0,32,https://2gis.com/firm/70000001047800912,branch,241,https://2gis.ru/moscow/search/Супермаркеты/rubricId/350/filters/district_id=4504209520926899
Минимаркет,,Супермаркеты,"МКАД 42 километр, 1 ст1",38 павильон; 1 этаж,142704,,Коммунарка,Москва,,Москва,Россия,Пн: 08:00-20:00; Вт: 08:00-20:00; Ср: 08:00-20:00; Чт: 08:00-20:00; Пт: 08:00-20:00; Сб: 08:00-20:00; Вс: 08:00-20:00,+03:00,,,,,,,,,,,,,,,,,,,,,,,,,,,,,,,,,,,,,,,70000001101461588,55.612401,37.486961,4504235282831080,,,1,70000001101461587,Минимаркет,Минимаркет,Супермаркеты,mart,1,6,2026-04-13T12:22:04Z,,0,32,https://2gis.com/firm/70000001101461588,branch,241,https://2gis.ru/moscow/search/Супермаркеты/rubricId/350/filters/district_id=4504209520926899
Пятёрочка,супермаркет,Супермаркеты; Доставка продуктов,"улица Александры Монаховой, 88 к3",1 этаж,108826,,Коммунарка,,,Москва,Россия,Пн: 09:00-22:00; Вт: 09:00-22:00; Ср: 09:00-22:00; Чт: 09:00-22:00; Пт: 09:00-22:00; Сб: 09:00-22:00; Вс: 09:00-22:00,+03:00,4.7,49,88007700400,,,info@x5.ru,,,http://5ka.ru/catalog?utm_source=2gis&utm_medium=cpm&utm_campaign=000161-17_igronik_media_5ka_promo_04_2026%7Cformat_banner%7Ctype_banner&utm_content=%7Ccreo_1&utm_term,http://max.ru/tspyaterochka,,,,,https://twitter.com/pyaterochka,,,,,,https://vk.com/pyaterochka_shop,,,,,,,,,,,,,,,,,,70000001043750405,55.54391,37.484273,70030076143915493,,,3347,4504136498316193,Пятёрочка,супермаркет,Супермаркеты,mart,2,7,2026-06-22T08:07:24Z,,0,32,https://2gis.com/firm/70000001043750405,branch,241,https://2gis.ru/moscow/search/Супермаркеты/rubricId/350/filters/district_id=4504209520926899
Пятёрочка,супермаркет,Супермаркеты,"посёлок подсобного хозяйства Воскресенское, 40 к3",1 этаж,108803,,Коммунарка,,,Москва,Россия,Пн: 09:00-22:00; Вт: 09:00-22:00; Ср: 09:00-22:00; Чт: 09:00-22:00; Пт: 09:00-22:00; Сб: 09:00-22:00; Вс: 09:00-22:00,+03:00,4.7,31,88007700400,,,info@x5.ru,,,http://5ka.ru/catalog?utm_source=2gis&utm_medium=cpm&utm_campaign=000161-17_igronik_media_5ka_promo_04_2026%7Cformat_banner%7Ctype_banner&utm_content=%7Ccreo_1&utm_term,http://max.ru/tspyaterochka,,,,,https://twitter.com/pyaterochka,,,,,,https://vk.com/pyaterochka_shop,,,,,,,,,,,,,,,,,,70000001033395166,55.532938,37.449962,4504235314684351,,,3347,4504136498316193,Пятёрочка,супермаркет,Супермаркеты,mart,1,8,2026-06-22T08:06:35Z,,0,32,https://2gis.com/firm/70000001033395166,branch,241,https://2gis.ru/moscow/search/Супермаркеты/rubricId/350/filters/district_id=4504209520926899
Пятёрочка,супермаркет,Супермаркеты,"Куприна проспект, 38 к2",1 этаж,108803,,Коммунарка,Москва,,Москва,Россия,Пн: 08:30-23:00; Вт: 08:30-23:00; Ср: 08:30-23:00; Чт: 08:30-23:00; Пт: 08:30-23:00; Сб: 08:30-23:00; Вс: 08:30-23:00,+03:00,4.6,12,88007700400,,,info@x5.ru,,,http://5ka.ru/catalog?utm_source=2gis&utm_medium=cpm&utm_campaign=000161-17_igronik_media_5ka_promo_04_2026%7Cformat_banner%7Ctype_banner&utm_content=%7Ccreo_1&utm_term,http://max.ru/tspyaterochka,,,,,https://twitter.com/pyaterochka,,,,,,https://vk.com/pyaterochka_shop,,,,,,,,,,,,,,,,,,70000001078616200,55.544225,37.458112,70030076203677897,,,3347,4504136498316193,Пятёрочка,супермаркет,Супермаркеты,mart,1,9,2026-06-22T08:07:45Z,,0,32,https://2gis.com/firm/70000001078616200,branch,241,https://2gis.ru/moscow/search/Супермаркеты/rubricId/350/filters/district_id=4504209520926899
Фасоль,минимаркет,Супермаркеты,"улица Потаповская Роща, 2 к1",цокольный этаж,108826,Бутовские аллеи м-н,Коммунарка,,,Москва,Россия,Пн: 09:00-23:00; Вт: 09:00-23:00; Ср: 09:00-23:00; Чт: 09:00-23:00; Пт: 09:00-23:00; Сб: 09:00-23:00; Вс: 09:00-23:00,+03:00,4.6,18,88007001077 (единая справочная),,,,,,http://myfasol.ru,,,,,,,,,,,,,,,,,,,,,,,,,,,,,,70000001039763199,55.545048,37.494439,4504235283152846,,,132,4504137598352375,Фасоль,минимаркет,Супермаркеты,mart,1,6,2026-07-05T13:19:38Z,,0,32,https://2gis.com/firm/70000001039763199,branch,241,https://2gis.ru/moscow/search/Супермаркеты/rubricId/350/filters/district_id=4504209520926899
Дикси,супермаркет,Супермаркеты,"Куприна проспект, 11 к1",,117041,,Коммунарка,Москва,,Москва,Россия,Пн: 08:00-23:00; Вт: 08:00-23:00; Ср: 08:00-23:00; Чт: 08:00-23:00; Пт: 08:00-23:00; Сб: 08:00-23:00; Вс: 08:00-23:00,+03:00,,,88001011001,,,,,,http://dixy.ru,,,,,,,,,,,,https://vk.com/dixyclub,,,,,,,,,https://t.me/dixy_russia,,,https://youtube.com/user/dixychannel,,,,,,70000001114538335,55.538528,37.472962,70030076788060735,,,1418,4504136498313374,Дикси,супермаркет,Супермаркеты,mart,1,1,2026-06-25T04:05:47Z,,0,32,https://2gis.com/firm/70000001114538335,branch,241,https://2gis.ru/moscow/search/Супермаркеты/rubricId/350/filters/district_id=4504209520926899
ВкусВилл,супермаркет,Супермаркеты; Доставка продуктов; Кулинарии; Доставка еды,"улица Александры Монаховой, 94 к1",,108826,,Коммунарка,,,Москва,Россия,Пн: 09:00-22:00; Вт: 09:00-22:00; Ср: 09:00-22:00; Чт: 09:00-22:00; Пт: 09:00-22:00; Сб: 09:00-22:00; Вс: 09:00-22:00,+03:00,3.5,9,89915791501,,,,,,http://vkusvill.ru/goods/?utm_source=2gis&utm_medium=maps&utm_campaign=glavnaya&deep_link_value=https%3A%2F%2Fvkusvill.ru%2Fmobile%3Fcatalog%2F&af_dp=vkusvill%3A%2F%2F&c=glavnaya&shortlink=5ca647b8&source_,http://max.ru/vkusvill_ru,,,,,,,,,,,https://vk.com/vkusvill_ru,,,,,,,,,https://t.me/we_are_vkusvill,,,,,,,,,70000001039895214,55.542501,37.48438,70030076131968689,,,1420,4504137598285175,ВкусВилл,супермаркет,Супермаркеты,mart,4,18,2026-06-28T05:22:46Z,,0,32,https://2gis.com/firm/70000001039895214,branch,241,https://2gis.ru/moscow/search/Супермаркеты/rubricId/350/filters/district_id=4504209520926899
Магнит,супермаркет,Супермаркеты,"Куприна проспект, 7 к2",,117041,,Коммунарка,Москва,,Москва,Россия,Пн: 08:00-23:00; Вт: 08:00-23:00; Ср: 08:00-23:00; Чт: 08:00-23:00; Пт: 08:00-23:00; Сб: 08:00-23:00; Вс: 08:00-23:00,+03:00,1.7,1,88002009002 (единая справочная: пн-вс 6:00-00:00),,,info@magnit.ru,,,http://magnit.ru/?utm_source=_geopriority_&utm_medium=&utm_campaign=_MM_Geoprioritety_-&utm_content=main&utm_term=,,,,,,,,,,,,https://vk.com/magnitretail,,,,,,,,,https://t.me/magnit_retail,,,,,,,,,70000001110794114,55.5415,37.478101,70030076466897184,,,1562,4504137598701571,Магнит,супермаркет,Супермаркеты,mart,1,11,2026-01-19T14:22:23Z,,0,32,https://2gis.com/firm/70000001110794114,branch,241,https://2gis.ru/moscow/search/Супермаркеты/rubricId/350/filters/district_id=4504209520926899
Пятёрочка,супермаркет,Супермаркеты,"160 квартал, 1в к4",,108814,,Коммунарка,Москва,,Москва,Россия,Пн: 09:00-22:00; Вт: 09:00-22:00; Ср: 09:00-22:00; Чт: 09:00-22:00; Пт: 09:00-22:00; Сб: 09:00-22:00; Вс: 09:00-22:00,+03:00,,,88007700400,,,info@x5.ru,,,http://5ka.ru/catalog?utm_source=2gis&utm_medium=cpm&utm_campaign=000161-17_igronik_media_5ka_promo_04_2026%7Cformat_banner%7Ctype_banner&utm_content=%7Ccreo_1&utm_term,http://max.ru/tspyaterochka,,,,,https://twitter.com/pyaterochka,,,,,,https://vk.com/pyaterochka_shop,,,,,,,,,,,,,,,,,,70000001115618075,55.553259,37.47397,70030076552378789,,,3347,4504136498316193,Пятёрочка,супермаркет,Супермаркеты,mart,1,1,2026-07-01T05:28:54Z,,0,32,https://2gis.com/firm/70000001115618075,branch,241,https://2gis.ru/moscow/search/Супермаркеты/rubricId/350/filters/district_id=4504209520926899
Верный,универсам,Супермаркеты,"улица Александры Монаховой, 90 к4",,108826,,Коммунарка,,,Москва,Россия,Пн: 08:00-23:00; Вт: 08:00-23:00; Ср: 08:00-23:00; Чт: 08:00-23:00; Пт: 08:00-23:00; Сб: 08:00-23:00; Вс: 08:00-23:00,+03:00,4.4,39,88126010110,,,,,,http://verno-info.ru,,,,,,,,,,,,https://vk.com/verny_official,,,,,,,,,,,,,,,,,,70000001054456631,55.543145,37.47958,70030076160147189,,,539,4504137598364786,Верный,универсам,Супермаркеты,mart,1,6,2026-07-09T15:30:16Z,,0,32,https://2gis.com/firm/70000001054456631,branch,241,https://2gis.ru/moscow/search/Супермаркеты/rubricId/350/filters/district_id=4504209520926899
ВкусВилл,супермаркет,Супермаркеты; Кулинарии; Доставка продуктов; Доставка еды,"Куприна проспект, 24 к2",,108826,,Коммунарка,Москва,,Москва,Россия,Пн: 09:00-23:00; Вт: 09:00-23:00; Ср: 09:00-23:00; Чт: 09:00-23:00; Пт: 09:00-23:00; Сб: 09:00-23:00; Вс: 09:00-23:00,+03:00,5.0,8,89296157530,,,,,,http://vkusvill.ru/goods/?utm_source=2gis&utm_medium=maps&utm_campaign=glavnaya&deep_link_value=https%3A%2F%2Fvkusvill.ru%2Fmobile%3Fcatalog%2F&af_dp=vkusvill%3A%2F%2F&c=glavnaya&shortlink=5ca647b8&source_,http://max.ru/vkusvill_ru,,,,,,,,,,,https://vk.com/vkusvill_ru,,,,,,,,,https://t.me/we_are_vkusvill,,,,,,,,,70000001080802447,55.544465,37.47872,70030076190423044,,,1420,4504137598285175,ВкусВилл,супермаркет,Супермаркеты,mart,4,17,2026-07-06T05:21:11Z,,0,32,https://2gis.com/firm/70000001080802447,branch,241,https://2gis.ru/moscow/search/Супермаркеты/rubricId/350/filters/district_id=4504209520926899
Первым делом,минимаркет,Супермаркеты,"улица Картмазовские Пруды, 2 к1",,108811,,Коммунарка,Москва,,Москва,Россия,Пн: 00:00-24:00; Вт: 00:00-24:00; Ср: 00:00-24:00; Чт: 00:00-24:00; Пт: 00:00-24:00; Сб: 00:00-24:00; Вс: 00:00-24:00,+03:00,1.9,1,84952233337,89251999038,,,,,,,,,,,,,,,,,,,,,,,,,,,,,,,,,,,70000001069400184,55.615282,37.384094,70030076157960118,,,92,70000001025790117,Первым делом,минимаркет,Супермаркеты,mart,1,4,2025-12-18T14:03:35Z,,0,32,https://2gis.com/firm/70000001069400184,branch,241,https://2gis.ru/moscow/search/Супермаркеты/rubricId/350/filters/district_id=4504209520926899
Дикси,супермаркет,Супермаркеты,"посёлок подсобного хозяйства Воскресенское, 16а",,108803,,Коммунарка,,,Москва,Россия,Пн: 00:00-24:00; Вт: 00:00-24:00; Ср: 00:00-24:00; Чт: 00:00-24:00; Пт: 00:00-24:00; Сб: 00:00-24:00; Вс: 00:00-24:00,+03:00,4.7,47,88001011001,,,,,,http://dixy.ru,,,,,,,,,,,,https://vk.com/dixyclub,,,,,,,,,https://t.me/dixy_russia,,,https://youtube.com/user/dixychannel,,,,,,4504128908520529,55.526721,37.446395,4504235282704519,,,1418,4504136498313374,Дикси,супермаркет,Супермаркеты,mart,1,12,2026-06-25T04:06:03Z,,0,32,https://2gis.com/firm/4504128908520529,branch,241,https://2gis.ru/moscow/search/Супермаркеты/rubricId/350/filters/district_id=4504209520926899
Фасоль,минимаркет,Супермаркеты,"улица Потаповская Роща, 2 к1",цокольный этаж,108826,Бутовские аллеи м-н,Коммунарка,,,Москва,Россия,Пн: 09:00-23:00; Вт: 09:00-23:00; Ср: 09:00-23:00; Чт: 09:00-23:00; Пт: 09:00-23:00; Сб: 09:00-23:00; Вс: 09:00-23:00,+03:00,4.6,18,88007001077 (единая справочная),,,,,,http://myfasol.ru,,,,,,,,,,,,,,,,,,,,,,,,,,,,,,70000001039763199,55.545048,37.494439,4504235283152846,,,132,4504137598352375,Фасоль,минимаркет,Супермаркеты,mart,1,6,2026-07-05T13:19:38Z,,0,32,https://2gis.com/firm/70000001039763199,branch,241,https://2gis.ru/moscow/search/Супермаркеты/rubricId/350/filters/district_id=4504209520926899
Заряд,супермаркет,Супермаркеты,"Куприна проспект, 7 к1",,117041,,Коммунарка,Москва,,Москва,Россия,Пн: 08:00-22:30; Вт: 08:00-22:30; Ср: 08:00-22:30; Чт: 08:00-22:30; Пт: 08:00-22:30; Сб: 08:00-22:30; Вс: 08:00-22:30,+03:00,5.0,1,88002005348,,,,,,http://magnit.ru/?utm_source=_geopriority_&utm_medium=&utm_campaign=_MM_Geoprioritety_-&utm_content=main&utm_term=,,,,,,,,,,,,https://vk.com/magnitretail,,,,,,,,,,,,,,,,,,70000001105112718,55.541663,37.476002,70030076444248508,,,47,70000001103711678,Заряд,супермаркет,Супермаркеты,mart,1,8,2026-07-02T13:03:25Z,,0,32,https://2gis.com/firm/70000001105112718,branch,241,https://2gis.ru/moscow/search/Супермаркеты/rubricId/350/filters/district_id=4504209520926899
Магнит,супермаркет,Супермаркеты,"Скандинавский бульвар, 23 к1",1 этаж,108834,,Коммунарка,,,Москва,Россия,Пн: 08:00-23:00; Вт: 08:00-23:00; Ср: 08:00-23:00; Чт: 08:00-23:00; Пт: 08:00-23:00; Сб: 08:00-23:00; Вс: 08:00-23:00,+03:00,4.7,92,88002009002 (единая справочная: пн-вс 6:00-00:00),,,info@magnit.ru,,,http://magnit.ru/?utm_source=_geopriority_&utm_medium=&utm_campaign=_MM_Geoprioritety_-&utm_content=main&utm_term=,,,,,,,,,,,,https://vk.com/magnitretail,,,,,,,,,https://t.me/magnit_retail,,,,,,,,,4504127908808578,55.554358,37.512339,70030076170032174,,,1562,4504137598701571,Магнит,супермаркет,Супермаркеты,mart,1,10,2026-07-02T13:00:42Z,,0,32,https://2gis.com/firm/4504127908808578,branch,241,https://2gis.ru/moscow/search/Супермаркеты/rubricId/350/filters/district_id=4504209520926899
Магнит,супермаркет,Супермаркеты,"Кронбургская улица, 1 к6",,108803,Кронбург пос. таунхаусов,Коммунарка,,,Москва,Россия,Пн: 09:00-22:00; Вт: 09:00-22:00; Ср: 09:00-22:00; Чт: 09:00-22:00; Пт: 09:00-22:00; Сб: 09:00-22:00; Вс: 09:00-22:00,+03:00,3.9,15,88002009002 (единая справочная: пн-вс 6:00-00:00),,,info@magnit.ru,,,http://magnit.ru/?utm_source=_geopriority_&utm_medium=&utm_campaign=_MM_Geoprioritety_-&utm_content=main&utm_term=,,,,,,,,,,,,https://vk.com/magnitretail,,,,,,,,,https://t.me/magnit_retail,,,,,,,,,70000001029830584,55.532716,37.461836,4504235283119715,,,1562,4504137598701571,Магнит,супермаркет,Супермаркеты,mart,1,5,2026-07-02T13:04:36Z,,0,32,https://2gis.com/firm/70000001029830584,branch,241,https://2gis.ru/moscow/search/Супермаркеты/rubricId/350/filters/district_id=4504209520926899
Винлаб,супермаркет напитков,Супермаркеты; Алкогольные напитки,"Скандинавский бульвар, 19",1 этаж,108834,,Коммунарка,,,Москва,Россия,Пн: 10:00-23:00; Вт: 10:00-23:00; Ср: 10:00-23:00; Чт: 10:00-23:00; Пт: 10:00-23:00; Сб: 10:00-23:00; Вс: 10:00-23:00 (Время продажи алкоголя ограничено.),+03:00,5.0,7,88003017755,,,,,,http://b2b.winelab.ru,http://max.ru/winelab_ru,,,,,,,,,,,https://vk.com/winelabru,,,,,,,,,https://t.me/winelab_chatbot,,,,,,,,,70000001066021130,55.55689,37.50984,70030076199558084,,,1163,70000001019234769,Винлаб,супермаркет напитков,Супермаркеты,mart,2,4,2026-07-07T13:29:15Z,,0,32,https://2gis.com/firm/70000001066021130,branch,241,https://2gis.ru/moscow/search/Супермаркеты/rubricId/350/filters/district_id=4504209520926899
ВкусВилл,супермаркет,Супермаркеты,"улица Александры Монаховой, 94 к3",,108826,,Коммунарка,,,Москва,Россия,Пн: 08:00-22:00; Вт: 08:00-22:00; Ср: 08:00-22:00; Чт: 08:00-22:00; Пт: 08:00-22:00; Сб: 08:00-22:00; Вс: 08:00-22:00,+03:00,2.1,3,89267619172,,,,,,http://vkusvill.ru/goods/?utm_source=2gis&utm_medium=maps&utm_campaign=glavnaya&deep_link_value=https%3A%2F%2Fvkusvill.ru%2Fmobile%3Fcatalog%2F&af_dp=vkusvill%3A%2F%2F&c=glavnaya&shortlink=5ca647b8&source_,http://max.ru/vkusvill_ru,,,,,,,,,,,https://vk.com/vkusvill_ru,,,,,,,,,https://t.me/we_are_vkusvill,,,,,,,,,70000001094451248,55.541643,37.479084,4504235321549893,,,1420,4504137598285175,ВкусВилл,супермаркет,Супермаркеты,mart,1,8,2026-06-28T05:22:41Z,,0,32,https://2gis.com/firm/70000001094451248,branch,241,https://2gis.ru/moscow/search/Супермаркеты/rubricId/350/filters/district_id=4504209520926899
Мини-маркет,,Супермаркеты,"улица Липовый парк, 6",1 этаж,108801,,Коммунарка,,,Москва,Россия,Пн: 08:00-23:00; Вт: 08:00-23:00; Ср: 08:00-23:00; Чт: 08:00-23:00; Пт: 08:00-23:00; Сб: 08:00-23:00; Вс: 08:00-23:00,+03:00,1.0,1,,,,,,,,,,,,,,,,,,,,,,,,,,,,,,,,,,,,,70000001049117265,55.569722,37.489518,4504235283119739,,,1,70000001049117264,Мини-маркет,Мини-маркет,Супермаркеты,mart,1,5,2025-10-21T12:47:04Z,,0,32,https://2gis.com/firm/70000001049117265,branch,241,https://2gis.ru/moscow/search/Супермаркеты/rubricId/350/filters/district_id=4504209520926899
Первым делом,минимаркет,Супермаркеты,"улица Потаповская Роща, 7 к1",цокольный этаж,108826,Бутовские аллеи м-н,Коммунарка,,,Москва,Россия,Пн: 09:00-22:00; Вт: 09:00-22:00; Ср: 09:00-22:00; Чт: 09:00-22:00; Пт: 09:00-22:00; Сб: 09:00-22:00; Вс: 09:00-22:00,+03:00,4.1,3,84952233337,89251999038,,,,,,,,,,,,,,,,,,,,,,,,,,,,,,,,,,,70000001086992671,55.547558,37.493975,4504235295538546,,,92,70000001025790117,Первым делом,минимаркет,Супермаркеты,mart,1,4,2025-11-12T18:13:47Z,,0,32,https://2gis.com/firm/70000001086992671,branch,241,https://2gis.ru/moscow/search/Супермаркеты/rubricId/350/filters/district_id=4504209520926899
Первым делом,магазин продуктов,Супермаркеты,"улица Василия Ощепкова, 4",1 этаж; рядом с аптекой Будь здоров!,108814,,Коммунарка,Москва,,Москва,Россия,Пн: 00:00-24:00; Вт: 00:00-24:00; Ср: 00:00-24:00; Чт: 00:00-24:00; Пт: 00:00-24:00; Сб: 00:00-24:00; Вс: 00:00-24:00,+03:00,2.6,5,,,,,,,,,,,,,,,,,,,,,,,,,,,,,,,,,,,,,70000001057135335,55.554104,37.465496,70030076130692712,,,1,70000001057135334,Первым делом,магазин продуктов,Супермаркеты,mart,1,5,2025-11-26T12:15:49Z,,0,32,https://2gis.com/firm/70000001057135335,branch,241,https://2gis.ru/moscow/search/Супермаркеты/rubricId/350/filters/district_id=4504209520926899
ВкусВилл,супермаркет,Супермаркеты; Доставка продуктов; Кулинарии; Доставка еды,"посёлок подсобного хозяйства Воскресенское, 29а",,108803,,Коммунарка,,,Москва,Россия,Пн: 09:00-22:00; Вт: 09:00-22:00; Ср: 09:00-22:00; Чт: 09:00-22:00; Пт: 09:00-22:00; Сб: 09:00-22:00; Вс: 09:00-22:00,+03:00,4.9,4,89260320751,,,,,,http://vkusvill.ru/goods/?utm_source=2gis&utm_medium=maps&utm_campaign=glavnaya&deep_link_value=https%3A%2F%2Fvkusvill.ru%2Fmobile%3Fcatalog%2F&af_dp=vkusvill%3A%2F%2F&c=glavnaya&shortlink=5ca647b8&source_,http://max.ru/vkusvill_ru,,,,,,,,,,,https://vk.com/vkusvill_ru,,,,,,,,,https://t.me/we_are_vkusvill,,,,,,,,,70000001032519532,55.529944,37.445511,4504235283111373,,,1420,4504137598285175,ВкусВилл,супермаркет,Супермаркеты,mart,4,16,2026-06-28T05:22:33Z,,0,32,https://2gis.com/firm/70000001032519532,branch,241,https://2gis.ru/moscow/search/Супермаркеты/rubricId/350/filters/district_id=4504209520926899
Магнит,супермаркет,Супермаркеты,"Куприна проспект, 11 к1",,117041,,Коммунарка,Москва,,Москва,Россия,Пн: 08:00-23:00; Вт: 08:00-23:00; Ср: 08:00-23:00; Чт: 08:00-23:00; Пт: 08:00-23:00; Сб: 08:00-23:00; Вс: 08:00-23:00,+03:00,,,88002009002 (единая справочная: пн-вс 6:00-00:00),,,info@magnit.ru,,,http://magnit.ru/?utm_source=_geopriority_&utm_medium=&utm_campaign=_MM_Geoprioritety_-&utm_content=main&utm_term=,,,,,,,,,,,,https://vk.com/magnitretail,,,,,,,,,https://t.me/magnit_retail,,,,,,,,,70000001115491800,55.538528,37.47316,70030076788060735,,,1562,4504137598701571,Магнит,супермаркет,Супермаркеты,mart,1,3,2026-07-02T13:02:48Z,,0,32,https://2gis.com/firm/70000001115491800,branch,241,https://2gis.ru/moscow/search/Супермаркеты/rubricId/350/filters/district_id=4504209520926899
Первым делом,супермаркет,Супермаркеты,"улица Александры Монаховой, 84 к1",,108826,,Коммунарка,,,Москва,Россия,Пн: 09:00-23:00; Вт: 09:00-23:00; Ср: 09:00-23:00; Чт: 09:00-23:00; Пт: 09:00-23:00; Сб: 09:00-23:00; Вс: 09:00-23:00,+03:00,3.1,3,84952233337,89251999038,,,,,,,,,,,,,,,,,,,,,,,,,,,,,,,,,,,70000001057888415,55.54518,37.483416,70030076165560030,,,92,70000001025790117,Первым делом,минимаркет,Супермаркеты,mart,1,5,2025-11-23T16:21:05Z,,0,32,https://2gis.com/firm/70000001057888415,branch,241,https://2gis.ru/moscow/search/Супермаркеты/rubricId/350/filters/district_id=4504209520926899
Пятёрочка,супермаркет,Супермаркеты; Доставка продуктов,"квартал 2, 5 ст1",1 этаж,108820,,Коммунарка,Москва,,Москва,Россия,Пн: 09:00-22:00; Вт: 09:00-22:00; Ср: 09:00-22:00; Чт: 09:00-22:00; Пт: 09:00-22:00; Сб: 09:00-22:00; Вс: 09:00-22:00,+03:00,3.9,5,88007700400,,,info@x5.ru,,,http://5ka.ru/catalog?utm_source=2gis&utm_medium=cpm&utm_campaign=000161-17_igronik_media_5ka_promo_04_2026%7Cformat_banner%7Ctype_banner&utm_content=%7Ccreo_1&utm_term,http://max.ru/tspyaterochka,,,,,https://twitter.com/pyaterochka,,,,,,https://vk.com/pyaterochka_shop,,,,,,,,,,,,,,,,,,70000001089229629,55.634173,37.454381,70030076284265923,,,3347,4504136498316193,Пятёрочка,супермаркет,Супермаркеты,mart,2,11,2026-06-22T08:07:59Z,,0,32,https://2gis.com/firm/70000001089229629,branch,241,https://2gis.ru/moscow/search/Супермаркеты/rubricId/350/filters/district_id=4504209520926899
Пятёрочка,супермаркет,Супермаркеты,"посёлок Завода Мосрентген, 35",,108820,,Коммунарка,,,Москва,Россия,Пн: 09:00-22:00; Вт: 09:00-22:00; Ср: 09:00-22:00; Чт: 09:00-22:00; Пт: 09:00-22:00; Сб: 09:00-22:00; Вс: 09:00-22:00,+03:00,5.0,1,88007700400,,,info@x5.ru,,,http://5ka.ru/catalog?utm_source=2gis&utm_medium=cpm&utm_campaign=000161-17_igronik_media_5ka_promo_04_2026%7Cformat_banner%7Ctype_banner&utm_content=%7Ccreo_1&utm_term,http://max.ru/tspyaterochka,,,,,https://twitter.com/pyaterochka,,,,,,https://vk.com/pyaterochka_shop,,,,,,,,,,,,,,,,,,70000001113712751,55.621556,37.474877,4504235283110726,,,3347,4504136498316193,Пятёрочка,супермаркет,Супермаркеты,mart,1,2,2026-06-22T08:06:44Z,,0,32,https://2gis.com/firm/70000001113712751,branch,241,https://2gis.ru/moscow/search/Супермаркеты/rubricId/350/filters/district_id=4504209520926899
Первым делом,минимаркет,Супермаркеты,"улица Картмазовские Пруды, 2 к1",,108811,,Коммунарка,Москва,,Москва,Россия,Пн: 00:00-24:00; Вт: 00:00-24:00; Ср: 00:00-24:00; Чт: 00:00-24:00; Пт: 00:00-24:00; Сб: 00:00-24:00; Вс: 00:00-24:00,+03:00,1.9,1,84952233337,89251999038,,,,,,,,,,,,,,,,,,,,,,,,,,,,,,,,,,,70000001069400184,55.615282,37.384094,70030076157960118,,,92,70000001025790117,Первым делом,минимаркет,Супермаркеты,mart,1,4,2025-12-18T14:03:35Z,,0,32,https://2gis.com/firm/70000001069400184,branch,241,https://2gis.ru/moscow/search/Супермаркеты/rubricId/350/filters/district_id=4504209520926899
Минимаркет,,Супермаркеты,"МКАД 42 километр, 1 ст1",38 павильон; 1 этаж,142704,,Коммунарка,Москва,,Москва,Россия,Пн: 08:00-20:00; Вт: 08:00-20:00; Ср: 08:00-20:00; Чт: 08:00-20:00; Пт: 08:00-20:00; Сб: 08:00-20:00; Вс: 08:00-20:00,+03:00,,,,,,,,,,,,,,,,,,,,,,,,,,,,,,,,,,,,,,,70000001101461588,55.612401,37.486961,4504235282831080,,,1,70000001101461587,Минимаркет,Минимаркет,Супермаркеты,mart,1,6,2026-04-13T12:22:04Z,,0,32,https://2gis.com/firm/70000001101461588,branch,241,https://2gis.ru/moscow/search/Супермаркеты/rubricId/350/filters/district_id=4504209520926899
Авокадо,минимаркет,Супермаркеты,"СНТ Красный октябрь, 72",1 этаж,108820,Красный октябрь,Коммунарка,Москва,,Москва,Россия,Пн: 09:00-23:00; Вт: 09:00-23:00; Ср: 09:00-23:00; Чт: 09:00-23:00; Пт: 09:00-23:00; Сб: 09:00-23:00; Вс: 09:00-23:00,+03:00,,,89032278336,,,,,,http://авокадо.рф,http://max.ru/avocado_grocery_stores,,,,,,,,,,,,,,,,,,,,https://t.me/avocadoswnn,,,,,,,,,70000001040552552,55.626963,37.444801,70030076172123853,,,687,70000001041565312,Авокадо,минимаркет,Супермаркеты,mart,1,6,2026-06-06T04:51:42Z,,0,32,https://2gis.com/firm/70000001040552552,branch,241,https://2gis.ru/moscow/search/Супермаркеты/rubricId/350/filters/district_id=4504209520926899
Развитие,мини-маркет,Супермаркеты,"Московская улица, 8а",,108811,,Коммунарка,,,Москва,Россия,Пн: 09:00-22:00; Вт: 09:00-22:00; Ср: 09:00-22:00; Чт: 09:00-22:00; Пт: 09:00-22:00; Сб: 09:00-22:00; Вс: 09:00-22:00,+03:00,4.1,1,,,,,,,,,,,,,,,,,,,,,,,,,,,,,,,,,,,,,4504128908748491,55.624594,37.436552,4504235283163525,,,1,70000001033716270,Развитие,мини-маркет,Супермаркеты,mart,1,5,2026-05-25T12:16:01Z,,0,32,https://2gis.com/firm/4504128908748491,branch,241,https://2gis.ru/moscow/search/Супермаркеты/rubricId/350/filters/district_id=4504209520926899
Минимаркет,,Супермаркеты,"Саларьевская улица, 16 к4",,108811,,Коммунарка,Москва,,Москва,Россия,Пн: 00:00-24:00; Вт: 00:00-24:00; Ср: 00:00-24:00; Чт: 00:00-24:00; Пт: 00:00-24:00; Сб: 00:00-24:00; Вс: 00:00-24:00,+03:00,4.9,3,,,,,,,,,,,,,,,,,,,,,,,,,,,,,,,,,,,,,70000001039183516,55.618328,37.407363,70030076142407211,,,1,70000001039183515,Минимаркет,Минимаркет,Супермаркеты,mart,1,4,2026-06-01T15:37:57Z,,0,32,https://2gis.com/firm/70000001039183516,branch,241,https://2gis.ru/moscow/search/Супермаркеты/rubricId/350/filters/district_id=4504209520926899
Минимаркет,,Супермаркеты,"Саларьевская улица, 8 к2",,108811,,Коммунарка,Москва,,Москва,Россия,Пн: 00:00-24:00; Вт: 00:00-24:00; Ср: 00:00-24:00; Чт: 00:00-24:00; Пт: 00:00-24:00; Сб: 00:00-24:00; Вс: 00:00-24:00,+03:00,1.3,5,,,,,,,,,,,,,,,,,,,,,,,,,,,,,,,,,,,,,70000001039535356,55.619404,37.416076,70030076129879390,,,1,70000001039535355,Минимаркет,Минимаркет,Супермаркеты,mart,1,6,2026-06-01T14:10:24Z,,0,32,https://2gis.com/firm/70000001039535356,branch,241,https://2gis.ru/moscow/search/Супермаркеты/rubricId/350/filters/district_id=4504209520926899
Супермаркет,,Супермаркеты,"посёлок Завода Мосрентген, 22",1 этаж,108820,,Коммунарка,,,Москва,Россия,Пн: 08:00-23:00; Вт: 08:00-23:00; Ср: 08:00-23:00; Чт: 08:00-23:00; Пт: 08:00-23:00; Сб: 08:00-23:00; Вс: 08:00-23:00,+03:00,5.0,2,89770508553,,,,,,http://t.me/mosrentgen22,,,,,,,,,,,,,,,,,,,,,,,,,,,,,,70000001019092916,55.620945,37.474286,4504235282812232,,,1,70000001019092915,Супермаркет,Супермаркет,Супермаркеты,mart,1,5,2026-03-12T14:02:24Z,,0,32,https://2gis.com/firm/70000001019092916,branch,241,https://2gis.ru/moscow/search/Супермаркеты/rubricId/350/filters/district_id=4504209520926899
Торговый центр,,Супермаркеты,"посёлок Завода Мосрентген, 22",1 этаж,108820,,Коммунарка,,,Москва,Россия,Пн: 08:00-23:00; Вт: 08:00-23:00; Ср: 08:00-23:00; Чт: 08:00-23:00; Пт: 08:00-23:00; Сб: 08:00-23:00; Вс: 08:00-23:00,+03:00,,,89770508553,,,,,,http://t.me/mosrentgen22,,,,,,,,,,,,,,,,,,,,,,,,,,,,,,70000001102113673,55.620945,37.474286,4504235282812232,,,1,70000001102113672,Торговый центр,Торговый центр,Супермаркеты,mart,1,1,2026-03-12T14:03:38Z,,0,32,https://2gis.com/firm/70000001102113673,branch,241,https://2gis.ru/moscow/search/Супермаркеты/rubricId/350/filters/district_id=4504209520926899
Мини-маркет,,Супермаркеты,"1-я Новая улица, 1в",,108811,,Коммунарка,,,Москва,Россия,Пн: 00:00-24:00; Вт: 00:00-24:00; Ср: 00:00-24:00; Чт: 00:00-24:00; Пт: 00:00-24:00; Сб: 00:00-24:00; Вс: 00:00-24:00,+03:00,3.0,1,,,,,,,,,,,,,,,,,,,,,,,,,,,,,,,,,,,,,70000001024122504,55.625011,37.439715,4504235325607613,,,1,70000001024122503,Мини-маркет,Мини-маркет,Супермаркеты,mart,1,3,2026-05-25T12:52:23Z,,0,32,https://2gis.com/firm/70000001024122504,branch,241,https://2gis.ru/moscow/search/Супермаркеты/rubricId/350/filters/district_id=4504209520926899
Мини-маркет,,Супермаркеты,"МКАД 43 километр, к35",1 этаж,108820,,Коммунарка,Москва,,Москва,Россия,Пн: 09:00-21:00; Вт: 09:00-21:00; Ср: 09:00-21:00; Чт: 09:00-21:00; Пт: 09:00-21:00; Сб: 09:00-21:00; Вс: 09:00-21:00,+03:00,,,,,,,,,,,,,,,,,,,,,,,,,,,,,,,,,,,,,,,70000001092839515,55.625373,37.466306,4504235326111261,,,1,70000001092839514,Мини-маркет,Мини-маркет,Супермаркеты,mart,1,5,2026-04-23T09:14:00Z,,0,32,https://2gis.com/firm/70000001092839515,branch,241,https://2gis.ru/moscow/search/Супермаркеты/rubricId/350/filters/district_id=4504209520926899
Пятёрочка,супермаркет,Супермаркеты,"Куприна проспект, 24 к3",,108826,,Коммунарка,Москва,,Москва,Россия,Пн: 08:00-23:00; Вт: 08:00-23:00; Ср: 08:00-23:00; Чт: 08:00-23:00; Пт: 08:00-23:00; Сб: 08:00-23:00; Вс: 08:00-23:00,+03:00,1.0,4,88007700400,,,info@x5.ru,,,http://5ka.ru/catalog?utm_source=2gis&utm_medium=cpm&utm_campaign=000161-17_igronik_media_5ka_promo_04_2026%7Cformat_banner%7Ctype_banner&utm_content=%7Ccreo_1&utm_term,http://max.ru/tspyaterochka,,,,,https://twitter.com/pyaterochka,,,,,,https://vk.com/pyaterochka_shop,,,,,,,,,,,,,,,,,,70000001094557937,55.544474,37.477844,70030076194800725,,,3347,4504136498316193,Пятёрочка,супермаркет,Супермаркеты,mart,1,10,2026-04-29T06:26:06Z,,0,32,https://2gis.com/firm/70000001094557937,branch,241,https://2gis.ru/moscow/search/Супермаркеты/rubricId/350/filters/district_id=4504209520926899
"Caravan, универмаг",,Продовольственные магазины; Супермаркеты; Колбасные изделия; Кондитерские изделия,"Флерова, 3",,,,,,,,,,,,,,,,,,,,,,,,,,,,,,,,,,,,,,,,,,,,,,,,,145266870003267,,,,,,1,145275459927704,"Caravan, универмаг",,,,4,0,2018-09-26T14:30:56Z,,0,1,https://2gis.com/firm/145266870003267,branch,241,https://2gis.ru/moscow/search/Супермаркеты/rubricId/350/filters/district_id=4504209520926899
